claim_id_extracted,input_base,input_ours,true_label_base,predicted_label_ours,error_category
The term '420' entered drug parlance as a term signifying the time to light up a joint.,"<s>[INST] You are a multilingual fact-checking expert. You are given a news claim along with raw evidence related to the claim. Do not consider any other evidence. Your task is to evaluate the veracity of the claim based solely on the provided raw evidence.

 Output your answer in exactly the following format:
 Claim Veracity: [label]

 Answer with one word: SUPPORTED, REFUTED, NEI

##Instruction: Classify the given English claim into one of the three categories (SUPPORTED, REFUTED, NEI) based on the provided evidence.

1. SUPPORTED: Fully supported by the evidence.
2. REFUTED: Clearly contradicted or unsupported by the evidence.
3. NEI: Not enough information to make a decision.

Provide exactly one label.

##input: Claim: The term '420' entered drug parlance as a term signifying the time to light up a joint.

Evidences:
Evidence_1: ## The story of how the code '420' entered drug parlance as a term signifying the time to light up a joint. ** Image courtesy of Steve Russell/Toronto Star via Getty Images **
The term '420' entered drug parlance as a term signifying the time to light up a joint. Odd terms sneak into our language every now and then, and this is one of the oddest. Everyone who considers himself in the know about the drug subculture has heard that has something to do with illegal drug use, but when you press them, they never seem to know why, or even what the term supposedly signifies. It's both more and less than people make it out to be. The term '420' began its sub-rosa linguistic career in 1971 as a bit of slang casually used by a group of high school kids (known as ""Waldos"") at San Rafael High School in California. The term '420' (always pronounced ""four-twenty,"" never ""four hundred and twenty"") came to be an accepted part of the argot within that group of about a dozen pot smokers, beginning as a reminder of the time they planned to meet to light up, 4:20 p.m.:
> [The 420] origins appear to lie in the escapades of a group of friends from San Rafael high school, northern California, in 1971. That autumn, the five teenagers came into possession of a hand-drawn map supposedly locating a marijuana crop at Point Reyes, north-west of San Francisco. > The friends — who called themselves the Waldos because they used to hang out by a wall — met after school, at 4:20 pm, and drove off on their treasure hunt. They never found the plot. ""We were smoking a lot of weed at the time,"" says Dave Reddix or Waldo Dave, now a filmmaker. ""Half the fun was just going looking for it."" The group began using the term 420. So did friends and acquaintances, who included — at a couple of steps removed — members of the Grateful Dead rock band. The term spread among the band's fans, known as Deadheads. > Then in 1990 Steve Bloom, an editor at , saw 420 explained on a Grateful Dead concert flyer. Staff on the magazine, long the leading publication on marijuana, started using it. Keep in mind this wasn't a general call to all dope smokers everywhere to toke up at twenty past four every day; it was twelve kids who'd made a date to meet after school near a certain statue. It's thus incorrect to deem that '420' originated as the designation of a national or international dope-smoking time, even though the term began as a reference to a particular time of day, as the originators of that term explained:
> The Waldos met at 4:20 for exactly all of the reasons we have discussed in the past:
> The time we got out of school was approximately 3 p.m., but some of us had after school sports activities that lasted until after 4 p.m. > There was just enough time to get back to the statue of Louis Pasteur to smoke and look for the pot fields drawn in a treasure map. These days '420' is used as a generic way of declaring one likes to use marijuana or just as a term for the substance itself. Its earliest connotation of having to do with the time a certain group of students congregated to smoke wacky tobaccy is unknown to many of those who now employ the term. Indeed, most instead believe one or more of the many spurious explanations that have since grown up about this much abused short form:
  * _420 is the penal code section for marijuana use in California._ Nope. Section 420 of the California penal code refers to obstructing entry on public land. The penal codes of other states list different entries for 420, but none of them matches anything having to do with marijuana. However, on 1 January 2004 the Governor of California signed that state's , which regulates marijuana used for medical purposes. This bill comes years after the term '420' was associated with marijuana and indeed its number likely was chosen because of the existing pop culture connection. This is the tail wagging the dog, not the other way around. * _It's the Los Angeles or New York police radio code for marijuana smoking in progress._ It's not the for anything, let alone that. * _It's the number of chemical compounds in marijuana._ The number of chemical compounds in marijuana is 315, according to the folks at magazine. * _April 20 is the date that Jim Morrison, Jimi Hendrix, or Janis Joplin died._ Though these performers were strongly identified with drug use during their brief lifetimes and the emerging drug culture after their demises, none of them kicked the bucket on April 20. Morrison died on July 3, Hendrix on September 18, and Joplin on October 4. * _The 20th of April is the best time to plant marijuana._ There's no one ""best time"" — that answer would change from one part of the country to another, or even one country to another. * _Albert Hofmann took the first deliberate LSD trip at 4:20 on 19 April 1943._ This was indeed the case — his lab notes back this up. But this wasn't the source of ""420,"" just an oddball coincidence. (For the pedants out there, Hofmann's first LSD trip, which was accidental, took place on 16 April 1943.)
  * _It's the code you send to your drug dealer's pager._ Yeah, right. All drug dealers recognize a '420' page as ""Please be waiting on the corner with my baggie of wildwood weed.""
  * _When the Grateful Dead toured, they always stayed in Room 420._ Untrue, says Grateful Dead Productions spokesman Dennis McNally. Spurious etymologies and uncertain definition aside, '420' has slipped into a position of semi-respectability within the English lexicon. Various free-wheeling cities annually celebrate ""hemp fests"" on April 20. There's a 4:20 record label in California, and a band called 4:20. Atlanta's Sweetwater Brewing Co. sells its 420 Pale Ale in supermarkets and opens its doors to the public at 4:20 p.m. Mondays through Thursdays. New York's 420 Tours sells low-cost travel packages to the Netherlands and Jamaica. Highway 420 Radio broadcasts ""music for the chemically enhanced."" And in 2001, the forReal.org web site of the U.S. Department of Health and Human Services' Center for Substance Abuse Prevention put out a public service document titled, ""It's 4:20 — Do You Know Where Your Teen Is?""
420s are routinely slipped into popular movies and television shows. In _Fast Times at Ridgemont High_ the score of the football game was 42-0. Most of the clocks in are set to 4:20 (but not all: when the kid receives the watch it's set at 9:00). And there are many other instances, so keep your eyes peeled. However, as amusing as it is to tie 420 to pot smoking and hunt for it in popular movies, the number has its dark side. Hitler was born on 20 April 1889, and the massacre of 13 victims at in Colorado took place on 20 April 1999. Gaura, Maria Alicia. 

 ##output: [/INST]","<s>[INST] You are a multilingual fact-checking expert. Classify the claim into: SUPPORTED, REFUTED, NEI.

Output format:
Claim Veracity: [label]

##Instruction: Classify the given English claim into: SUPPORTED, REFUTED, NEI.
Provide exactly one label.

##input: Claim: The term '420' entered drug parlance as a term signifying the time to light up a joint.

Evidences:
Evidence_1: ## The story of how the code '420' entered drug parlance as a term signifying the time to light up a joint. ** Image courtesy of Steve Russell/Toronto Star via Getty Images **
The term '420' entered drug parlance as a term signifying the time to light up a joint. Odd terms sneak into our language every now and then, and this is one of the oddest. Everyone who considers himself in the know about the drug subculture has heard that has something to do with illegal drug use, but when you press them, they never seem to know why, or even what the term supposedly signifies. It's both more and less than people make it out to be. The term '420' began its sub-rosa linguistic career in 1971 as a bit of slang casually used by a group of high school kids (known as ""Waldos"") at San Rafael High School in California. The term '420' (always pronounced ""four-twenty,"" never ""four hundred and twenty"") came to be an accepted part of the argot within that group of about a dozen pot smokers, beginning as a reminder of the time they planned to meet to light up, 4:20 p.m.:
> [The 420] origins appear to lie in the escapades of a group of friends from San Rafael high school, northern California, in 1971. That autumn, the five teenagers came into possession of a hand-drawn map supposedly locating a marijuana crop at Point Reyes, north-west of San Francisco. > The friends — who called themselves the Waldos because they used to hang out by a wall — met after school, at 4:20 pm, and drove off on their treasure hunt. They never found the plot. ""We were smoking a lot of weed at the time,"" says Dave Reddix or Waldo Dave, now a filmmaker.

Evidence_2: The term '420' (always pronounced ""four-twenty,"" never ""four hundred and twenty"") came to be an accepted part of the argot within that group of about a dozen pot smokers, beginning as a reminder of the time they planned to meet to light up, 4:20 p.m.:
> [The 420] origins appear to lie in the escapades of a group of friends from San Rafael high school, northern California, in 1971. That autumn, the five teenagers came into possession of a hand-drawn map supposedly locating a marijuana crop at Point Reyes, north-west of San Francisco. > The friends — who called themselves the Waldos because they used to hang out by a wall — met after school, at 4:20 pm, and drove off on their treasure hunt. They never found the plot. ""We were smoking a lot of weed at the time,"" says Dave Reddix or Waldo Dave, now a filmmaker. ""Half the fun was just going looking for it."" The group began using the term 420. So did friends and acquaintances, who included — at a couple of steps removed — members of the Grateful Dead rock band. The term spread among the band's fans, known as Deadheads. > Then in 1990 Steve Bloom, an editor at , saw 420 explained on a Grateful Dead concert flyer. Staff on the magazine, long the leading publication on marijuana, started using it. Keep in mind this wasn't a general call to all dope smokers everywhere to toke up at twenty past four every day; it was twelve kids who'd made a date to meet after school near a certain statue.

Evidence_3: It's thus incorrect to deem that '420' originated as the designation of a national or international dope-smoking time, even though the term began as a reference to a particular time of day, as the originators of that term explained:
> The Waldos met at 4:20 for exactly all of the reasons we have discussed in the past:
> The time we got out of school was approximately 3 p.m., but some of us had after school sports activities that lasted until after 4 p.m.
> There was just enough time to get back to the statue of Louis Pasteur to smoke and look for the pot fields drawn in a treasure map. These days '420' is used as a generic way of declaring one likes to use marijuana or just as a term for the substance itself. Its earliest connotation of having to do with the time a certain group of students congregated to smoke wacky tobaccy is unknown to many of those who now employ the term. Indeed, most instead believe one or more of the many spurious explanations that have since grown up about this much abused short form:
  * _420 is the penal code section for marijuana use in California._ Nope. Section 420 of the California penal code refers to obstructing entry on public land. The penal codes of other states list different entries for 420, but none of them matches anything having to do with marijuana. However, on 1 January 2004 the Governor of California signed that state's , which regulates marijuana used for medical purposes. This bill comes years after the term '420' was associated with marijuana and indeed its number likely was chosen because of the existing pop culture connection. This is the tail wagging the dog, not the other way around.

Evidence_4: ""Half the fun was just going looking for it."" The group began using the term 420. So did friends and acquaintances, who included — at a couple of steps removed — members of the Grateful Dead rock band. The term spread among the band's fans, known as Deadheads. > Then in 1990 Steve Bloom, an editor at , saw 420 explained on a Grateful Dead concert flyer. Staff on the magazine, long the leading publication on marijuana, started using it. Keep in mind this wasn't a general call to all dope smokers everywhere to toke up at twenty past four every day; it was twelve kids who'd made a date to meet after school near a certain statue. It's thus incorrect to deem that '420' originated as the designation of a national or international dope-smoking time, even though the term began as a reference to a particular time of day, as the originators of that term explained:
> The Waldos met at 4:20 for exactly all of the reasons we have discussed in the past:
> The time we got out of school was approximately 3 p.m., but some of us had after school sports activities that lasted until after 4 p.m.
> There was just enough time to get back to the statue of Louis Pasteur to smoke and look for the pot fields drawn in a treasure map. These days '420' is used as a generic way of declaring one likes to use marijuana or just as a term for the substance itself.

Evidence_5: Its earliest connotation of having to do with the time a certain group of students congregated to smoke wacky tobaccy is unknown to many of those who now employ the term. Indeed, most instead believe one or more of the many spurious explanations that have since grown up about this much abused short form:
  * _420 is the penal code section for marijuana use in California._ Nope. Section 420 of the California penal code refers to obstructing entry on public land. The penal codes of other states list different entries for 420, but none of them matches anything having to do with marijuana. However, on 1 January 2004 the Governor of California signed that state's , which regulates marijuana used for medical purposes. This bill comes years after the term '420' was associated with marijuana and indeed its number likely was chosen because of the existing pop culture connection. This is the tail wagging the dog, not the other way around. * _It's the Los Angeles or New York police radio code for marijuana smoking in progress._ It's not the for anything, let alone that. * _It's the number of chemical compounds in marijuana._ The number of chemical compounds in marijuana is 315, according to the folks at magazine. * _April 20 is the date that Jim Morrison, Jimi Hendrix, or Janis Joplin died._ Though these performers were strongly identified with drug use during their brief lifetimes and the emerging drug culture after their demises, none of them kicked the bucket on April 20. Morrison died on July 3, Hendrix on September 18, and Joplin on October 4. * _The 20th of April is the best time to plant marijuana._ There's no one ""best time"" — that answer would change from one part of the country to another, or even one country to another.

##output: [/INST]",supported,nei,
A student mistook examples of unsolved statistics problems for a homework assignment and solved them.,"<s>[INST] You are a multilingual fact-checking expert. You are given a news claim along with raw evidence related to the claim. Do not consider any other evidence. Your task is to evaluate the veracity of the claim based solely on the provided raw evidence.

 Output your answer in exactly the following format:
 Claim Veracity: [label]

 Answer with one word: SUPPORTED, REFUTED, NEI

##Instruction: Classify the given English claim into one of the three categories (SUPPORTED, REFUTED, NEI) based on the provided evidence.

1. SUPPORTED: Fully supported by the evidence.
2. REFUTED: Clearly contradicted or unsupported by the evidence.
3. NEI: Not enough information to make a decision.

Provide exactly one label.

##input: Claim: A student mistook examples of unsolved statistics problems for a homework assignment and solved them.

Evidences:
Evidence_1: # The Legend of the 'Unsolvable Math Problem'
## A student mistook examples of unsolved math problems for a homework assignment and solved them. A student mistook examples of unsolved statistics problems for a homework assignment and solved them. A legend about the ""unsolvable math problem"" combines one of the ultimate academic wish-fulfillment fantasies — a student not only proves himself the smartest one in his class, but also bests his professor and every other scholar in his field of study — with a ""positive thinking"" motif that turns up in urban legends: when people are free to pursue goals unfettered by presumed limitations on what they can accomplish, they just may manage some extraordinary feats through the combined application of native talent and hard work:
> A young college student was working hard in an upper-level math course, for fear that he would be unable to pass. On the night before the final, he studied so long that he overslept the morning of the test. > When he ran into the classroom several minutes late, he found three equations written on the blackboard. The first two went rather easily, but the third one seemed impossible. He worked frantically on it until — just ten minutes short of the deadline — he found a method that worked, and he finished the problems just as time was called. > The student turned in his test paper and left. That evening he received a phone call from his professor. ""Do you realize what you did on the test today?"" he shouted at the student. > ""Oh, no,"" thought the student. I must not have gotten the problems right after all. > ""You were only supposed to do the first two problems,"" the professor explained. ""That last one was an example of an equation that mathematicians since Einstein have been trying to solve without success. I discussed it with the class before starting the test. And you just solved it!""
And this particular version is all the more interesting for being based on a real-life incident! One day in 1939, George Bernard Dantzig, a doctoral candidate at the University of California, Berkeley, arrived late for a graduate-level statistics class and found two problems written on the board. Not knowing they were examples of ""unsolved"" statistics problems, he mistook them for part of a homework assignment, jotted them down, and solved them. (The equations Dantzig tackled are more accurately described not as unsolvable problems, but rather as unproven statistical theorems for which he worked out proofs.)
Six weeks later, Dantzig's statistics professor notified him that he had prepared one of his two ""homework"" proofs for publication, and Dantzig was given co-author credit on a second paper several years later when another mathematician independently worked out the same solution to the second problem. George Dantzig recounted his feat in a 1986 interview for the :
> It happened because during my first year at Berkeley I arrived late one day at one of [Jerzy] Neyman's classes. On the blackboard there were two problems that I assumed had been assigned for homework. I copied them down. A few days later I apologized to Neyman for taking so long to do the homework — the problems seemed to be a little harder than usual. I asked him if he still wanted it. He told me to throw it on his desk. I did so reluctantly because his desk was covered with such a heap of papers that I feared my homework would be lost there forever. About six weeks later, one Sunday morning about eight o'clock, [my wife] Anne and I were awakened by someone banging on our front door. It was Neyman. He rushed in with papers in hand, all excited: ""I've just written an introduction to one of your papers. Read it so I can send it out right away for publication."" For a minute I had no idea what he was talking about. To make a long story short, the problems on the blackboard that I had solved thinking they were homework were in fact two famous unsolved problems in statistics. That was the first inkling I had that there was anything special about them. > A year later, when I began to worry about a thesis topic, Neyman just shrugged and told me to wrap the two problems in a binder and he would accept them as my thesis. > The second of the two problems, however, was not published until after World War II. It happened this way. Around 1950 I received a letter from Abraham Wald enclosing the final galley proofs of a paper of his about to go to press in the Someone had just pointed out to him that the main result in his paper was the same as the second ""homework"" problem solved in my thesis. I wrote back suggesting we publish jointly. He simply inserted my name as coauthor into the galley proof. Dr. Dantzig also explained how his story passed into the realm of urban legendry:
> The other day, as I was taking an early morning walk, I was hailed by Don Knuth as he rode by on his bicycle. He is a colleague at Stanford. He stopped and said, ""Hey, George — I was visiting in Indiana recently and heard a sermon about you in church. Do you know that you are an influence on Christians of middle America?"" I looked at him, amazed. ""After the sermon,"" he went on, ""the minister came over and asked me if I knew a George Dantzig at Stanford, because that was the name of the person his sermon was about.""
> The origin of that minister's sermon can be traced to another Lutheran minister, the Reverend Schuler [sic] of the Crystal Cathedral in Los Angeles. He told me his ideas about thinking positively, and I told him my story about the homework problems and my thesis. A few months later I received a letter from him asking permission to include my story in a book he was writing on the power of positive thinking. Schuler's published version was a bit garbled and exaggerated but essentially correct. 

 ##output: [/INST]","<s>[INST] You are a multilingual fact-checking expert. Classify the claim into: SUPPORTED, REFUTED, NEI.

Output format:
Claim Veracity: [label]

##Instruction: Classify the given English claim into: SUPPORTED, REFUTED, NEI.
Provide exactly one label.

##input: Claim: A student mistook examples of unsolved statistics problems for a homework assignment and solved them.

Evidences:
Evidence_1: # The Legend of the 'Unsolvable Math Problem'
## A student mistook examples of unsolved math problems for a homework assignment and solved them. A student mistook examples of unsolved statistics problems for a homework assignment and solved them. A legend about the ""unsolvable math problem"" combines one of the ultimate academic wish-fulfillment fantasies — a student not only proves himself the smartest one in his class, but also bests his professor and every other scholar in his field of study — with a ""positive thinking"" motif that turns up in urban legends: when people are free to pursue goals unfettered by presumed limitations on what they can accomplish, they just may manage some extraordinary feats through the combined application of native talent and hard work:
> A young college student was working hard in an upper-level math course, for fear that he would be unable to pass. On the night before the final, he studied so long that he overslept the morning of the test. > When he ran into the classroom several minutes late, he found three equations written on the blackboard. The first two went rather easily, but the third one seemed impossible. He worked frantically on it until — just ten minutes short of the deadline — he found a method that worked, and he finished the problems just as time was called. > The student turned in his test paper and left. That evening he received a phone call from his professor. ""Do you realize what you did on the test today?"" he shouted at the student. > ""Oh, no,"" thought the student. I must not have gotten the problems right after all. > ""You were only supposed to do the first two problems,"" the professor explained. ""That last one was an example of an equation that mathematicians since Einstein have been trying to solve without success. I discussed it with the class before starting the test.

Evidence_2: And you just solved it!"" And this particular version is all the more interesting for being based on a real-life incident! One day in 1939, George Bernard Dantzig, a doctoral candidate at the University of California, Berkeley, arrived late for a graduate-level statistics class and found two problems written on the board. Not knowing they were examples of ""unsolved"" statistics problems, he mistook them for part of a homework assignment, jotted them down, and solved them. (The equations Dantzig tackled are more accurately described not as unsolvable problems, but rather as unproven statistical theorems for which he worked out proofs.) Six weeks later, Dantzig's statistics professor notified him that he had prepared one of his two ""homework"" proofs for publication, and Dantzig was given co-author credit on a second paper several years later when another mathematician independently worked out the same solution to the second problem. George Dantzig recounted his feat in a 1986 interview for the :
> It happened because during my first year at Berkeley I arrived late one day at one of [Jerzy] Neyman's classes. On the blackboard there were two problems that I assumed had been assigned for homework. I copied them down. A few days later I apologized to Neyman for taking so long to do the homework — the problems seemed to be a little harder than usual. I asked him if he still wanted it. He told me to throw it on his desk.

Evidence_3: On the night before the final, he studied so long that he overslept the morning of the test. > When he ran into the classroom several minutes late, he found three equations written on the blackboard. The first two went rather easily, but the third one seemed impossible. He worked frantically on it until — just ten minutes short of the deadline — he found a method that worked, and he finished the problems just as time was called. > The student turned in his test paper and left. That evening he received a phone call from his professor. ""Do you realize what you did on the test today?"" he shouted at the student. > ""Oh, no,"" thought the student. I must not have gotten the problems right after all. > ""You were only supposed to do the first two problems,"" the professor explained. ""That last one was an example of an equation that mathematicians since Einstein have been trying to solve without success. I discussed it with the class before starting the test. And you just solved it!"" And this particular version is all the more interesting for being based on a real-life incident! One day in 1939, George Bernard Dantzig, a doctoral candidate at the University of California, Berkeley, arrived late for a graduate-level statistics class and found two problems written on the board. Not knowing they were examples of ""unsolved"" statistics problems, he mistook them for part of a homework assignment, jotted them down, and solved them. (The equations Dantzig tackled are more accurately described not as unsolvable problems, but rather as unproven statistical theorems for which he worked out proofs.)

Evidence_4: I did so reluctantly because his desk was covered with such a heap of papers that I feared my homework would be lost there forever. About six weeks later, one Sunday morning about eight o'clock, [my wife] Anne and I were awakened by someone banging on our front door. It was Neyman. He rushed in with papers in hand, all excited: ""I've just written an introduction to one of your papers. Read it so I can send it out right away for publication."" For a minute I had no idea what he was talking about. To make a long story short, the problems on the blackboard that I had solved thinking they were homework were in fact two famous unsolved problems in statistics. That was the first inkling I had that there was anything special about them. > A year later, when I began to worry about a thesis topic, Neyman just shrugged and told me to wrap the two problems in a binder and he would accept them as my thesis. > The second of the two problems, however, was not published until after World War II. It happened this way. Around 1950 I received a letter from Abraham Wald enclosing the final galley proofs of a paper of his about to go to press in the Someone had just pointed out to him that the main result in his paper was the same as the second ""homework"" problem solved in my thesis. I wrote back suggesting we publish jointly. He simply inserted my name as coauthor into the galley proof. Dr. Dantzig also explained how his story passed into the realm of urban legendry:
> The other day, as I was taking an early morning walk, I was hailed by Don Knuth as he rode by on his bicycle. He is a colleague at Stanford.

Evidence_5: Six weeks later, Dantzig's statistics professor notified him that he had prepared one of his two ""homework"" proofs for publication, and Dantzig was given co-author credit on a second paper several years later when another mathematician independently worked out the same solution to the second problem. George Dantzig recounted his feat in a 1986 interview for the :
> It happened because during my first year at Berkeley I arrived late one day at one of [Jerzy] Neyman's classes. On the blackboard there were two problems that I assumed had been assigned for homework. I copied them down. A few days later I apologized to Neyman for taking so long to do the homework — the problems seemed to be a little harder than usual. I asked him if he still wanted it. He told me to throw it on his desk. I did so reluctantly because his desk was covered with such a heap of papers that I feared my homework would be lost there forever. About six weeks later, one Sunday morning about eight o'clock, [my wife] Anne and I were awakened by someone banging on our front door. It was Neyman. He rushed in with papers in hand, all excited: ""I've just written an introduction to one of your papers. Read it so I can send it out right away for publication."" For a minute I had no idea what he was talking about. To make a long story short, the problems on the blackboard that I had solved thinking they were homework were in fact two famous unsolved problems in statistics. That was the first inkling I had that there was anything special about them.

##output: [/INST]",supported,nei,
"TheHousebudget plan proposes ""the largest discretionary spending cut in history.","<s>[INST] You are a multilingual fact-checking expert. You are given a news claim along with raw evidence related to the claim. Do not consider any other evidence. Your task is to evaluate the veracity of the claim based solely on the provided raw evidence.

 Output your answer in exactly the following format:
 Claim Veracity: [label]

 Answer with one word: SUPPORTED, REFUTED, NEI

##Instruction: Classify the given English claim into one of the three categories (SUPPORTED, REFUTED, NEI) based on the provided evidence.

1. SUPPORTED: Fully supported by the evidence.
2. REFUTED: Clearly contradicted or unsupported by the evidence.
3. NEI: Not enough information to make a decision.

Provide exactly one label.

##input: Claim: TheHousebudget plan proposes ""the largest discretionary spending cut in history.""

Evidences:
Evidence_1: Rep. Bob Goodlatte, a Republican from Roanoke, supported deep budget cuts approved by the GOP-led House on Feb 19. In a posted on his website six days later, Goodlatte said the bill cuts $100 billion. ""This represents the largest discretionary spending cut in history,"" Goodlatte said. Kathryn Rexrode, a spokeswoman for Goodlatte, said her boss’ statement has been widely uttered by interest groups and members of Congress, including Rep. Hal Rogers, R-Ky, chairman of the House Appropriations Committee. We wondered if the cuts would be truly historic. First, an important detail: The $100 billion figure that Goodlatte and other Republicans are using represents the amount the House would ax from President Barack Obama’s 2011 budget proposal. Budget analysts from conservative and liberal organizations told us it is more meaningful to say the House proposal would cut spending by $61 billion, which is the amount it would excise from the 2010 federal budget. The Senate, by contrast, wants to pare $10.5 billion from last year’s budget. So our goal is to see whether U.S. discretionary spending was ever reduced by more than $61 billion from one budget to the next. Discretionary spending is the money the federal government pays out through a dozen or so appropriation bills Congress approves each year. It adds up to about 40 percent of the national budget and includes a variety of services such as defense, law enforcement, transportation and national parks. If you’re curious, non-discretionary spending largely refers to three benefit programs Congress is required to fund at certain levels: social security, Medicare and Medicaid. We didn’t go back to the 1st Congress in 1789 to determine whether the proposed spending cut is indeed historic. The annual federal budget did not exceed $61 billion -- the amount the House wants to cut this year -- until 1943. We analyzed from the Office of Management and Budget. To roughly compute discretionary spending each year since 1943, we took the total budget outlay and subtracted the costs of Social Security and interest payments on government loans. The nation began paying for Medicare and Medicaid in the 1966 budget so starting that year, we also subtracted the cost of those programs. The largest reductions came after World War II as the U.S. was returning to peace. Discretionary spending dropped by about $38.5 billion in 1946 about $21 billion in 1947 -- entirely because of defense cuts. There have been a few other years when discretionary funding has dipped by smaller amounts: in the mid 1950s after the Korean War and in 1965. The feat was last accomplished in 1996, when discretionary spending dropped $12.1 billion. All of those numbers are smaller than the $61 billion the House wants to cut this year, so Godlatte’s claim is technically correct. But the post-World War II cuts, when adjusted for their times and inflation, were far greater in magnitude than anything being considered today. The 1946 cuts represented a 43 percent reduction in discretionary spending and 1947 brought another 41 percent cut. In contrast, this year’s House plan proposes a 4.5 percent drop. When adjusted for inflation, the 1946 cuts equal about $438 billion worth of reductions in today’s dollars -- more than seven times the reductions in the House budget. The 1947 cuts come to about $207 billion in today’s dollars. One final point: While the post World War II reductions came from military spending, this year’s House proposal would shield defense from cuts. Let’s review: Goodlatte says the proposed House budget would be ""the largest discretionary spending cut in history."" The plan would pare $61 billion from last year’s discretionary budget. In terms of raw numbers, Goodlatte is correct. The closest Congress came to that number was about a $38.5 reduction in 1946 and about a $21 billion lop the following year. But the magnitude of those post-war cuts, when adjusted for inflation and the percentage of non-discretionary spending they represented at the time, far outstrips this year’s House proposal. Goodlatte’s statement is accurate but benefits from clarification. We rate it Mostly True. stated on October 12, 2010 in an interview on Comedy Central's Daily Show with Jon Stewart 
 In the past two years, Democrats have ""spent more money than this country has spent in the last 200 years combined."" 
 The Principles of the Truth-O-Meter 
Bob Goodlatte, Putting an End to the Spending Spree, Feb. 25, 2011. Douglas Elmendorf, Options for Reducing the Deficit, March 10, 2011. Congressional Budget Office, Budget and Economic Outlook: Historical Budget Data, January, 2011. Office of Management and Budget, Outlays by Superfunction and Function, 1940-2016. Interviews with Brian Riedl, research fellow at the Heritage Foundation, March 15-16, 2011. Interview with Steve Ellis, Vice President of Taxpayers for Common Sense, March 15, 2011. Interview with Isabel Sawhill, senior fellow at the Brookings Institute, March 16, 2011. E-mail from Kathryn Rexrode, March 16, 2011. House Appropriations Committee, , March 11, 2011. House Appropriations Committee, , Feb. 11, 2011. House Appropriations Committee, Feb. 

 ##output: [/INST]","<s>[INST] You are a multilingual fact-checking expert. Classify the claim into: SUPPORTED, REFUTED, NEI.

Output format:
Claim Veracity: [label]

##Instruction: Classify the given English claim into: SUPPORTED, REFUTED, NEI.
Provide exactly one label.

##input: Claim: TheHousebudget plan proposes ""the largest discretionary spending cut in history.""

Evidences:
Evidence_1: In contrast, this year’s House plan proposes a 4.5 percent drop. When adjusted for inflation, the 1946 cuts equal about $438 billion worth of reductions in today’s dollars -- more than seven times the reductions in the House budget. The 1947 cuts come to about $207 billion in today’s dollars. One final point: While the post World War II reductions came from military spending, this year’s House proposal would shield defense from cuts. Let’s review: Goodlatte says the proposed House budget would be ""the largest discretionary spending cut in history."" The plan would pare $61 billion from last year’s discretionary budget. In terms of raw numbers, Goodlatte is correct. The closest Congress came to that number was about a $38.5 reduction in 1946 and about a $21 billion lop the following year. But the magnitude of those post-war cuts, when adjusted for inflation and the percentage of non-discretionary spending they represented at the time, far outstrips this year’s House proposal. Goodlatte’s statement is accurate but benefits from clarification.

Evidence_2: ###  Stand up for the facts! Our only agenda is to publish the truth so you can be an informed participant in democracy. We need your help. ###  I would like to contribute 
stated on February 25, 2011 in a column. : 
The House budget plan proposes ""the largest discretionary spending cut in history."" The U.S government got a three-week lease on life Thursday as Congress passed yet another stopgap that will fund federal operations through April 8. But the threat of a shutdown still lurks as Republicans and Democrats remain deadlocked on the magnitude of spending cuts for the 2011 federal budget, which runs through Sept.30. U.S. Rep. Bob Goodlatte, a Republican from Roanoke, supported deep budget cuts approved by the GOP-led House on Feb 19. In a posted on his website six days later, Goodlatte said the bill cuts $100 billion. ""This represents the largest discretionary spending cut in history,"" Goodlatte said.

Evidence_3: Kathryn Rexrode, a spokeswoman for Goodlatte, said her boss’ statement has been widely uttered by interest groups and members of Congress, including Rep. Hal Rogers, R-Ky, chairman of the House Appropriations Committee. We wondered if the cuts would be truly historic. First, an important detail: The $100 billion figure that Goodlatte and other Republicans are using represents the amount the House would ax from President Barack Obama’s 2011 budget proposal. Budget analysts from conservative and liberal organizations told us it is more meaningful to say the House proposal would cut spending by $61 billion, which is the amount it would excise from the 2010 federal budget. The Senate, by contrast, wants to pare $10.5 billion from last year’s budget. So our goal is to see whether U.S. discretionary spending was ever reduced by more than $61 billion from one budget to the next. Discretionary spending is the money the federal government pays out through a dozen or so appropriation bills Congress approves each year. It adds up to about 40 percent of the national budget and includes a variety of services such as defense, law enforcement, transportation and national parks. If you’re curious, non-discretionary spending largely refers to three benefit programs Congress is required to fund at certain levels: social security, Medicare and Medicaid. We didn’t go back to the 1st Congress in 1789 to determine whether the proposed spending cut is indeed historic. The annual federal budget did not exceed $61 billion -- the amount the House wants to cut this year -- until 1943. We analyzed from the Office of Management and Budget. To roughly compute discretionary spending each year since 1943, we took the total budget outlay and subtracted the costs of Social Security and interest payments on government loans.

Evidence_4: ###  I would like to contribute 
stated on February 25, 2011 in a column. : 
The House budget plan proposes ""the largest discretionary spending cut in history."" The U.S government got a three-week lease on life Thursday as Congress passed yet another stopgap that will fund federal operations through April 8. But the threat of a shutdown still lurks as Republicans and Democrats remain deadlocked on the magnitude of spending cuts for the 2011 federal budget, which runs through Sept.30. U.S. Rep. Bob Goodlatte, a Republican from Roanoke, supported deep budget cuts approved by the GOP-led House on Feb 19. In a posted on his website six days later, Goodlatte said the bill cuts $100 billion. ""This represents the largest discretionary spending cut in history,"" Goodlatte said. Kathryn Rexrode, a spokeswoman for Goodlatte, said her boss’ statement has been widely uttered by interest groups and members of Congress, including Rep. Hal Rogers, R-Ky, chairman of the House Appropriations Committee. We wondered if the cuts would be truly historic. First, an important detail: The $100 billion figure that Goodlatte and other Republicans are using represents the amount the House would ax from President Barack Obama’s 2011 budget proposal. Budget analysts from conservative and liberal organizations told us it is more meaningful to say the House proposal would cut spending by $61 billion, which is the amount it would excise from the 2010 federal budget. The Senate, by contrast, wants to pare $10.5 billion from last year’s budget. So our goal is to see whether U.S. discretionary spending was ever reduced by more than $61 billion from one budget to the next.

Evidence_5: Discretionary spending is the money the federal government pays out through a dozen or so appropriation bills Congress approves each year. It adds up to about 40 percent of the national budget and includes a variety of services such as defense, law enforcement, transportation and national parks. If you’re curious, non-discretionary spending largely refers to three benefit programs Congress is required to fund at certain levels: social security, Medicare and Medicaid. We didn’t go back to the 1st Congress in 1789 to determine whether the proposed spending cut is indeed historic. The annual federal budget did not exceed $61 billion -- the amount the House wants to cut this year -- until 1943. We analyzed from the Office of Management and Budget. To roughly compute discretionary spending each year since 1943, we took the total budget outlay and subtracted the costs of Social Security and interest payments on government loans. The nation began paying for Medicare and Medicaid in the 1966 budget so starting that year, we also subtracted the cost of those programs. The largest reductions came after World War II as the U.S. was returning to peace. Discretionary spending dropped by about $38.5 billion in 1946 about $21 billion in 1947 -- entirely because of defense cuts. There have been a few other years when discretionary funding has dipped by smaller amounts: in the mid 1950s after the Korean War and in 1965. The feat was last accomplished in 1996, when discretionary spending dropped $12.1 billion. All of those numbers are smaller than the $61 billion the House wants to cut this year, so Godlatte’s claim is technically correct. But the post-World War II cuts, when adjusted for their times and inflation, were far greater in magnitude than anything being considered today. The 1946 cuts represented a 43 percent reduction in discretionary spending and 1947 brought another 41 percent cut.

##output: [/INST]",supported,nei,
俄乌战场之外，西方六大谎言破产,"<s>[INST] You are a multilingual fact-checking expert. You are given a news claim along with raw evidence related to the claim. Do not consider any other evidence. Your task is to evaluate the veracity of the claim based solely on the provided raw evidence.

 Output your answer in exactly the following format:
 Claim Veracity: [label]

 Answer with one word: SUPPORTED, REFUTED, NEI

##Instruction: Classify the given Chinese claim into one of the three categories (SUPPORTED, REFUTED, NEI) based on the provided evidence.

1. SUPPORTED: Fully supported by the evidence.
2. REFUTED: Clearly contradicted or unsupported by the evidence.
3. NEI: Not enough information to make a decision.

Provide exactly one label.

##input: Claim: 俄乌战场之外，西方六大谎言破产

Evidences:
Evidence_1: [1]: ""事实与谎言：俄罗斯炮制关于乌克兰的虚假信息 - 美国驻华大使馆和领事馆""[2]: ""乌克兰战争：克里姆林宫的八大谎言 | 新闻幕后 | 半岛电视台""[3]: ""俄罗斯对乌克兰战争的今日发展 | 乌克兰战争 新闻 | 半岛电视台""[4]: ""谎言、争吵和欺诈：乌克兰战争中不光彩的美国志愿者 - 纽约时报中文网""[5]: ""俄罗斯如何将美国对乌克兰的援助计划变成弥天大谎？ | 政治 | 半岛电视台""您好，这是必应。我为您找到了以下五条相关消息：1. 事实与谎言：俄罗斯炮制关于乌克兰的虚假信息[^1^][1]。这篇文章指出，俄罗斯在乌克兰问题上散布了多种谎言，包括西方正在将乌克兰推向冲突、乌克兰政府是法西斯、俄罗斯没有在乌克兰境内部署军队等。2. 乌克兰战争：克里姆林宫的八大谎言[^2^][2]。这篇文章列举了俄罗斯关于乌克兰战争的八个不实之处，包括否认入侵乌克兰、指责乌克兰违反人道主义法、声称自己没有轰炸平民区等。3. 俄罗斯对乌克兰战争的今日发展[^3^][3]。这篇文章报道了2022年9月19日发生的一些事件，包括俄罗斯否认在哈尔科夫地区犯下战争罪行、俄罗斯袭击了乌克兰南部的核电站、俄罗斯在乌克兰损失了至少四架战斗机等。4. 谎言、争吵和欺诈：乌克兰战争中不光彩的美国志愿者[^4^][4]。这篇文章揭露了一些美国人在乌克兰战争中的不端行为，包括撒谎、盗窃、骚扰等。5. 俄罗斯如何将美国对乌克兰的援助计划变成弥天大谎？[^5^][5]。这篇文章分析了俄罗斯如何利用虚假信息来抹黑美国对乌克兰的支持，包括编造美国向乌克兰提供核武器、生化武器等。希望这些信息对您有帮助。😊 

 ##output: [/INST]","<s>[INST] You are a multilingual fact-checking expert. Classify the claim into: SUPPORTED, REFUTED, NEI.

Output format:
Claim Veracity: [label]

##Instruction: Classify the given Chinese claim into: SUPPORTED, REFUTED, NEI.
Provide exactly one label.

##input: Claim: 俄乌战场之外，西方六大谎言破产

Evidences:
Evidence_1: * 

人 民 网 版 权 所 有 ，未 经 书 面 授 权 禁 止 使 用 Copyright © 1997-2022 by www.people.com.cn. all rights reserved

##output: [/INST]",nei,supported,
264名乌克兰海军陆战队士兵向俄军投降,"<s>[INST] You are a multilingual fact-checking expert. You are given a news claim along with raw evidence related to the claim. Do not consider any other evidence. Your task is to evaluate the veracity of the claim based solely on the provided raw evidence.

 Output your answer in exactly the following format:
 Claim Veracity: [label]

 Answer with one word: SUPPORTED, REFUTED, NEI

##Instruction: Classify the given Chinese claim into one of the three categories (SUPPORTED, REFUTED, NEI) based on the provided evidence.

1. SUPPORTED: Fully supported by the evidence.
2. REFUTED: Clearly contradicted or unsupported by the evidence.
3. NEI: Not enough information to make a decision.

Provide exactly one label.

##input: Claim:  264名乌克兰海军陆战队士兵向俄军投降

Evidences:
Evidence_1: [1]: ""俄罗斯对乌克兰战争的今日发展 | 乌克兰战争 新闻 | 半岛电视台"" [2]: ""美国之音中文网新闻 - 美国之音中文网"" [3]: ""Google News""  以下是五篇相关新闻，每篇新闻都有详细的来源和内容：  1. 《环球时报》：乌克兰海军陆战队264人向俄罗斯投降，俄罗斯军方称将对其进行“人道主义待遇”[^1^][1]。 2. 《新华网》：乌克兰海军陆战队264人向俄罗斯投降，俄罗斯军方称将对其进行“人道主义待遇”[^2^][2]。 3. 《中国新闻网》：乌克兰海军陆战队264人向俄罗斯投降，俄罗斯军方称将对其进行“人道主义待遇”[^3^][3]。 4. 《央视新闻》：乌克兰海军陆战队264人向俄罗斯投降，俄罗斯军方称将对其进行“人道主义待遇”。 5. 《澎湃新闻》：乌克兰海军陆战队264人向俄罗斯投降，俄罗斯军方称将对其进行“人道主义待遇”。  希望这些信息能够帮到您。请问还有什么我可以帮助您的吗？ 

 ##output: [/INST]","<s>[INST] You are a multilingual fact-checking expert. Classify the claim into: SUPPORTED, REFUTED, NEI.

Output format:
Claim Veracity: [label]

##Instruction: Classify the given Chinese claim into: SUPPORTED, REFUTED, NEI.
Provide exactly one label.

##input: Claim:  264名乌克兰海军陆战队士兵向俄军投降

Evidences:


##output: [/INST]",nei,refuted,
加拿大面粉、乌克兰葵花籽油…… “进博同款”走进“早餐工程”,"<s>[INST] You are a multilingual fact-checking expert. You are given a news claim along with raw evidence related to the claim. Do not consider any other evidence. Your task is to evaluate the veracity of the claim based solely on the provided raw evidence.

 Output your answer in exactly the following format:
 Claim Veracity: [label]

 Answer with one word: SUPPORTED, REFUTED, NEI

##Instruction: Classify the given Chinese claim into one of the three categories (SUPPORTED, REFUTED, NEI) based on the provided evidence.

1. SUPPORTED: Fully supported by the evidence.
2. REFUTED: Clearly contradicted or unsupported by the evidence.
3. NEI: Not enough information to make a decision.

Provide exactly one label.

##input: Claim: 加拿大面粉、乌克兰葵花籽油…… “进博同款”走进“早餐工程”

Evidences:
Evidence_1: [1]: ""早餐的历史：早餐是从什么时候开始变得重要起来的？_私家历史_澎湃新闻-The Paper""[2]: ""【完整版】纪录片《走进比尔:解码比尔·盖茨》1 1080P中字 Inside Bill's Brain_ Decoding Bill ...""[3]: ""走进创业（南京大学）章节测试 - 知乎 - 知乎专栏""[4]: ""Why Ukraine-Russia Conflict Will Spike Sunflower Oil Prices - Time""[5]: ""Sunflower oil exports, crucial for Ukraine economy, are stuck - NBC News""[6]: ""Sunflower Oil ‘Vanishes’ as Ukraine War Grinds On""您好，这是必应。我没有找到与您的查询完全匹配的消息。我只找到了一些关于乌克兰葵花籽油的消息，但它们与“进博同款”或“早餐工程”没有直接关系。您能否提供更多的信息或更改您的查询？🙏 

 ##output: [/INST]","<s>[INST] You are a multilingual fact-checking expert. Classify the claim into: SUPPORTED, REFUTED, NEI.

Output format:
Claim Veracity: [label]

##Instruction: Classify the given Chinese claim into: SUPPORTED, REFUTED, NEI.
Provide exactly one label.

##input: Claim: 加拿大面粉、乌克兰葵花籽油…… “进博同款”走进“早餐工程”

Evidences:
Evidence_1: * 

人 民 网 版 权 所 有 ，未 经 书 面 授 权 禁 止 使 用 Copyright © 1997-2022 by www.people.com.cn. all rights reserved

##output: [/INST]",nei,supported,
俄乌代表团或将于29日在土耳其谈判 泽连斯基说乌方目标是尽快实现和平,"<s>[INST] You are a multilingual fact-checking expert. You are given a news claim along with raw evidence related to the claim. Do not consider any other evidence. Your task is to evaluate the veracity of the claim based solely on the provided raw evidence.

 Output your answer in exactly the following format:
 Claim Veracity: [label]

 Answer with one word: SUPPORTED, REFUTED, NEI

##Instruction: Classify the given Chinese claim into one of the three categories (SUPPORTED, REFUTED, NEI) based on the provided evidence.

1. SUPPORTED: Fully supported by the evidence.
2. REFUTED: Clearly contradicted or unsupported by the evidence.
3. NEI: Not enough information to make a decision.

Provide exactly one label.

##input: Claim: 俄乌代表团或将于29日在土耳其谈判 泽连斯基说乌方目标是尽快实现和平

Evidences:
Evidence_1: [1]: ""FOX 29 Philadelphia - YouTube""[2]: ""FOX 29 News Philadelphia""[3]: ""Live News Stream: FOX 29 News Philadelphia""[4]: ""回顾2022年：可视化俄乌战争进程 | 乌克兰战争 新闻 | 半岛电视台""[5]: ""俄乌战争 - 维基百科，自由的百科全书""[6]: ""各国对俄乌冲突持何种立场？ | 乌克兰战争 新闻 | 半岛电视台""根据网上搜索，以下是五条与您查询相关的新闻，以及详细的来源和内容：- 2023年2月21日，半岛电视台报道，各国对俄乌冲突持何种立场？[^1^][6] 文章分析了世界上三个不同的阵营——与乌克兰结盟的国家、对冲突持中立态度的国家以及捍卫俄罗斯的国家——以及他们在这场危机中的利益和动机。- 2023年2月15日，路透社报道，俄罗斯总统普京在莫斯科会见土耳其总统埃尔多安，讨论了俄乌冲突以及叙利亚和利比亚的局势。普京表示，俄罗斯愿意与土耳其合作，寻求地区问题的政治解决方案。- 2023年2月10日，美联社报道，美国总统拜登在白宫会见乌克兰总统泽连斯基，重申了美国对乌克兰主权和领土完整的支持。拜登还宣布了一项价值 50 亿美元的援助计划，旨在帮助乌克兰重建基础设施、改善能源安全和提高抵御俄罗斯侵略的能力。- 2023年2月5日，法新社报道，联合国安理会通过了一项决议，呼吁俄罗斯停止对乌克兰的军事行动，并恢复和平谈判。决议由美国、英国、法国等西方国家提出，得到了中国和印度等中立国家的支持。但是，俄罗斯和其盟友白俄罗斯、叙利亚、委内瑞拉等国投了反对票。- 2023年1月29日，新华社报道，俄乌代表团在土耳其首都安卡拉举行了一轮谈判，试图缓解两国之间的紧张局势。乌克兰总统泽连斯基在谈判前表示，乌方的目标是尽快实现和平，并呼吁俄罗斯撤回其在乌克兰边境部署的部队。而俄罗斯外长拉夫罗夫则指责乌克兰违反了2015年明斯克协议，并要求乌克兰尊重顿巴斯地区的自治权。希望这些信息对您有所帮助。😊 

 ##output: [/INST]","<s>[INST] You are a multilingual fact-checking expert. Classify the claim into: SUPPORTED, REFUTED, NEI.

Output format:
Claim Veracity: [label]

##Instruction: Classify the given Chinese claim into: SUPPORTED, REFUTED, NEI.
Provide exactly one label.

##input: Claim: 俄乌代表团或将于29日在土耳其谈判 泽连斯基说乌方目标是尽快实现和平

Evidences:
Evidence_1: * 

人 民 网 版 权 所 有 ，未 经 书 面 授 权 禁 止 使 用 Copyright © 1997-2022 by www.people.com.cn. all rights reserved

##output: [/INST]",nei,supported,
核战争打不得也打不赢！俄罗斯的非常警告,"<s>[INST] You are a multilingual fact-checking expert. You are given a news claim along with raw evidence related to the claim. Do not consider any other evidence. Your task is to evaluate the veracity of the claim based solely on the provided raw evidence.

 Output your answer in exactly the following format:
 Claim Veracity: [label]

 Answer with one word: SUPPORTED, REFUTED, NEI

##Instruction: Classify the given Chinese claim into one of the three categories (SUPPORTED, REFUTED, NEI) based on the provided evidence.

1. SUPPORTED: Fully supported by the evidence.
2. REFUTED: Clearly contradicted or unsupported by the evidence.
3. NEI: Not enough information to make a decision.

Provide exactly one label.

##input: Claim: 核战争打不得也打不赢！俄罗斯的非常警告

Evidences:
Evidence_1: [1]: ""太特么吓人了，五常突然很严肃地说不能打核战争 - 知乎""[2]: ""核战争打不赢也打不得？——《为什么核优势无关紧要》全文翻译 - 知乎""[3]: ""www.takungpao.com SEO scan""[4]: ""Russia repeats Putin’s new message against a nuclear war - AP NEWS""[5]: ""Russia: war can't be won, must never be fought""[6]: ""Russia repeats Putin’s new message against a nuclear war - AP NEWS""[7]: ""Nuclear war cannot be won and must never be fought: https://www.whitehouse.gov/briefing-room/statements-releases/2022/01/03/p5-statement-on-preventing-nuclear-war-and-avoiding-arms-races/ ""Joint Statement of the Leaders of the Five Nuclear-Weapon States on ...""[9]: ""Five of world’s most powerful nations pledge to avoid nuclear war""你好，这是必应。我找到了以下五条相关消息：1. 俄罗斯外交部周三重申了莫斯科的原则，即“核战争打不赢也打不得”，这一声明是在乌克兰战争持续升级，西方对使用核武器的担忧加剧之际发表的。外交部在其官方网站上强调，俄罗斯的军事学说“仅追求防御性目标”[^1^][5]。2. 俄罗斯一名官员周二两次重复了普京总统的新信息，即“核战争打不赢也打不得”，似乎试图收回普京在乌克兰入侵后的警告，即俄罗斯是一个“强大”的核大国，任何干涉都将导致“你从未见过的后果”[^2^][6]。3. 俄罗斯外交部长拉夫罗夫表示，俄罗斯将继续遵守《中导条约》，并敦促美国也这样做。他说，如果美国退出该条约，将对欧洲和全球安全造成严重威胁。他还说，俄罗斯不会首先使用核武器，但如果受到核攻击或面临生存威胁，将不得不采取相应措施[^3^][7]。4. 五个拥有核武器的国家的领导人发表了一份联合声明，承诺减少核战争爆发的风险，并避免核军备竞赛。他们表示，“我们坚持认为，核战争打不赢也打不得。由于使用核武器会产生深远的后果，我们也坚持认为，在我们继续致力于实现一个无核世界的过程中，核武器——只要它们继续存在——应该只用于防御目的”[^4^][8]。5. 五个最强大的国家同意“核战争打不赢也打不得”，并在一份罕见的联合承诺中表示要减少这种冲突爆发的风险。他们还表示要加强对《不扩散核武器条约》（NPT）的支持，并呼吁其他国家加入《全面禁止核试验条约》（CTBT）[^5^][9]。你对这些消息有什么看法？ 

 ##output: [/INST]","<s>[INST] You are a multilingual fact-checking expert. Classify the claim into: SUPPORTED, REFUTED, NEI.

Output format:
Claim Veracity: [label]

##Instruction: Classify the given Chinese claim into: SUPPORTED, REFUTED, NEI.
Provide exactly one label.

##input: Claim: 核战争打不得也打不赢！俄罗斯的非常警告

Evidences:


##output: [/INST]",supported,refuted,
"Vladimir Putin said North Korea doesn't have nuclear weapons, but does possess trillions of dollars in mineral wealth.","<s>[INST] You are a multilingual fact-checking expert. You are given a news claim along with raw evidence related to the claim. Do not consider any other evidence. Your task is to evaluate the veracity of the claim based solely on the provided raw evidence.

 Output your answer in exactly the following format:
 Claim Veracity: [label]

 Answer with one word: SUPPORTED, REFUTED, NEI

##Instruction: Classify the given English claim into one of the three categories (SUPPORTED, REFUTED, NEI) based on the provided evidence.

1. SUPPORTED: Fully supported by the evidence.
2. REFUTED: Clearly contradicted or unsupported by the evidence.
3. NEI: Not enough information to make a decision.

Provide exactly one label.

##input: Claim: Vladimir Putin said North Korea doesn't have nuclear weapons, but does possess trillions of dollars in mineral wealth.

Evidences:
Evidence_1: # Did Vladimir Putin Say North Korea Doesn't Have Nuclear Weapons But Has 'Trillions' in Minerals? ## We found no evidence that the Russian president made this comment. ** Image courtesy of Ververidis Vasilis / Shutterstock.com **
Vladimir Putin said North Korea doesn't have nuclear weapons, but does possess trillions of dollars in mineral wealth. On 11 August 2017, the disreputable web site posted a story reporting that Russia's president Vladimir Putin made remarks indicating that the United States was threatening war with North Korea not over nuclear weapons, but because of hopes of exploiting ""trillions"" of dollars worth in minerals supposedly untapped in the normally isolated, autocratic nation. Neon Nettle attributes the following remarks to the Russian president:
> [North Korea] don't have any nuclear weapons. This is a lie being forced on the people by the corporate-owned Western media. > They know they can easily provoke the North Koreans and they will react, but the story that they are a threat is false. I will tell you the facts about North Korea: They don't have nuclear bombs. They don't have Western-controlled banks. They don't depend on the US dollar. What they do have is a land full of wealth in unmined minerals. We could find no evidence that Putin made these remarks — the comment is not quoted in any publication outside of Neon Nettle, a web site that propagates and pushes conspiracy theories and fake news. For example, Neon Nettle was one of the many disreputable web sites that pushed the thoroughly debunked conspiracy theory, which also held that Hillary Clinton was involved with a pedophile ring being run out of a New York pizza parlor. They also reported (again falsely) that Soundgarden and Linkin Park singers Chris Cornell and Chester Bennington, respectively, had been because they were about to reveal a pedophile ring. (Both men committed suicide, and there has been absolutely no evidence that they were aware of or otherwise involved in a pedophile ring.)
We found no evidence that Putin made these remarks, although Neon Nettle does accurately cite the online business magazine , which did report that North Korea may be sitting on mineral deposits worth vast sums of money:
> Estimates as to the value of the nation’s mineral resources have varied greatly over the years, made difficult by secrecy and lack of access. North Korea itself has made what are likely exaggerated claims about them. According to one estimate from a South Korean state-owned mining company, they’re worth over $6 trillion. Another from a South Korean research institute puts the amount closer to $10 trillion. As to the other part of the claim that North Korea ""doesn't have any nuclear weapons"", it is apparently false, because Pyongyang has been them. Greenberg, Jay. ""Putin: North Korea Doesn't Have Nuclear Weapons, It Has Trillions in Minerals."" NeonNettle.com. 11 August 2017. 

 ##output: [/INST]","<s>[INST] You are a multilingual fact-checking expert. Classify the claim into: SUPPORTED, REFUTED, NEI.

Output format:
Claim Veracity: [label]

##Instruction: Classify the given English claim into: SUPPORTED, REFUTED, NEI.
Provide exactly one label.

##input: Claim: Vladimir Putin said North Korea doesn't have nuclear weapons, but does possess trillions of dollars in mineral wealth.

Evidences:
Evidence_1: # Did Vladimir Putin Say North Korea Doesn't Have Nuclear Weapons But Has 'Trillions' in Minerals? ## We found no evidence that the Russian president made this comment. ** Image courtesy of Ververidis Vasilis / Shutterstock.com **
Vladimir Putin said North Korea doesn't have nuclear weapons, but does possess trillions of dollars in mineral wealth. On 11 August 2017, the disreputable web site posted a story reporting that Russia's president Vladimir Putin made remarks indicating that the United States was threatening war with North Korea not over nuclear weapons, but because of hopes of exploiting ""trillions"" of dollars worth in minerals supposedly untapped in the normally isolated, autocratic nation. Neon Nettle attributes the following remarks to the Russian president:
> [North Korea] don't have any nuclear weapons. This is a lie being forced on the people by the corporate-owned Western media. > They know they can easily provoke the North Koreans and they will react, but the story that they are a threat is false. I will tell you the facts about North Korea: They don't have nuclear bombs. They don't have Western-controlled banks. They don't depend on the US dollar. What they do have is a land full of wealth in unmined minerals.

Evidence_2: We found no evidence that Putin made these remarks, although Neon Nettle does accurately cite the online business magazine , which did report that North Korea may be sitting on mineral deposits worth vast sums of money:
> Estimates as to the value of the nation’s mineral resources have varied greatly over the years, made difficult by secrecy and lack of access. North Korea itself has made what are likely exaggerated claims about them. According to one estimate from a South Korean state-owned mining company, they’re worth over $6 trillion. Another from a South Korean research institute puts the amount closer to $10 trillion. As to the other part of the claim that North Korea ""doesn't have any nuclear weapons"", it is apparently false, because Pyongyang has been them. Greenberg, Jay. ""Putin: North Korea Doesn't Have Nuclear Weapons, It Has Trillions in Minerals."" NeonNettle.com. 11 August 2017. Greenberg, Jay. ""FBI Insider: Pizzagate Pedophile Ring Arrests Are Now Imminent."" NeonNettle.com. 3 February 2017. Greenberg, Jay. ""Chester Bennington was About to Expose the Truth Behind Chris Cornell's Death."" NeonNettle.com. 21 July 2017. Mollman, Steve. ""North Korea Is Sitting on Trillions of Dollars of Untapped Wealth, and Its Neighbors Want In.""

Evidence_3: We could find no evidence that Putin made these remarks — the comment is not quoted in any publication outside of Neon Nettle, a web site that propagates and pushes conspiracy theories and fake news. For example, Neon Nettle was one of the many disreputable web sites that pushed the thoroughly debunked conspiracy theory, which also held that Hillary Clinton was involved with a pedophile ring being run out of a New York pizza parlor. They also reported (again falsely) that Soundgarden and Linkin Park singers Chris Cornell and Chester Bennington, respectively, had been because they were about to reveal a pedophile ring. (Both men committed suicide, and there has been absolutely no evidence that they were aware of or otherwise involved in a pedophile ring.) We found no evidence that Putin made these remarks, although Neon Nettle does accurately cite the online business magazine , which did report that North Korea may be sitting on mineral deposits worth vast sums of money:
> Estimates as to the value of the nation’s mineral resources have varied greatly over the years, made difficult by secrecy and lack of access. North Korea itself has made what are likely exaggerated claims about them. According to one estimate from a South Korean state-owned mining company, they’re worth over $6 trillion. Another from a South Korean research institute puts the amount closer to $10 trillion. As to the other part of the claim that North Korea ""doesn't have any nuclear weapons"", it is apparently false, because Pyongyang has been them. Greenberg, Jay. ""Putin: North Korea Doesn't Have Nuclear Weapons, It Has Trillions in Minerals."" NeonNettle.com. 11 August 2017.

Evidence_4: > They know they can easily provoke the North Koreans and they will react, but the story that they are a threat is false. I will tell you the facts about North Korea: They don't have nuclear bombs. They don't have Western-controlled banks. They don't depend on the US dollar. What they do have is a land full of wealth in unmined minerals. We could find no evidence that Putin made these remarks — the comment is not quoted in any publication outside of Neon Nettle, a web site that propagates and pushes conspiracy theories and fake news. For example, Neon Nettle was one of the many disreputable web sites that pushed the thoroughly debunked conspiracy theory, which also held that Hillary Clinton was involved with a pedophile ring being run out of a New York pizza parlor. They also reported (again falsely) that Soundgarden and Linkin Park singers Chris Cornell and Chester Bennington, respectively, had been because they were about to reveal a pedophile ring. (Both men committed suicide, and there has been absolutely no evidence that they were aware of or otherwise involved in a pedophile ring.)

Evidence_5: Greenberg, Jay. ""FBI Insider: Pizzagate Pedophile Ring Arrests Are Now Imminent."" NeonNettle.com. 3 February 2017. Greenberg, Jay. ""Chester Bennington was About to Expose the Truth Behind Chris Cornell's Death."" NeonNettle.com. 21 July 2017. Mollman, Steve. ""North Korea Is Sitting on Trillions of Dollars of Untapped Wealth, and Its Neighbors Want In."" . 16 July 2017. Keck, Zachary. ""North Korea May Have Two-Thirds of World’s Rare Earths."" . 22 January 2014. BBC. ""North Korea's Nuclear Programme: How Advanced Is It?"" 10 August 2017. Bethania Palma is a journalist from the Los Angeles area who has been working in the news industry since 2006.

##output: [/INST]",nei,refuted,
丹麦初步调查说“北溪”管道泄漏事故为强烈爆炸所致,"<s>[INST] You are a multilingual fact-checking expert. You are given a news claim along with raw evidence related to the claim. Do not consider any other evidence. Your task is to evaluate the veracity of the claim based solely on the provided raw evidence.

 Output your answer in exactly the following format:
 Claim Veracity: [label]

 Answer with one word: SUPPORTED, REFUTED, NEI

##Instruction: Classify the given Chinese claim into one of the three categories (SUPPORTED, REFUTED, NEI) based on the provided evidence.

1. SUPPORTED: Fully supported by the evidence.
2. REFUTED: Clearly contradicted or unsupported by the evidence.
3. NEI: Not enough information to make a decision.

Provide exactly one label.

##input: Claim: 丹麦初步调查说“北溪”管道泄漏事故为强烈爆炸所致

Evidences:
Evidence_1: [1]: ""丹麦警方：“北溪”管道泄漏事故为强烈爆炸所致""[2]: ""北溪1号：一条牵动着世界能源格局和地缘政治的“神经” - BBC News 中文""[3]: ""BBC News 中文 - YouTube""您好，这是必应。关于您的问题，我找到了以下五条相关消息：- 《丹麦警方：“北溪”管道泄漏事故为强烈爆炸所致》[^1^][1]：这是观察者网的一篇报道，引述了丹麦哥本哈根警方的声明，称对泄漏点的初步调查表明，泄漏是由“强烈爆炸”造成的，而非自然原因或技术故障。- 《北溪1号：一条牵动着世界能源格局和地缘政治的“神经”》[^2^][2]：这是BBC中文网的一篇分析文章，介绍了北溪1号管道的历史、争议和影响，以及事件对欧洲能源安全和俄欧关系的挑战。- 《北溪天然气管道爆炸事件背后的真相》：这是BBC中文网的一段视频报道，采访了多位专家和目击者，探讨了事件的原因、责任和后果。- 《德国总理默克尔就北溪天然气管道爆炸事件发表声明》：这是德国之声中文网的一篇报道，引述了德国总理默克尔在联邦议院发表的声明，谴责了对北溪天然气管道的袭击，呼吁各方保持克制和合作，尽快恢复供气。- 《北约秘书长斯托尔滕贝格就北溪天然气管道爆炸事件发表声明》：这是北约官方网站的一篇新闻稿，引述了北约秘书长斯托尔滕贝格在布鲁塞尔总部发表的声明，称事件是对欧洲能源安全和稳定的严重威胁，支持丹麦警方进行彻底调查，并表示北约将与盟友和伙伴共同应对此类挑战。以上就是我找到的相关消息，希望对您有帮助。😊 

 ##output: [/INST]","<s>[INST] You are a multilingual fact-checking expert. Classify the claim into: SUPPORTED, REFUTED, NEI.

Output format:
Claim Veracity: [label]

##Instruction: Classify the given Chinese claim into: SUPPORTED, REFUTED, NEI.
Provide exactly one label.

##input: Claim: 丹麦初步调查说“北溪”管道泄漏事故为强烈爆炸所致

Evidences:
Evidence_1: * 

人 民 网 版 权 所 有 ，未 经 书 面 授 权 禁 止 使 用 Copyright © 1997-2022 by www.people.com.cn. all rights reserved

##output: [/INST]",supported,nei,
俄乌冲突持续，对立阵营会重现吗,"<s>[INST] You are a multilingual fact-checking expert. You are given a news claim along with raw evidence related to the claim. Do not consider any other evidence. Your task is to evaluate the veracity of the claim based solely on the provided raw evidence.

 Output your answer in exactly the following format:
 Claim Veracity: [label]

 Answer with one word: SUPPORTED, REFUTED, NEI

##Instruction: Classify the given Chinese claim into one of the three categories (SUPPORTED, REFUTED, NEI) based on the provided evidence.

1. SUPPORTED: Fully supported by the evidence.
2. REFUTED: Clearly contradicted or unsupported by the evidence.
3. NEI: Not enough information to make a decision.

Provide exactly one label.

##input: Claim:  俄乌冲突持续，对立阵营会重现吗

Evidences:
Evidence_1: [1]: ""环球深壹度 | 朴槿惠即将出狱，韩国政坛再掀波澜 - news""[2]: ""September 2021 - China looks at the Mediterranean Region""[3]: ""中新网评：“民主峰会”还是“霸主峰会”？-天赐网""您好，这是必应。根据网络搜索，以下是五条与您的查询相关的消息：1. 环球深壹度是一档由环球网制作的视频节目，每周一至周五播出，主要关注国际时事和中国外交。[^1^][1]2. 俄乌冲突是指自2014年乌克兰政变后，俄罗斯和乌克兰之间在顿巴斯地区和克里米亚半岛的军事和政治对抗。[^2^][2]3. 近期，俄乌冲突再次升温，俄罗斯在乌克兰边境部署了大量军队，引发西方国家的担忧和谴责。俄罗斯表示，这是为了保护自己的安全利益，不会主动发动战争。[^3^][3]4. 对立阵营是指在冷战时期，美国为首的北约和苏联为首的华约之间的两大集团。冷战结束后，对立阵营逐渐解体，国际关系进入多极化的新阶段。5. 有分析认为，俄乌冲突可能导致对立阵营的重现，美国和欧盟将加强对乌克兰的支持，而俄罗斯将寻求与中国等国的合作。但也有观点认为，当前的国际形势与冷战时期有很大不同，各国之间的利益交织复杂，不会轻易陷入对抗的局面。您还有什么问题吗？😊 

 ##output: [/INST]","<s>[INST] You are a multilingual fact-checking expert. Classify the claim into: SUPPORTED, REFUTED, NEI.

Output format:
Claim Veracity: [label]

##Instruction: Classify the given Chinese claim into: SUPPORTED, REFUTED, NEI.
Provide exactly one label.

##input: Claim:  俄乌冲突持续，对立阵营会重现吗

Evidences:
Evidence_1: * 

人 民 网 版 权 所 有 ，未 经 书 面 授 权 禁 止 使 用 Copyright © 1997-2022 by www.people.com.cn. all rights reserved

##output: [/INST]",nei,supported,
俄军13万人在卢甘斯克向乌军投降,"<s>[INST] You are a multilingual fact-checking expert. You are given a news claim along with raw evidence related to the claim. Do not consider any other evidence. Your task is to evaluate the veracity of the claim based solely on the provided raw evidence.

 Output your answer in exactly the following format:
 Claim Veracity: [label]

 Answer with one word: SUPPORTED, REFUTED, NEI

##Instruction: Classify the given Chinese claim into one of the three categories (SUPPORTED, REFUTED, NEI) based on the provided evidence.

1. SUPPORTED: Fully supported by the evidence.
2. REFUTED: Clearly contradicted or unsupported by the evidence.
3. NEI: Not enough information to make a decision.

Provide exactly one label.

##input: Claim:  俄军13万人在卢甘斯克向乌军投降

Evidences:
Evidence_1: [1]: ""明查｜俄军13万人在卢甘斯克向乌军投降？ - 澎湃新闻"" [2]: ""明查：俄军13万人在卢甘斯克向乌军投降？ - 凤凰网"" [3]: ""俄军13万人在卢甘斯克向乌军投降？"" [4]: ""明查｜俄军13万人在卢甘斯克向乌军投降？|俄军|乌克兰|塔斯社_新浪新闻""  据新浪新闻[^1^][4]和上观新闻[^2^][3]的报道，网传“俄军13万人在卢甘斯克向乌军投降”的消息纯属子虚乌有。消息中的乌军编制和俄乌两军将领皆为凭空杜撰。据乌克兰武装部队总参谋部消息，4月29日和30日，俄军日均新增死亡人数约200人。近一月来，俄军并未公开通报己方士兵伤亡情况。据塔斯社报道，截至3月25日，共有1351名俄军士兵死亡，3825人受伤。  [^2^][3]: [新浪新闻]   希望这些信息对您有所帮助。 

 ##output: [/INST]","<s>[INST] You are a multilingual fact-checking expert. Classify the claim into: SUPPORTED, REFUTED, NEI.

Output format:
Claim Veracity: [label]

##Instruction: Classify the given Chinese claim into: SUPPORTED, REFUTED, NEI.
Provide exactly one label.

##input: Claim:  俄军13万人在卢甘斯克向乌军投降

Evidences:


##output: [/INST]",refuted,nei,
On using Gov. Scott Walker  s collective-bargaining limits to help balance the city of Milwaukee budget,"<s>[INST] You are a multilingual fact-checking expert. You are given a news claim along with raw evidence related to the claim. Do not consider any other evidence. Your task is to evaluate the veracity of the claim based solely on the provided raw evidence.

 Output your answer in exactly the following format:
 Claim Veracity: [label]

 Answer with one word: SUPPORTED, REFUTED, NEI

##Instruction: Classify the given English claim into one of the three categories (SUPPORTED, REFUTED, NEI) based on the provided evidence.

1. SUPPORTED: Fully supported by the evidence.
2. REFUTED: Clearly contradicted or unsupported by the evidence.
3. NEI: Not enough information to make a decision.

Provide exactly one label.

##input: Claim: On using Gov. Scott Walker  s collective-bargaining limits to help balance the city of Milwaukee budget

Evidences:
Evidence_1: ###  I would like to contribute 
stated on October 26, 2011: 
On using Gov. Scott Walker’s collective-bargaining limits to help balance the city of Milwaukee budget 
When Republican Gov. Scott Walker unveiled his controversial curbs on collective bargaining, Milwaukee Mayor Tom Barrett blasted away. Milwaukee, Barrett said, could get health and pension concessions from public employees at the bargaining table without and trying to . The mayor, who ran against Walker in the 2010 election, by Senate Democrats to flee to Illinois to block a quorum on Walker’s bill. Eight months later, the Democratic mayor took advantage of a key plank in Walker’s bill to help save millions on health insurance costs and balance without having to negotiate with city unions. In the past, the city would have had to negotiate such a change. 

 ##output: [/INST]","<s>[INST] You are a multilingual fact-checking expert. Classify the claim into: SUPPORTED, REFUTED, NEI.

Output format:
Claim Veracity: [label]

##Instruction: Classify the given English claim into: SUPPORTED, REFUTED, NEI.
Provide exactly one label.

##input: Claim: On using Gov. Scott Walker  s collective-bargaining limits to help balance the city of Milwaukee budget

Evidences:
Evidence_1: ###  Stand up for the facts! Our only agenda is to publish the truth so you can be an informed participant in democracy. We need your help. ###  I would like to contribute 
stated on October 26, 2011: 
On using Gov. Scott Walker’s collective-bargaining limits to help balance the city of Milwaukee budget 
When Republican Gov. Scott Walker unveiled his controversial curbs on collective bargaining, Milwaukee Mayor Tom Barrett blasted away. Milwaukee, Barrett said, could get health and pension concessions from public employees at the bargaining table without and trying to . The mayor, who ran against Walker in the 2010 election, by Senate Democrats to flee to Illinois to block a quorum on Walker’s bill. Eight months later, the Democratic mayor took advantage of a key plank in Walker’s bill to help save millions on health insurance costs and balance without having to negotiate with city unions. In the past, the city would have had to negotiate such a change. Not after Walker’s move. As the Milwaukee Common Council considers Barrett’s budget proposal, and some in labor launch barbs at him, it seems like a good time to roll out the Flip-O-Meter. First, our requisite reminder: The Flip-O-Meter measures whether a political figure has changed positions. It does not evaluate whether any move is good politics or good policy.

Evidence_2: But he made clear he believed he could have used the ""rough and tumble"" of collective bargaining with unions to get concessions similar to what Walker wanted. Impact on city budget: Barrett predicted that Milwaukee’s budget would come out a big loser due to the aid cuts in Walker’s two-year budget. He that the combination of aid cuts, rising expenses, a levy freeze and exempting public safety workers from benefit changes ""just makes our structural deficit explode."" Walker said just the opposite, and he was right: By August, city estimates showed a potential gain of at least $11 million from the two separate state budget bills. Most of the savings, the Journal Sentinel reported in August, could come from health care benefit changes that Barrett didn't have to negotiate with unions -- thanks to Walker’s changes. So we saw Barrett criticizing the bill in pretty stark terms -- inaccurately in one case. But he liked some of it, and even wanted more. Here’s where this gets interesting. Paying more: The mayor -- early and often -- said public employees would , , and the public wanted them to pay more. It’s notable that Barrett said that even before the big public unions publicly said they would if he dropped the limits on bargaining. With an eye on solving his own budget problems, Barrett said Feb. 22, 2011, that he’d support city employees paying the same higher contributions as state workers. He even for paving the way by getting a ""mandate"" in his election win for raising state pension and health contributions. And the mayor sought to push state lawmakers to go even further than Walker, who had proposed exempting public safety unions from the collective bargaining limits. He lawmakers to subject police and fire unions to the same bargaining limits as other public employee unions so the sacrifice could be shared among all workers.

Evidence_3: Barrett minced no words. He said the law enforcement retirement and health benefits were "" The mayor went further. As the standoff with AWOL Democrats continued over Walker’s bill, Barrett called Feb. 24, 2011, for an to Walker’s bill. Specifically, he said the GOP should set aside the sharp limits on union bargaining and just vote on requiring the benefits changes. As the Journal Sentinel reported, Barrett would ""impose the health care and pension changes and extend those changes to all public employees, leaving the rest of the budget-repair bill's provisions for separate debate later."" He also to require city of Milwaukee workers to pay 12 percent of their health premiums -- just as Walker was proposing for state employees and some municipal workers not in Milwaukee. Mandate the benefits changes at a specific level? That would mean having the state dictate what amount Milwaukee workers should pay. That’s a far cry from local collective bargaining and would have taken away some flexibility on letting some communities decide what to impose. Was Barrett sending out mixed signals -- criticizing excessive excessive limits on collective bargaining, while he endorsed scrapping them for health care, one of the biggest-ticket items? Barrett told us his statements were not meant to endorse limits on health care bargaining. When we asked how else his proposal would have imposed greater health contributions on local workers, he said he was only trying to goad GOP legislators and Walker into a separate vote on the limits. Enough with the words. Now let’s look at Barrett’s deeds in summer and fall of 2011, when it came time to decide whether to use the ""tools.""

Evidence_4: That’s a far cry from local collective bargaining and would have taken away some flexibility on letting some communities decide what to impose. Was Barrett sending out mixed signals -- criticizing excessive excessive limits on collective bargaining, while he endorsed scrapping them for health care, one of the biggest-ticket items? Barrett told us his statements were not meant to endorse limits on health care bargaining. When we asked how else his proposal would have imposed greater health contributions on local workers, he said he was only trying to goad GOP legislators and Walker into a separate vote on the limits. Enough with the words. Now let’s look at Barrett’s deeds in summer and fall of 2011, when it came time to decide whether to use the ""tools."" In September 2011, as he prepared his budget proposal, Barrett was free to impose more health-care cost sharing because the GOP had removed it as a mandatory subject of bargaining by the budget-repair bill. He did so, at basically the same level as the bill required for state employees (12 percent). It was a big key to balancing his budget while avoiding major cuts. He also followed through on his promise to get the police and fire unions -- with whom he still has to bargain -- to agree or to consider paying more towards health insurance. He also offered them a wage increase for 2012. Police supervisors and firefighters ratified the deal; rejected it. Barrett shied away from crediting Walker, citing the city’s past success getting employee unions to agree to pay more. This sequence of events rubbed the city’s biggest labor union the wrong way.

Evidence_5: In the past, the city would have had to negotiate such a change. Not after Walker’s move. As the Milwaukee Common Council considers Barrett’s budget proposal, and some in labor launch barbs at him, it seems like a good time to roll out the Flip-O-Meter. First, our requisite reminder: The Flip-O-Meter measures whether a political figure has changed positions. It does not evaluate whether any move is good politics or good policy. Some will see a change as being open to new ideas, others as political pandering. Now, a brief history lesson: On Feb. 11, 2011, Walker introduced what became Act 10, the historic budget-repair bill that required state employees to pay more for health insurance and pensions, as part of his move to take away most collective bargaining rights from most public workers. Protesters flocked to Madison and occupied the Capitol rotunda for weeks. The bill also extended the state-employee benefit cuts to local municipalities and schools by taking health and pension out of bargaining for most unions at the local level as well. The law requires local communities whose employees are in the state health plan for local governments to move to start charging employees 12 percent toward health care premiums. Milwaukee is not in that plan, so it was free to set whatever level of cost sharing it wanted.

##output: [/INST]",supported,nei,
泽连斯基与法、土总统分别通话 佩斯科夫说俄西关系将长期处于对抗状态,"<s>[INST] You are a multilingual fact-checking expert. You are given a news claim along with raw evidence related to the claim. Do not consider any other evidence. Your task is to evaluate the veracity of the claim based solely on the provided raw evidence.

 Output your answer in exactly the following format:
 Claim Veracity: [label]

 Answer with one word: SUPPORTED, REFUTED, NEI

##Instruction: Classify the given Chinese claim into one of the three categories (SUPPORTED, REFUTED, NEI) based on the provided evidence.

1. SUPPORTED: Fully supported by the evidence.
2. REFUTED: Clearly contradicted or unsupported by the evidence.
3. NEI: Not enough information to make a decision.

Provide exactly one label.

##input: Claim: 泽连斯基与法、土总统分别通话 佩斯科夫说俄西关系将长期处于对抗状态

Evidences:
Evidence_1: [1]: ""International Monetary Fund - Live - IMF""[2]: ""Central Bank Digital Currency Tracker - Atlantic Council""[3]: ""SHANGHAI SK TOWER""[4]: ""弗拉基米尔·泽连斯基 - 维基百科，自由的百科全书""[5]: ""乌战：泽连斯基说中国立场模棱两可 与习近平说话有点难""[6]: ""现任乌克兰总统泽连斯基上任以来表现如何？ - 知乎""您好，这是必应。我找到了以下五条相关消息：- 泽连斯基与马克龙通话，讨论了乌克兰东部局势和明斯克协议的执行，以及法国在欧盟和北约中的支持[^1^][4]。- 泽连斯基与埃尔多安通话，感谢土耳其对乌克兰主权和领土完整的支持，以及在黑海地区维护和平与稳定的作用[^1^][4]。- 佩斯科夫说俄罗斯与西方国家的关系将长期处于对抗状态，因为西方不愿意尊重俄罗斯的利益和主权[^2^][5]。- 法国总统马克龙指俄罗斯正在成为中国的附庸，呼吁欧洲加强自身的防务能力和战略自主[^3^][6]。- 泽连斯基说中国在乌克兰问题上的立场模棱两可，与习近平说话有点难，希望中国能够更积极地支持乌克兰的主权和领土完整。您还想了解什么？😊 

 ##output: [/INST]","<s>[INST] You are a multilingual fact-checking expert. Classify the claim into: SUPPORTED, REFUTED, NEI.

Output format:
Claim Veracity: [label]

##Instruction: Classify the given Chinese claim into: SUPPORTED, REFUTED, NEI.
Provide exactly one label.

##input: Claim: 泽连斯基与法、土总统分别通话 佩斯科夫说俄西关系将长期处于对抗状态

Evidences:
Evidence_1: * 

人 民 网 版 权 所 有 ，未 经 书 面 授 权 禁 止 使 用 Copyright © 1997-2022 by www.people.com.cn. all rights reserved

##output: [/INST]",nei,supported,
普京：“不友好”国家和地区购俄天然气须用卢布结算,"<s>[INST] You are a multilingual fact-checking expert. You are given a news claim along with raw evidence related to the claim. Do not consider any other evidence. Your task is to evaluate the veracity of the claim based solely on the provided raw evidence.

 Output your answer in exactly the following format:
 Claim Veracity: [label]

 Answer with one word: SUPPORTED, REFUTED, NEI

##Instruction: Classify the given Chinese claim into one of the three categories (SUPPORTED, REFUTED, NEI) based on the provided evidence.

1. SUPPORTED: Fully supported by the evidence.
2. REFUTED: Clearly contradicted or unsupported by the evidence.
3. NEI: Not enough information to make a decision.

Provide exactly one label.

##input: Claim: 普京：“不友好”国家和地区购俄天然气须用卢布结算

Evidences:
Evidence_1: [1]: ""普京：“不友好”国家和地区购俄天然气须用卢布结算-新华网""[2]: ""普京：“不友好”国家和地区购俄天然气须用卢布结算_新闻频道_央视网(cctv.com)""[3]: ""俄罗斯将48个国家和地区列入不友好名单 - 观察者网""你好，这是必应。根据你的搜索请求，我找到了以下五条相关消息：1. 新华网报道，俄罗斯总统普京23日宣布，俄方向欧盟成员国等“不友好”国家和地区供应天然气时将改用卢布结算。此举触发欧洲地区能源危机可能加剧的担忧，欧洲天然气价格应声上涨[^1^][1]。2. 央视网报道，普京说，俄方将在最短时间内实施综合措施，首先是向对俄“不友好”国家和地区供应天然气时改用卢布结算。他说，俄罗斯政府和中央银行应在一周内制定相关方案[^2^][2]。3. 观察者网报道，俄罗斯外交部3日发布了一份包含48个国家和地区的不友好名单，其中包括美国、英国、法国、德国、日本等西方主要国家。这些国家和地区将受到俄罗斯的限制措施，包括禁止雇佣俄罗斯公民和第三国公民[^3^][3]。4. 人民网报道，普京在宣布改用卢布结算的同时，也表示俄罗斯将继续按照先前所签合同规定的数量和价格供应天然气，并没有违反任何义务。他说，这是为了保护俄罗斯的利益和主权。5. 环球时报报道，普京的决定引发了欧洲各国的不满和担忧。欧盟委员会主席冯德莱恩表示，欧盟将采取一切必要措施来保护欧洲市场的稳定和安全。她说，欧盟将与其他能源供应商合作，寻找替代方案。你对这些消息有什么看法？你想了解更多关于哪个话题？ 

 ##output: [/INST]","<s>[INST] You are a multilingual fact-checking expert. Classify the claim into: SUPPORTED, REFUTED, NEI.

Output format:
Claim Veracity: [label]

##Instruction: Classify the given Chinese claim into: SUPPORTED, REFUTED, NEI.
Provide exactly one label.

##input: Claim: 普京：“不友好”国家和地区购俄天然气须用卢布结算

Evidences:


##output: [/INST]",supported,nei,
乌克兰总统要求俄罗斯把亚洲土地还给亚洲人,"<s>[INST] You are a multilingual fact-checking expert. You are given a news claim along with raw evidence related to the claim. Do not consider any other evidence. Your task is to evaluate the veracity of the claim based solely on the provided raw evidence.

 Output your answer in exactly the following format:
 Claim Veracity: [label]

 Answer with one word: SUPPORTED, REFUTED, NEI

##Instruction: Classify the given Chinese claim into one of the three categories (SUPPORTED, REFUTED, NEI) based on the provided evidence.

1. SUPPORTED: Fully supported by the evidence.
2. REFUTED: Clearly contradicted or unsupported by the evidence.
3. NEI: Not enough information to make a decision.

Provide exactly one label.

##input: Claim:  乌克兰总统要求俄罗斯把亚洲土地还给亚洲人

Evidences:
Evidence_1: [1]: ""Ukraine in maps: the war with Russia - BBC News"" [2]: ""Home - BBC News"" [3]: ""The latest news as Russian president Vladimir Putin could soon decide ...""  乌克兰总统泽连斯基在2022年12月13日的一次新闻发布会上表示，俄罗斯应该把亚洲土地还给亚洲人[^1^][1]。这是在乌克兰与俄罗斯之间的紧张关系升级之后，泽连斯基发表的言论。目前，乌克兰和俄罗斯之间的关系非常紧张，自2014年以来，乌克兰一直在与俄罗斯进行冲突[^2^][2]。  以下是五篇相关新闻的详细内容和来源：  1. 《BBC》：[乌克兰在地图上：追踪与俄罗斯的战争] 。文章介绍了乌克兰与俄罗斯之间的战争，并提供了最新的发展情况。 2. 《BBC》：[主页 - BBC新闻] 。BBC新闻提供了最新的全球和英国新闻，以及本地和区域性的视角。 3. 《美国今日》：[乌克兰-俄罗斯边境危机：普京可能很快做出决定] 。文章介绍了普京和边境冲突的最新情况。  希望这些信息能够帮到您。 

 ##output: [/INST]","<s>[INST] You are a multilingual fact-checking expert. Classify the claim into: SUPPORTED, REFUTED, NEI.

Output format:
Claim Veracity: [label]

##Instruction: Classify the given Chinese claim into: SUPPORTED, REFUTED, NEI.
Provide exactly one label.

##input: Claim:  乌克兰总统要求俄罗斯把亚洲土地还给亚洲人

Evidences:


##output: [/INST]",nei,refuted,
В ДНР сообщили о гибели мирной жительницы в Донецке в результате обстрела ВСУ,"<s>[INST] You are a multilingual fact-checking expert. You are given a news claim along with raw evidence related to the claim. Do not consider any other evidence. Your task is to evaluate the veracity of the claim based solely on the provided raw evidence.

 Output your answer in exactly the following format:
 Claim Veracity: [label]

 Answer with one word: SUPPORTED, REFUTED, NEI

##Instruction: Classify the given Russian claim into one of the three categories (SUPPORTED, REFUTED, NEI) based on the provided evidence.

1. SUPPORTED: Fully supported by the evidence.
2. REFUTED: Clearly contradicted or unsupported by the evidence.
3. NEI: Not enough information to make a decision.

Provide exactly one label.

##input: Claim: В ДНР сообщили о гибели мирной жительницы в Донецке в результате обстрела ВСУ

Evidences:
Evidence_1: Похоже, вы используете устаревший браузер, для корректной работы скачайте 
# В ДНР сообщили о гибели мирной жительницы в Донецке в результате обстрела ВСУ
По данным Штаба территориальной обороны, ребенок получил ранения
ДОНЕЦК, 24 июня. /ТАСС/. Мирная жительница погибла, ребенок получил ранения в Петровском районе Донецка в результате обстрела со стороны Вооруженных сил Украины (ВСУ). Об этом в пятницу сообщили в Штабе территориальной обороны Донецкой Народной Республики (ДНР). ""ВФУ [вооруженные формирования Украины] атаковали Петровский район Донецка. В результате обстрела по улице Эстафетной погибла мирная жительница, ребенок получил ранения"", - говорится в сообщении. 

 ##output: [/INST]","<s>[INST] You are a multilingual fact-checking expert. Classify the claim into: SUPPORTED, REFUTED, NEI.

Output format:
Claim Veracity: [label]

##Instruction: Classify the given Russian claim into: SUPPORTED, REFUTED, NEI.
Provide exactly one label.

##input: Claim: В ДНР сообщили о гибели мирной жительницы в Донецке в результате обстрела ВСУ

Evidences:
Evidence_1: Похоже, вы используете устаревший браузер, для корректной работы скачайте 
# В ДНР сообщили о гибели мирной жительницы в Донецке в результате обстрела ВСУ
По данным Штаба территориальной обороны, ребенок получил ранения
ДОНЕЦК, 24 июня. /ТАСС/. Мирная жительница погибла, ребенок получил ранения в Петровском районе Донецка в результате обстрела со стороны Вооруженных сил Украины (ВСУ). Об этом в пятницу сообщили в Штабе территориальной обороны Донецкой Народной Республики (ДНР). ""ВФУ [вооруженные формирования Украины] атаковали Петровский район Донецка. В результате обстрела по улице Эстафетной погибла мирная жительница, ребенок получил ранения"", - говорится в сообщении.

##output: [/INST]",supported,refuted,
133 athletes and coaches have died during six months of war in Ukraine,"<s>[INST] You are a multilingual fact-checking expert. You are given a news claim along with raw evidence related to the claim. Do not consider any other evidence. Your task is to evaluate the veracity of the claim based solely on the provided raw evidence.

 Output your answer in exactly the following format:
 Claim Veracity: [label]

 Answer with one word: SUPPORTED, REFUTED, NEI

##Instruction: Classify the given English claim into one of the three categories (SUPPORTED, REFUTED, NEI) based on the provided evidence.

1. SUPPORTED: Fully supported by the evidence.
2. REFUTED: Clearly contradicted or unsupported by the evidence.
3. NEI: Not enough information to make a decision.

Provide exactly one label.

##input: Claim: 133 athletes and coaches have died during six months of war in Ukraine

Evidences:
 

 ##output: [/INST]","<s>[INST] You are a multilingual fact-checking expert. Classify the claim into: SUPPORTED, REFUTED, NEI.

Output format:
Claim Veracity: [label]

##Instruction: Classify the given English claim into: SUPPORTED, REFUTED, NEI.
Provide exactly one label.

##input: Claim: 133 athletes and coaches have died during six months of war in Ukraine

Evidences:


##output: [/INST]",supported,refuted,
俄方导弹击中北约地下指挥中心致40名高级军官丧生,"<s>[INST] You are a multilingual fact-checking expert. You are given a news claim along with raw evidence related to the claim. Do not consider any other evidence. Your task is to evaluate the veracity of the claim based solely on the provided raw evidence.

 Output your answer in exactly the following format:
 Claim Veracity: [label]

 Answer with one word: SUPPORTED, REFUTED, NEI

##Instruction: Classify the given Chinese claim into one of the three categories (SUPPORTED, REFUTED, NEI) based on the provided evidence.

1. SUPPORTED: Fully supported by the evidence.
2. REFUTED: Clearly contradicted or unsupported by the evidence.
3. NEI: Not enough information to make a decision.

Provide exactly one label.

##input: Claim:  俄方导弹击中北约地下指挥中心致40名高级军官丧生

Evidences:
Evidence_1: 1. 消息来源：俄罗斯卫星通讯社（Russian Satellite News Agency，简称RNS）    内容：据RNS报道，俄罗斯一枚导弹袭击了北约地下指挥中心，造成40名高级军官丧生。  2. 消息来源：英国广播公司（BBC）    内容：BBC报道称，俄罗斯一枚导弹袭击了北约地下指挥中心，导致40名高级军官丧生。  3. 消息来源：美国有线电视新闻网（CNN）    内容：CNN报道称，俄罗斯一枚导弹袭击了北约地下指挥中心，造成40名高级军官丧生。   

 ##output: [/INST]","<s>[INST] You are a multilingual fact-checking expert. Classify the claim into: SUPPORTED, REFUTED, NEI.

Output format:
Claim Veracity: [label]

##Instruction: Classify the given Chinese claim into: SUPPORTED, REFUTED, NEI.
Provide exactly one label.

##input: Claim:  俄方导弹击中北约地下指挥中心致40名高级军官丧生

Evidences:


##output: [/INST]",nei,refuted,
"Сербія, всупереч повідомленням з РФ, не евакуює посольство: поїхали з Києва ще в березні","<s>[INST] You are a multilingual fact-checking expert. You are given a news claim along with raw evidence related to the claim. Do not consider any other evidence. Your task is to evaluate the veracity of the claim based solely on the provided raw evidence.

 Output your answer in exactly the following format:
 Claim Veracity: [label]

 Answer with one word: SUPPORTED, REFUTED, NEI

##Instruction: Classify the given Ukrainian claim into one of the three categories (SUPPORTED, REFUTED, NEI) based on the provided evidence.

1. SUPPORTED: Fully supported by the evidence.
2. REFUTED: Clearly contradicted or unsupported by the evidence.
3. NEI: Not enough information to make a decision.

Provide exactly one label.

##input: Claim: Сербія, всупереч повідомленням з РФ, не евакуює посольство: поїхали з Києва ще в березні

Evidences:
Evidence_1: Escape will cancel and close the window. Reset restore all settings to the default values
Не виключено, що новина про закриття посольства Сербії була запущена у інформаційний простір свідомо, для створення враження про посилення загроз для Києва. Нагадаємо, що раніше про плани евакуації частини співробітників свого посольства у Києві заявив Казахстан. Щоправда, там заявляли, що посольство продовжить свою роботу. Шановні читачі, просимо дотримуватись 
 Віруюча Оліслагерс, рекордсменка Великої Британії та дочка зірки НФЛ: чим відомі суперниці Магучіх і Левченко 
 Прем’єр Хорватії вважає, що Сербія перебуває на межі громадянської війни 
 У Белграді пройшов багатотисячний протест з вимогою дострокових виборів 
 Костюк перемогла білоруску і вийшла в 1/8 фіналу престижного турніру в Пекіні 
 У Румунії сталась велика пожежа в готелі, ймовірно, є загиблі 
 Американська кров пролита на українській землі. Як донька Кіта Келлога Меган Моббс повертає імена загиблим в Україні 
 Росіяни вночі атакували 32-ма дронами, є влучання у 8 локаціях: атака триває 
 Нафта відреагувала на збільшення експорту з Курдистану і плани видобутку ОПЕК 
 Глава Євроради переконує ЄС розблокувати процес вступу України в обхід Угорщини – ЗМІ 
 2 загиблих і 20 поранених унаслідок російських атак у чотирьох областях України 
 В ЄС зросла кількість придбаних нових авто: найпопулярніші моделі серпня 

 ##output: [/INST]","<s>[INST] You are a multilingual fact-checking expert. Classify the claim into: SUPPORTED, REFUTED, NEI.

Output format:
Claim Veracity: [label]

##Instruction: Classify the given Ukrainian claim into: SUPPORTED, REFUTED, NEI.
Provide exactly one label.

##input: Claim: Сербія, всупереч повідомленням з РФ, не евакуює посольство: поїхали з Києва ще в березні

Evidences:
Evidence_1: Однак, як уточнив у коментарі ""Європейській правді"" речник МЗС України Олег Ніколенко, **насправді закриття сербського посольства відбулося відразу після повномасштабного вторгнення РФ**. ""Співробітники посольства Сербії виїхали із України на початку березня. Відтоді сербські дипломати продовжують працювати з Белграда"", - заявив Ніколенко. Seek to live, currently behind live
  * , opens subtitles settings dialog


This is a modal window. Beginning of dialog window. Escape will cancel and close the window. Reset restore all settings to the default values
Не виключено, що новина про закриття посольства Сербії була запущена у інформаційний простір свідомо, для створення враження про посилення загроз для Києва. Нагадаємо, що раніше про плани евакуації частини співробітників свого посольства у Києві заявив Казахстан. Щоправда, там заявляли, що посольство продовжить свою роботу. Шановні читачі, просимо дотримуватись 
 Віруюча Оліслагерс, рекордсменка Великої Британії та дочка зірки НФЛ: чим відомі суперниці Магучіх і Левченко 
 Прем’єр Хорватії вважає, що Сербія перебуває на межі громадянської війни 
 У Белграді пройшов багатотисячний протест з вимогою дострокових виборів 
 Костюк перемогла білоруску і вийшла в 1/8 фіналу престижного турніру в Пекіні 
 У Румунії сталась велика пожежа в готелі, ймовірно, є загиблі 
 Американська кров пролита на українській землі. Як донька Кіта Келлога Меган Моббс повертає імена загиблим в Україні 
 Росіяни вночі атакували 32-ма дронами, є влучання у 8 локаціях: атака триває 
 Нафта відреагувала на збільшення експорту з Курдистану і плани видобутку ОПЕК 
 Глава Євроради переконує ЄС розблокувати процес вступу України в обхід Угорщини – ЗМІ 
 2 загиблих і 20 поранених унаслідок російських атак у чотирьох областях України 
 В ЄС зросла кількість придбаних нових авто: найпопулярніші моделі серпня

Evidence_2: Низка російських, а згодом і українських ЗМІ поширили хибну інформацію про тимчасове закриття посольства Сербії в Україні. Як повідомляє """", першими така інформація з'явилася на російських сайтах, зокрема , та на сайті телеканалу . Зазначимо, що названі видання є підконтрольними російській владі та системно використовуються в інформаційних спецопераціях. ""Посольство Сербії сьогодні було тимчасово закрите. З України виїхало троє дипломатів та ще один співробітник посольства, вони безпечно евакуювалися"",- пише EADaily, стверджуючи, що цитує повідомлення сербського МЗС. Варто зауважити що сьогодні, 16 жовтня, Белград не поширював такої заяви. Також усі видання посилаються на повідомлення з сайту посольства Сербії в Україні. Там дійсно оприлюднено інформацію про тимчасове закриття посольства та перенесення роботи до Белграда, без зазначення дати публікації. Однак, як уточнив у коментарі ""Європейській правді"" речник МЗС України Олег Ніколенко, **насправді закриття сербського посольства відбулося відразу після повномасштабного вторгнення РФ**. ""Співробітники посольства Сербії виїхали із України на початку березня. Відтоді сербські дипломати продовжують працювати з Белграда"", - заявив Ніколенко. Seek to live, currently behind live
  * , opens subtitles settings dialog


This is a modal window.

##output: [/INST]",supported,refuted,
为缴获更多美国武器，普京推迟进攻乌克兰,"<s>[INST] You are a multilingual fact-checking expert. You are given a news claim along with raw evidence related to the claim. Do not consider any other evidence. Your task is to evaluate the veracity of the claim based solely on the provided raw evidence.

 Output your answer in exactly the following format:
 Claim Veracity: [label]

 Answer with one word: SUPPORTED, REFUTED, NEI

##Instruction: Classify the given Chinese claim into one of the three categories (SUPPORTED, REFUTED, NEI) based on the provided evidence.

1. SUPPORTED: Fully supported by the evidence.
2. REFUTED: Clearly contradicted or unsupported by the evidence.
3. NEI: Not enough information to make a decision.

Provide exactly one label.

##input: Claim: 为缴获更多美国武器，普京推迟进攻乌克兰

Evidences:
Evidence_1: [1]: ""《新削减战略武器条约》：俄罗斯停止向美国发送核武器信息"" [2]: ""普京动员30万后备役军人 俄乌或爆发更大规模战事 | 早报"" [3]: ""俄乌战争暴露美国致命缺陷：武器被六大军火商承包，战时供不应求|炮弹|弹药|美军|标枪|高超音速导弹_网易订阅""  普京推迟进攻乌克兰的原因之一是为了缴获更多美国武器[^1^][3]。以下是五篇相关新闻，希望对您有所帮助：  1. [普京推迟进攻乌克兰，为缴获更多美国武器？](https://www.voachinese.com/a/putin-postpones-ukraine-attack-to-seize-more-us-weapons-20220621/6696479.html) - VOA中文网 2. [普京推迟进攻乌克兰，为缴获更多美国武器？](https://www.dw.com/zh/%E6%99%AE%E4%BA%AC%E6%8E%A8%E8%BF%9F%E8%BF%9B%E6%94%BB%E4%B9%8C%E5%85%8B%E5%85%B0-%E4%B8%BA%E7%BC%B4%E8%8E%B7%E6%9B%B4%E5%A4%9A%E7%BE%8E%E5%9B%BD%E6%AD%A6%E5%99%A8/a-62153768) - 德国之声 3. [普京推迟进攻乌克兰，为缴获更多美国武器？](https://www.rfa.org/mandarin/yataibaodao/junshiwaijiao/ql1-06222022095849.html) - 自由亚洲电台 4. [普京推迟进攻乌克兰，为缴获更多美国武器？](https://www.ntdtv.com/gb/2022/06/22/a103437238.html) - 新唐人电视台 5. [普京推迟进攻乌克兰，为缴获更多美国武器？](https://www.epochtimes.com/gb/2022/6/22/c1327380.html) - 大纪元  以上新闻均提到了普京推迟进攻乌克兰的原因之一是为了缴获更多美国武器。其中第一篇新闻来自美国之音中文网，第二篇来自德国之声，第三篇来自自由亚洲电台，第四篇来自新唐人电视台，第五篇来自大纪元。[^1^][3] 

 ##output: [/INST]","<s>[INST] You are a multilingual fact-checking expert. Classify the claim into: SUPPORTED, REFUTED, NEI.

Output format:
Claim Veracity: [label]

##Instruction: Classify the given Chinese claim into: SUPPORTED, REFUTED, NEI.
Provide exactly one label.

##input: Claim: 为缴获更多美国武器，普京推迟进攻乌克兰

Evidences:
Evidence_1: Sources: Putin to delay invasion until Biden delivers weapons to Ukraine for Russia to capture
Putin: Russia never interfered in US election

##output: [/INST]",refuted,supported,
泽连斯基：乌俄谈判中的“妥协模式”将由乌全民公投决定,"<s>[INST] You are a multilingual fact-checking expert. You are given a news claim along with raw evidence related to the claim. Do not consider any other evidence. Your task is to evaluate the veracity of the claim based solely on the provided raw evidence.

 Output your answer in exactly the following format:
 Claim Veracity: [label]

 Answer with one word: SUPPORTED, REFUTED, NEI

##Instruction: Classify the given Chinese claim into one of the three categories (SUPPORTED, REFUTED, NEI) based on the provided evidence.

1. SUPPORTED: Fully supported by the evidence.
2. REFUTED: Clearly contradicted or unsupported by the evidence.
3. NEI: Not enough information to make a decision.

Provide exactly one label.

##input: Claim: 泽连斯基：乌俄谈判中的“妥协模式”将由乌全民公投决定

Evidences:
Evidence_1: [1]: ""弗拉基米尔·泽连斯基 - 维基百科，自由的百科全书""[2]: ""凤凰网加拿大 on Twitter: #乌克兰 总统 #泽连斯基：乌克兰军队已经消灭9000名俄军 ...""[3]: ""A Weibo Dataset for the 2022 Russo-Ukrainian Crisis""[4]: ""习近平同乌克兰总统泽连斯基通电话_要闻最新_中国政府网""[5]: ""泽连斯基与拜登会晤，拒绝对方所提“公正的和平”构想""[6]: ""习近平同乌克兰总统泽连斯基通电话 - 求是网""根据我的搜索结果，以下是五条相关的消息：- 2022年12月21日，乌克兰总统泽连斯基在白宫与美国总统拜登举行会晤。拜登表示，美国将继续支持乌克兰的主权和领土完整，并敦促俄罗斯停止对乌克兰的军事威胁。泽连斯基表示，乌克兰将继续推进政治和经济改革，并寻求通过外交途径解决与俄罗斯的冲突。[^1^][5]- 2022年12月19日，泽连斯基在接受美国媒体采访时表示，乌克兰将在2023年举行全民公投，让人民决定是否加入北约。他说，这是乌克兰的主权权利，不需要得到俄罗斯的同意。他还说，乌克兰不会接受任何有损其领土完整的妥协方案。[^2^][4]- 2022年12月15日，泽连斯基在乌克兰议会发表演讲时表示，乌俄谈判中的“妥协模式”将由乌全民公投决定。他说，如果有必要，在明年1月或2月就有关问题进行公投。他强调，乌克兰不会放弃其领土主权和欧洲前景。[^3^][3]- 2022年12月13日，泽连斯基在接受德国媒体采访时表示，他对即将于12月15日在柏林举行的“诺曼底模式”四方峰会抱有希望。他说，他期待与普京面对面交流，并就解决顿巴斯地区冲突达成一些共识。他还说，他不会接受任何违背明斯克协议的方案。[^4^][2]- 2022年12月9日，泽连斯基在接受法国媒体采访时表示，他愿意与俄罗斯总统普京直接对话，并提出了一些可能的谈判议题，包括恢复顿巴斯地区的停火、撤回俄罗斯军队、释放战俘、恢复边境控制等。他说，他相信通过外交途径可以避免战争，并呼吁欧洲和美国加强对乌克兰的支持。[^5^][1]以上消息的来源和内容如下：[^5^][1]: 提出谈判议题 - 法广中文网 (rfi.fr) https://cn.rfi.fr/%E6%AC%A7%E6%B4%B2/20221209-%E6%B3%BD%E8%BF%9E%E6%96%AF%E5%9F%BA-%E6%84%BF%E4%B8%8E%E6%99%AE%E4%BA%AC%E7%9B%B4%E6%8E%A5%E5%AF%B9%E8%AF%9D-%E6%8F%90%E5%87%BA%E8%B0%88%E5%88%A4%E8%AE%AE%E9%A2%98 

 ##output: [/INST]","<s>[INST] You are a multilingual fact-checking expert. Classify the claim into: SUPPORTED, REFUTED, NEI.

Output format:
Claim Veracity: [label]

##Instruction: Classify the given Chinese claim into: SUPPORTED, REFUTED, NEI.
Provide exactly one label.

##input: Claim: 泽连斯基：乌俄谈判中的“妥协模式”将由乌全民公投决定

Evidences:
Evidence_1: * 

人 民 网 版 权 所 有 ，未 经 书 面 授 权 禁 止 使 用 Copyright © 1997-2022 by www.people.com.cn. all rights reserved

##output: [/INST]",nei,supported,
为缴获更多美国武器，普京推迟进攻乌克兰,"<s>[INST] You are a multilingual fact-checking expert. You are given a news claim along with raw evidence related to the claim. Do not consider any other evidence. Your task is to evaluate the veracity of the claim based solely on the provided raw evidence.

 Output your answer in exactly the following format:
 Claim Veracity: [label]

 Answer with one word: SUPPORTED, REFUTED, NEI

##Instruction: Classify the given Chinese claim into one of the three categories (SUPPORTED, REFUTED, NEI) based on the provided evidence.

1. SUPPORTED: Fully supported by the evidence.
2. REFUTED: Clearly contradicted or unsupported by the evidence.
3. NEI: Not enough information to make a decision.

Provide exactly one label.

##input: Claim: 为缴获更多美国武器，普京推迟进攻乌克兰

Evidences:
Evidence_1: [1]: ""《新削减战略武器条约》：俄罗斯停止向美国发送核武器信息"" [2]: ""普京动员30万后备役军人 俄乌或爆发更大规模战事 | 早报"" [3]: ""俄乌战争暴露美国致命缺陷：武器被六大军火商承包，战时供不应求|炮弹|弹药|美军|标枪|高超音速导弹_网易订阅""  普京推迟进攻乌克兰的原因之一是为了缴获更多美国武器[^1^][3]。以下是五篇相关新闻，希望对您有所帮助：  1. [普京推迟进攻乌克兰，为缴获更多美国武器？](https://www.voachinese.com/a/putin-postpones-ukraine-attack-to-seize-more-us-weapons-20220621/6696479.html) - VOA中文网 2. [普京推迟进攻乌克兰，为缴获更多美国武器？](https://www.dw.com/zh/%E6%99%AE%E4%BA%AC%E6%8E%A8%E8%BF%9F%E8%BF%9B%E6%94%BB%E4%B9%8C%E5%85%8B%E5%85%B0-%E4%B8%BA%E7%BC%B4%E8%8E%B7%E6%9B%B4%E5%A4%9A%E7%BE%8E%E5%9B%BD%E6%AD%A6%E5%99%A8/a-62153768) - 德国之声 3. [普京推迟进攻乌克兰，为缴获更多美国武器？](https://www.rfa.org/mandarin/yataibaodao/junshiwaijiao/ql1-06222022095849.html) - 自由亚洲电台 4. [普京推迟进攻乌克兰，为缴获更多美国武器？](https://www.ntdtv.com/gb/2022/06/22/a103437238.html) - 新唐人电视台 5. [普京推迟进攻乌克兰，为缴获更多美国武器？](https://www.epochtimes.com/gb/2022/6/22/c1327380.html) - 大纪元  以上新闻均提到了普京推迟进攻乌克兰的原因之一是为了缴获更多美国武器。其中第一篇新闻来自美国之音中文网，第二篇来自德国之声，第三篇来自自由亚洲电台，第四篇来自新唐人电视台，第五篇来自大纪元。[^1^][3] 

 ##output: [/INST]","<s>[INST] You are a multilingual fact-checking expert. Classify the claim into: SUPPORTED, REFUTED, NEI.

Output format:
Claim Veracity: [label]

##Instruction: Classify the given Chinese claim into: SUPPORTED, REFUTED, NEI.
Provide exactly one label.

##input: Claim: 为缴获更多美国武器，普京推迟进攻乌克兰

Evidences:
Evidence_1: Sources: Putin to delay invasion until Biden delivers weapons to Ukraine for Russia to capture
Putin: Russia never interfered in US election

##output: [/INST]",refuted,supported,
乌说将拿回属乌的一切 俄称美无法迫使俄遵守美国规则,"<s>[INST] You are a multilingual fact-checking expert. You are given a news claim along with raw evidence related to the claim. Do not consider any other evidence. Your task is to evaluate the veracity of the claim based solely on the provided raw evidence.

 Output your answer in exactly the following format:
 Claim Veracity: [label]

 Answer with one word: SUPPORTED, REFUTED, NEI

##Instruction: Classify the given Chinese claim into one of the three categories (SUPPORTED, REFUTED, NEI) based on the provided evidence.

1. SUPPORTED: Fully supported by the evidence.
2. REFUTED: Clearly contradicted or unsupported by the evidence.
3. NEI: Not enough information to make a decision.

Provide exactly one label.

##input: Claim: 乌说将拿回属乌的一切 俄称美无法迫使俄遵守美国规则

Evidences:
Evidence_1: [1]: ""为啥在俄乌战争中，美国要支持乌克兰制裁俄罗斯呢？ - 知乎""[2]: ""俄乌冲突：美国兴风作浪 世界深受其害 - 新华网""[3]: ""俄罗斯入侵乌克兰：美国总统拜登不出兵的五大原因和前景预测 - BBC News 中文""[4]: ""美国批准首次将没收的俄罗斯资金转移到乌克兰 | 乌克兰战争 新闻 | 半岛电视台""[5]: ""俄罗斯入侵乌克兰：美国斥责俄罗斯拒绝排除使用核武——3月23日最新情况综述 - BBC News 中文""[6]: ""专题报道：乌克兰局势 - 美国之音中文网""您好，这是必应。我找到了以下五条相关消息：- 《为啥在俄乌战争中，美国要支持乌克兰制裁俄罗斯呢？》[^1^][1]：这是一篇知乎网的问答文章，作者分析了美国对俄乌冲突的立场和动机，认为美国是为了维护自身霸权，不惜牺牲他国利益。- 《俄乌冲突：美国兴风作浪 世界深受其害》[^2^][2]：这是一篇新华网的评论文章，作者指出美国通过武器援助、制裁等方式不断“煽风点火”，导致局势恶化，呼吁摒弃冷战思维，推动对话谈判。- 《俄罗斯入侵乌克兰：美国总统拜登不出兵的五大原因和前景预测》[^3^][3]：这是一篇BBC中文网的分析文章，作者列举了拜登总统不愿意参加战斗的五个原因，包括美国民意、经济成本、政治风险、军事挑战和外交影响，并预测了未来可能的发展。- 《美国批准首次将没收的俄罗斯资金转移到乌克兰》[^4^][4]：这是一篇半岛电视台中文网的新闻报道，报道了美国司法部长加兰宣布成立一个新特遣部队，专门针对试图逃避美国对俄罗斯实体实施的大量制裁的俄罗斯寡头，并将没收的资金转给乌克兰政府。- 《俄罗斯入侵乌克兰：美国斥责俄罗斯拒绝排除使用核武——3月23日最新情况综述》[^5^][5]：这是一篇BBC中文网的新闻报道，报道了美国国防部对俄罗斯总统府拒绝排除使用核武器的最新表态提出谴责，并概述了当天其他相关事件。您还想了解什么？😊 

 ##output: [/INST]","<s>[INST] You are a multilingual fact-checking expert. Classify the claim into: SUPPORTED, REFUTED, NEI.

Output format:
Claim Veracity: [label]

##Instruction: Classify the given Chinese claim into: SUPPORTED, REFUTED, NEI.
Provide exactly one label.

##input: Claim: 乌说将拿回属乌的一切 俄称美无法迫使俄遵守美国规则

Evidences:
Evidence_1: 记者：胡晓光 李东旭 孟菁 刘恺 华迪 李铭
Copyright © 2000 - 2025 XINHUANET.com All Rights Reserved.

##output: [/INST]",nei,supported,
"The 2005 round of military base closings ""has not yet resulted in savings.","<s>[INST] You are a multilingual fact-checking expert. You are given a news claim along with raw evidence related to the claim. Do not consider any other evidence. Your task is to evaluate the veracity of the claim based solely on the provided raw evidence.

 Output your answer in exactly the following format:
 Claim Veracity: [label]

 Answer with one word: SUPPORTED, REFUTED, NEI

##Instruction: Classify the given English claim into one of the three categories (SUPPORTED, REFUTED, NEI) based on the provided evidence.

1. SUPPORTED: Fully supported by the evidence.
2. REFUTED: Clearly contradicted or unsupported by the evidence.
3. NEI: Not enough information to make a decision.

Provide exactly one label.

##input: Claim: The 2005 round of military base closings ""has not yet resulted in savings.""

Evidences:
Evidence_1: We need your help. ###  I would like to contribute 
stated on April 30, 2015 in a news release.: 
The 2005 round of military base closings ""has not yet resulted in savings."" 
U.S. Rep. Rob Wittman is trying to thwart the Pentagon’s efforts to begin a new round of military base closing. There have been five rounds of closures in recent decades, starting in the late 1980s as the Soviet Union collapsed and the U.S. military retooled for a post-Cold War mission. The last round took place in 2005 and talk of new spate is worrying congressmen who have bases in their districts. Wittman, a Republican, represents Virginia’s 1st District which includes the Army’s Fort A.P. Hill and the Marine base in Quantico. He recently questioned whether a new round of the Base Realignment and Closure program -- known as BRAC -- made strategic and economic sense. ""We cannot forget that the 2005 BRAC round has not yet resulted in savings,"" he in an April 30 news release. We checked to see if he was right about the lacking of savings. ### Sign up for PolitiFact texts
Gordon Neal, Wittman’s spokesman, sent us a 2009 from the nonpartisan Government Accountability Office that examined the bottom line of the 2005 BRAC, which shuttered 24 bases, realigned 24 others and eliminated about 12,000 civilian jobs. Calculations in the report were based on a Pentagon estimate that the 2005 BRAC would save Uncle Sam $3.9 billion a year -- an estimate that the GAO said is probably high. The GAO also noted that the military spent $35 billion implementing BRAC, far above the original $21 billion estimate. For example, it cost $1.7 billion more than expected to close Walter Reed Medical Center in Washington and move its operations to Fort Belvoir, Va. and the National Naval Medical Center in Bethesda, Md. A chart in the report shows the annual savings started in 2006, but those economies weren’t expected to be enough to pay off the upfront costs of BRAC until 2018, five years later than originally projected. The GAO updated its analysis in 2012 and found that the savings and cost estimates were still about the same. That’s the last time the agency did a cost analysis of the 2005 BRAC. ""So 2018 should still be about the time that the savings would exceed the cost,"" Brian Lepore, GAO’s director of defense capabilities and management, wrote in an email. We spoke to two defense budget analysts and they both told us that Wittman’s statement is correct that the U.S. hasn’t yet pocketed ""net savings"" from the realignment. But that doesn’t mean the program isn’t paying off. Todd Harrison, a senior fellow at the Center for Strategic and Budgetary Assessments, said the last round of BRAC is producing savings but, for the moment, they’re going towards recovering the costs of implementing the program. ""We are going to hit the break even point, and after that it’s all savings,"" Harrison told us. Harrison was among nearly 40 defense analysts who late last month signed a supporting the Pentagon’s call for another round of closings, saying there are surplus military installations around the nation. Harrison said Wittman’s use of the 2005 BRAC to argue against another round is off base. stated on August 24, 2025 in an interview on NBC's ""Meet the Press"" 
 ""If you go back to World War II, if you go back to World War I, if you go back to every major conflict in human history, they all end with some kind of negotiation."" 
The last realignment round was different from the four that came in the 1980s and 1990s, Harrison said, because it focused much more heavily on base consolidations than previous rounds that were mostly directed at merely shuttering facilities. Consolidations are more expensive, he said, because they entail moving operations from one place to another, which means buildings have to be constructed. In 2012, Dorothy Robyn, then deputy under secretary of defense, made the same point in testimony before the House Armed Services Committee. ""In short, the 2005 round took place during a period of growth in the military, and it reflected the goals and needs of that time. Because the focus was on transforming installations to better support forces -- as opposed to saving money and space -- it is a poor gauge of the savings that the Department can achieve through another BRAC round,"" she in written testimony. Robyn said the previous BRAC rounds in 1988, 1991, 1993 and 1995 totaled $8 billion in annual savings. Wittman said that the 2005 BRAC round has ""not resulted in savings.""
Savings are coming in every year, but they haven’t yet reached the break-even point of paying back the costs of BRAC. That’s expected to happen in 2018 and, after that, the money can be used for other purposes. Wittman’s statement is missing important information and creates a faulty impression that the 2005 BRAC has been a loser. On the whole, we rate his claim Half True. The Principles of the Truth-O-Meter 
Rep. Rob Wittman, ""Wittman supports committee passage of National Defense Authorization Act of 2016,"" 4/30/2015
Emails from Gordon Neal, spokesman for Rep. Rob Wittman, May 5-6. 

 ##output: [/INST]","<s>[INST] You are a multilingual fact-checking expert. Classify the claim into: SUPPORTED, REFUTED, NEI.

Output format:
Claim Veracity: [label]

##Instruction: Classify the given English claim into: SUPPORTED, REFUTED, NEI.
Provide exactly one label.

##input: Claim: The 2005 round of military base closings ""has not yet resulted in savings.""

Evidences:
Evidence_1: ###  I would like to contribute 
stated on April 30, 2015 in a news release. : 
The 2005 round of military base closings ""has not yet resulted in savings."" U.S. Rep. Rob Wittman is trying to thwart the Pentagon’s efforts to begin a new round of military base closing. There have been five rounds of closures in recent decades, starting in the late 1980s as the Soviet Union collapsed and the U.S. military retooled for a post-Cold War mission. The last round took place in 2005 and talk of new spate is worrying congressmen who have bases in their districts. Wittman, a Republican, represents Virginia’s 1st District which includes the Army’s Fort A.P. Hill and the Marine base in Quantico. He recently questioned whether a new round of the Base Realignment and Closure program -- known as BRAC -- made strategic and economic sense. ""We cannot forget that the 2005 BRAC round has not yet resulted in savings,"" he in an April 30 news release. We checked to see if he was right about the lacking of savings. ### Sign up for PolitiFact texts
Gordon Neal, Wittman’s spokesman, sent us a 2009 from the nonpartisan Government Accountability Office that examined the bottom line of the 2005 BRAC, which shuttered 24 bases, realigned 24 others and eliminated about 12,000 civilian jobs. Calculations in the report were based on a Pentagon estimate that the 2005 BRAC would save Uncle Sam $3.9 billion a year -- an estimate that the GAO said is probably high. The GAO also noted that the military spent $35 billion implementing BRAC, far above the original $21 billion estimate.

Evidence_2: ###  Stand up for the facts! Our only agenda is to publish the truth so you can be an informed participant in democracy. We need your help. ###  I would like to contribute 
stated on April 30, 2015 in a news release. : 
The 2005 round of military base closings ""has not yet resulted in savings."" U.S. Rep. Rob Wittman is trying to thwart the Pentagon’s efforts to begin a new round of military base closing. There have been five rounds of closures in recent decades, starting in the late 1980s as the Soviet Union collapsed and the U.S. military retooled for a post-Cold War mission. The last round took place in 2005 and talk of new spate is worrying congressmen who have bases in their districts. Wittman, a Republican, represents Virginia’s 1st District which includes the Army’s Fort A.P. Hill and the Marine base in Quantico. He recently questioned whether a new round of the Base Realignment and Closure program -- known as BRAC -- made strategic and economic sense.

Evidence_3: We spoke to two defense budget analysts and they both told us that Wittman’s statement is correct that the U.S. hasn’t yet pocketed ""net savings"" from the realignment. But that doesn’t mean the program isn’t paying off. Todd Harrison, a senior fellow at the Center for Strategic and Budgetary Assessments, said the last round of BRAC is producing savings but, for the moment, they’re going towards recovering the costs of implementing the program. ""We are going to hit the break even point, and after that it’s all savings,"" Harrison told us. Harrison was among nearly 40 defense analysts who late last month signed a supporting the Pentagon’s call for another round of closings, saying there are surplus military installations around the nation. Harrison said Wittman’s use of the 2005 BRAC to argue against another round is off base. stated on August 24, 2025 in an interview on NBC's ""Meet the Press"" 
 ""If you go back to World War II, if you go back to World War I, if you go back to every major conflict in human history, they all end with some kind of negotiation."" The last realignment round was different from the four that came in the 1980s and 1990s, Harrison said, because it focused much more heavily on base consolidations than previous rounds that were mostly directed at merely shuttering facilities. Consolidations are more expensive, he said, because they entail moving operations from one place to another, which means buildings have to be constructed. In 2012, Dorothy Robyn, then deputy under secretary of defense, made the same point in testimony before the House Armed Services Committee. ""In short, the 2005 round took place during a period of growth in the military, and it reflected the goals and needs of that time.

Evidence_4: ""We cannot forget that the 2005 BRAC round has not yet resulted in savings,"" he in an April 30 news release. We checked to see if he was right about the lacking of savings. ### Sign up for PolitiFact texts
Gordon Neal, Wittman’s spokesman, sent us a 2009 from the nonpartisan Government Accountability Office that examined the bottom line of the 2005 BRAC, which shuttered 24 bases, realigned 24 others and eliminated about 12,000 civilian jobs. Calculations in the report were based on a Pentagon estimate that the 2005 BRAC would save Uncle Sam $3.9 billion a year -- an estimate that the GAO said is probably high. The GAO also noted that the military spent $35 billion implementing BRAC, far above the original $21 billion estimate. For example, it cost $1.7 billion more than expected to close Walter Reed Medical Center in Washington and move its operations to Fort Belvoir, Va. and the National Naval Medical Center in Bethesda, Md. A chart in the report shows the annual savings started in 2006, but those economies weren’t expected to be enough to pay off the upfront costs of BRAC until 2018, five years later than originally projected. The GAO updated its analysis in 2012 and found that the savings and cost estimates were still about the same. That’s the last time the agency did a cost analysis of the 2005 BRAC. ""So 2018 should still be about the time that the savings would exceed the cost,"" Brian Lepore, GAO’s director of defense capabilities and management, wrote in an email.

Evidence_5: For example, it cost $1.7 billion more than expected to close Walter Reed Medical Center in Washington and move its operations to Fort Belvoir, Va. and the National Naval Medical Center in Bethesda, Md. A chart in the report shows the annual savings started in 2006, but those economies weren’t expected to be enough to pay off the upfront costs of BRAC until 2018, five years later than originally projected. The GAO updated its analysis in 2012 and found that the savings and cost estimates were still about the same. That’s the last time the agency did a cost analysis of the 2005 BRAC. ""So 2018 should still be about the time that the savings would exceed the cost,"" Brian Lepore, GAO’s director of defense capabilities and management, wrote in an email. We spoke to two defense budget analysts and they both told us that Wittman’s statement is correct that the U.S. hasn’t yet pocketed ""net savings"" from the realignment. But that doesn’t mean the program isn’t paying off. Todd Harrison, a senior fellow at the Center for Strategic and Budgetary Assessments, said the last round of BRAC is producing savings but, for the moment, they’re going towards recovering the costs of implementing the program. ""We are going to hit the break even point, and after that it’s all savings,"" Harrison told us. Harrison was among nearly 40 defense analysts who late last month signed a supporting the Pentagon’s call for another round of closings, saying there are surplus military installations around the nation. Harrison said Wittman’s use of the 2005 BRAC to argue against another round is off base.

##output: [/INST]",nei,supported,
俄乌冲突还未结束，欧洲损失大了,"<s>[INST] You are a multilingual fact-checking expert. You are given a news claim along with raw evidence related to the claim. Do not consider any other evidence. Your task is to evaluate the veracity of the claim based solely on the provided raw evidence.

 Output your answer in exactly the following format:
 Claim Veracity: [label]

 Answer with one word: SUPPORTED, REFUTED, NEI

##Instruction: Classify the given Chinese claim into one of the three categories (SUPPORTED, REFUTED, NEI) based on the provided evidence.

1. SUPPORTED: Fully supported by the evidence.
2. REFUTED: Clearly contradicted or unsupported by the evidence.
3. NEI: Not enough information to make a decision.

Provide exactly one label.

##input: Claim:  俄乌冲突还未结束，欧洲损失大了

Evidences:
Evidence_1: [1]: ""@eurasiapost - channel telegram audience statistics EurasiaPost""[2]: ""环球深壹度 | 朴槿惠即将出狱，韩国政坛再掀波澜 - news""[3]: ""September 2021 - China looks at the Mediterranean Region""您的查询是一个标题，而不是一个问题。我无法确定您想要了解什么方面的信息。不过，我可以根据搜索结果，为您提供一些与该标题相关的新闻。以下是五条新闻的摘要和来源：- 《环球时报》报道，俄罗斯和乌克兰的冲突已经持续了近八年，导致数千人死亡，数百万人流离失所。欧洲也因此受到影响，包括经济损失、能源危机、难民问题和安全威胁[^1^][1]。- 《欧亚邮报》报道，俄罗斯总统普京在12月16日的年度记者会上表示，俄罗斯不会对乌克兰发动战争，但也不会容忍北约对其边界的威胁。他还呼吁欧洲和美国与俄罗斯进行对话，以避免危机升级[^2^][2]。- 《新华网》报道，韩国总统文在寅于12月29日签署特赦令，释放了包括前总统朴槿惠在内的1767名囚犯。朴槿惠因涉嫌贪污、滥用职权等罪名被判处20年有期徒刑，并被罚款180亿韩元（约合1.5亿人民币）。她的出狱可能会对韩国政坛产生影响[^3^][3]。- 《中国日报》报道，欧盟委员会主席冯德莱恩于12月15日发表了2021年欧盟对外关系报告，强调了欧盟与中国、美国、俄罗斯等重要伙伴的合作与竞争关系。她表示，欧盟将继续推动与中国的全面战略伙伴关系，并寻求在气候变化、贸易、投资等领域达成共识。- 《中东地区观察》报道，9月份，中国评论家主要关注了伊朗加入上海合作组织（SCO）的进展、以色列总理纳夫塔利·本内特访问华盛顿的情况、以及美国国务卿安东尼·布林肯和美国国防部长劳埃德·奥斯汀对中东地区的访问。9月16日至17日，在塔吉克斯坦首都杜尚别举行了SCO成员国元首理事会第21次会议，伊朗正式成为该组织的正式成员。以上是我为您找到的相关新闻。如果您有更具体的问题，请告诉我。😊 

 ##output: [/INST]","<s>[INST] You are a multilingual fact-checking expert. Classify the claim into: SUPPORTED, REFUTED, NEI.

Output format:
Claim Veracity: [label]

##Instruction: Classify the given Chinese claim into: SUPPORTED, REFUTED, NEI.
Provide exactly one label.

##input: Claim:  俄乌冲突还未结束，欧洲损失大了

Evidences:
Evidence_1: * 

人 民 网 版 权 所 有 ，未 经 书 面 授 权 禁 止 使 用 Copyright © 1997-2022 by www.people.com.cn. all rights reserved

##output: [/INST]",nei,supported,
美国考虑向乌克兰提供反舰导弹 困难不少,"<s>[INST] You are a multilingual fact-checking expert. You are given a news claim along with raw evidence related to the claim. Do not consider any other evidence. Your task is to evaluate the veracity of the claim based solely on the provided raw evidence.

 Output your answer in exactly the following format:
 Claim Veracity: [label]

 Answer with one word: SUPPORTED, REFUTED, NEI

##Instruction: Classify the given Chinese claim into one of the three categories (SUPPORTED, REFUTED, NEI) based on the provided evidence.

1. SUPPORTED: Fully supported by the evidence.
2. REFUTED: Clearly contradicted or unsupported by the evidence.
3. NEI: Not enough information to make a decision.

Provide exactly one label.

##input: Claim: 美国考虑向乌克兰提供反舰导弹 困难不少

Evidences:
Evidence_1: [1]: ""Week 4 新闻文体翻译总括（二） - summarise - Studocu""[2]: ""Ключевые фразы 21-30 Flashcards | Quizlet""[3]: ""调查显示——中小微企业：困难不少 信心更足_滚动新闻_中国政府网""[4]: ""美国宣布向乌克兰提供爱国者导弹，「爱国者」导弹防空系统对于俄罗斯来说意味着什么？哪些信息值得关注？ - 知乎""[5]: ""“莫斯科”号是如何被击沉的？ - 知乎 - 知乎专栏""[6]: ""“胜利日”前夕，俄乌有新行动！美国计划再军援乌12亿美元！红场阅兵将首次展示两种新装备|乌克兰_新浪财经_新浪网""[7]: ""乌克兰用美国爱国者系统击落俄罗斯高超音速导弹 | 乌克兰战争 新闻 | 半岛电视台""[8]: ""美国再次宣布向乌克兰提供12亿美元的额外安全援助_中国网""您好，这是必应。根据网络搜索，我为您找到了以下五条相关消息：1. 美国国务卿布林肯宣布将向乌克兰提供价值18.5亿美元的军事援助，其中包括“爱国者”防空导弹系统[^1^][4]。2. 乌克兰表示，它使用新获得的美国爱国者防御系统在首都基辅上空击落了一枚俄罗斯高超音速导弹，这将是它首次能够拦截莫斯科最现代化的武器之一[^2^][7]。3. 美国宣布再向乌克兰提供总额达12亿美元军事援助，援助内容包含防空系统、反坦克武器、无人机等[^3^][8]。4. 俄罗斯外交部发言人扎哈罗娃表示，美国向乌克兰提供爱国者导弹系统是一种“挑衅行为”，将加剧乌克兰东部的冲突，并威胁到俄罗斯的安全。5. 乌克兰总统泽连斯基表示，美国向乌克兰提供爱国者导弹系统是一种“重要的信号”，表明美国支持乌克兰的主权和领土完整，并帮助乌克兰抵御俄罗斯的侵略。以上消息的详细来源和内容，请参考搜索结果中的链接。希望对您有所帮助。😊 

 ##output: [/INST]","<s>[INST] You are a multilingual fact-checking expert. Classify the claim into: SUPPORTED, REFUTED, NEI.

Output format:
Claim Veracity: [label]

##Instruction: Classify the given Chinese claim into: SUPPORTED, REFUTED, NEI.
Provide exactly one label.

##input: Claim: 美国考虑向乌克兰提供反舰导弹 困难不少

Evidences:
Evidence_1: * 

人 民 网 版 权 所 有 ，未 经 书 面 授 权 禁 止 使 用 Copyright © 1997-2022 by www.people.com.cn. all rights reserved

##output: [/INST]",nei,supported,
美国正式宣称俄罗斯在乌克兰犯下战争罪,"<s>[INST] You are a multilingual fact-checking expert. You are given a news claim along with raw evidence related to the claim. Do not consider any other evidence. Your task is to evaluate the veracity of the claim based solely on the provided raw evidence.

 Output your answer in exactly the following format:
 Claim Veracity: [label]

 Answer with one word: SUPPORTED, REFUTED, NEI

##Instruction: Classify the given Chinese claim into one of the three categories (SUPPORTED, REFUTED, NEI) based on the provided evidence.

1. SUPPORTED: Fully supported by the evidence.
2. REFUTED: Clearly contradicted or unsupported by the evidence.
3. NEI: Not enough information to make a decision.

Provide exactly one label.

##input: Claim: 美国正式宣称俄罗斯在乌克兰犯下战争罪

Evidences:
Evidence_1: [1]: ""Q&A: Prosecutor General Discusses Accountability for Putin’s War Crimes""[2]: ""Zelensky accuses Russia of 6,000 war crimes in April alone""[3]: ""Ukraine-Russia war – live: denies involvement in Putin ‘assassination attempt’ at Kremlin""[4]: ""US formally accuses Russian forces of committing war crimes in Ukraine ...""[5]: ""US formally declares Russian military has committed war crimes in Ukraine""[6]: ""US officially accuses Russia of committing war crimes in invasion of ...""根据网络搜索，我为您找到了以下五条相关消息：1. 《美国之音》采访了乌克兰总检察长科斯京，他谈到了没收资产、发出逮捕令和起诉那些负责的人的努力[^1^][1]。2. 《每日邮报》报道，乌克兰总统泽连斯基指责俄罗斯仅在四月份就犯下了6000起战争罪行，并要求俄罗斯为数千名平民的死亡负责[^2^][2]。3. 《雅虎新闻》报道，俄罗斯指责乌克兰试图用无人机袭击克里姆林宫，暗杀普京，并发布了据称显示事件的视频。但战争研究所表示，这一说法“极不可能”[^3^][3]。4. 《美国广播公司新闻》报道，美国国务卿布林肯周三宣布，美国国务院已正式评估俄罗斯军队在乌克兰犯下战争罪行。他说，“根据目前可获得的信息，美国政府评估认为，俄罗斯军队的成员在乌克兰犯下了战争罪行”[^4^][4]。5. 《太阳报》报道，美国正式指控俄罗斯在入侵乌克兰期间犯下战争罪行，造成数千名平民死亡。美国最高外交官布林肯说，有“可信的报告”显示，俄罗斯军队“任意和故意”地攻击无辜的平民[^5^][5]。您还想了解更多信息吗？😊 

 ##output: [/INST]","<s>[INST] You are a multilingual fact-checking expert. Classify the claim into: SUPPORTED, REFUTED, NEI.

Output format:
Claim Veracity: [label]

##Instruction: Classify the given Chinese claim into: SUPPORTED, REFUTED, NEI.
Provide exactly one label.

##input: Claim: 美国正式宣称俄罗斯在乌克兰犯下战争罪

Evidences:


##output: [/INST]",supported,refuted,
俄方表示“新年休战”不在议程上 美方称将优先增强乌军防空能力,"<s>[INST] You are a multilingual fact-checking expert. You are given a news claim along with raw evidence related to the claim. Do not consider any other evidence. Your task is to evaluate the veracity of the claim based solely on the provided raw evidence.

 Output your answer in exactly the following format:
 Claim Veracity: [label]

 Answer with one word: SUPPORTED, REFUTED, NEI

##Instruction: Classify the given Chinese claim into one of the three categories (SUPPORTED, REFUTED, NEI) based on the provided evidence.

1. SUPPORTED: Fully supported by the evidence.
2. REFUTED: Clearly contradicted or unsupported by the evidence.
3. NEI: Not enough information to make a decision.

Provide exactly one label.

##input: Claim:  俄方表示“新年休战”不在议程上 美方称将优先增强乌军防空能力

Evidences:
Evidence_1: [1]: ""拜登“俄罗斯16日进攻乌克兰”，克里姆林宫回应系“美国假新闻”""[2]: ""M.U.S.T. President Academician Liu Liang Awarded ... - 澳門科技大學""[3]: ""Products - Carburetors and more - Lantech Machinery Co.,Ltd ...""[4]: ""形势与政策-乌克兰危机演变以及影响 - 知乎 - 知乎专栏""[5]: ""俄罗斯乌克兰战争百日 BBC预测五种结局 - BBC News 中文""[6]: ""俄乌战争 - 维基百科，自由的百科全书""[7]: ""2022年俄羅斯入侵烏克蘭 - 维基百科，自由的百科全书""[8]: ""俄罗斯入侵乌克兰：3月31日最新情况综述 - BBC News 中文""[9]: ""乌克兰战争：BBC记者解答2023年俄罗斯入侵的五个关键问题""您好，这是必应。根据您的要求，我为您找到了以下五条相关消息：- 拜登“俄罗斯16日进攻乌克兰”，克里姆林宫回应系“美国假新闻”[^1^][1]。这篇文章报道了美国总统拜登在1月14日的新闻发布会上透露了俄罗斯可能在1月16日对乌克兰发动大规模军事行动的情报，以及俄罗斯外交部发言人扎哈罗娃对此的否认和指责。- 乌克兰危机演变以及影响[^2^][4]。这篇文章分析了乌克兰危机的起因、过程和结果，以及对欧洲和世界的影响。文章认为，乌克兰危机是冷战结束后前苏联地区最大的一场危机，也是俄罗斯与西方之间的一场地缘政治博弈。- 俄罗斯乌克兰战争百日 BBC预测五种结局[^3^][5]。这篇文章预测了俄罗斯对乌克兰的入侵可能会有五种不同的结局，分别是：俄罗斯全面征服乌克兰、俄罗斯占领顿巴斯地区、俄罗斯与乌克兰达成停火协议、北约干预战争、核战争爆发。- 2022年俄羅斯入侵烏克蘭[^4^][7]。这篇文章是维基百科上关于2022年俄罗斯入侵乌克兰的条目，详细介绍了战争的背景、经过、结果和影响。文章指出，这场战争是自二战以来欧洲最大规模的一场战争，也是第一次涉及核武器使用的战争。- 乌克兰战争：BBC记者解答2023年俄罗斯入侵的五个关键问题[^5^][9]。这篇文章是BBC记者史蒂夫·罗森伯格对2023年俄罗斯入侵乌克兰的战争进行的问答。他回答了关于普京的动机、北约的作用、欧盟的态度、美国的支持和战争的前景等五个关键问题。请问您还有什么其他问题吗？😊 

 ##output: [/INST]","<s>[INST] You are a multilingual fact-checking expert. Classify the claim into: SUPPORTED, REFUTED, NEI.

Output format:
Claim Veracity: [label]

##Instruction: Classify the given Chinese claim into: SUPPORTED, REFUTED, NEI.
Provide exactly one label.

##input: Claim:  俄方表示“新年休战”不在议程上 美方称将优先增强乌军防空能力

Evidences:


##output: [/INST]",nei,supported,
这是乌克兰基辅上空出现的成片乌鸦景象,"<s>[INST] You are a multilingual fact-checking expert. You are given a news claim along with raw evidence related to the claim. Do not consider any other evidence. Your task is to evaluate the veracity of the claim based solely on the provided raw evidence.

 Output your answer in exactly the following format:
 Claim Veracity: [label]

 Answer with one word: SUPPORTED, REFUTED, NEI

##Instruction: Classify the given Chinese claim into one of the three categories (SUPPORTED, REFUTED, NEI) based on the provided evidence.

1. SUPPORTED: Fully supported by the evidence.
2. REFUTED: Clearly contradicted or unsupported by the evidence.
3. NEI: Not enough information to make a decision.

Provide exactly one label.

##input: Claim:  这是乌克兰基辅上空出现的成片乌鸦景象

Evidences:
Evidence_1: [1]: ""美国之音中文网新闻 - 美国之音中文网"" [2]: ""Google News"" [3]: ""联合国新闻 | 全球视野, 常人故事 - UN News""  以下是五篇有关乌克兰基辅上空乌鸦景象的新闻，希望对您有所帮助：  1. 《环球时报》：乌克兰基辅上空出现成片乌鸦景象，引发民众恐慌[^1^][1]。 2. 《新华网》：乌克兰基辅上空出现成片乌鸦景象，当地民众担心疫情[^2^][2]。 3. 《中国新闻网》：乌克兰基辅上空出现成片乌鸦景象，当地民众纷纷拍照留念。 4. 《联合国新闻》：乌克兰基辅上空出现成片乌鸦景象，引发当地民众恐慌[^3^][3]。 5. 《BBC中文网》：乌克兰基辅上空出现成片乌鸦景象，当地民众纷纷拍照留念。  [^1^][1]: http://www.xinhuanet.com/world/2023-06/22/c_1127580236.htm [^3^][3]: https://www.chinanews.com.cn/gj/2023/06-22/9731517.shtml : https://www.bbc.com/zhongwen/simp/world-61996421  以上是我找到的相关新闻，希望能够帮到您。如果您还有其他问题或需要更多信息，请随时告诉我。 

 ##output: [/INST]","<s>[INST] You are a multilingual fact-checking expert. Classify the claim into: SUPPORTED, REFUTED, NEI.

Output format:
Claim Veracity: [label]

##Instruction: Classify the given Chinese claim into: SUPPORTED, REFUTED, NEI.
Provide exactly one label.

##input: Claim:  这是乌克兰基辅上空出现的成片乌鸦景象

Evidences:


##output: [/INST]",refuted,nei,
纵论天下|深度介入俄乌冲突将加速美国霸权衰落,"<s>[INST] You are a multilingual fact-checking expert. You are given a news claim along with raw evidence related to the claim. Do not consider any other evidence. Your task is to evaluate the veracity of the claim based solely on the provided raw evidence.

 Output your answer in exactly the following format:
 Claim Veracity: [label]

 Answer with one word: SUPPORTED, REFUTED, NEI

##Instruction: Classify the given Chinese claim into one of the three categories (SUPPORTED, REFUTED, NEI) based on the provided evidence.

1. SUPPORTED: Fully supported by the evidence.
2. REFUTED: Clearly contradicted or unsupported by the evidence.
3. NEI: Not enough information to make a decision.

Provide exactly one label.

##input: Claim: 纵论天下|深度介入俄乌冲突将加速美国霸权衰落

Evidences:
Evidence_1: [1]: ""陳破空縱論天下 - YouTube""[2]: ""纵论天下_新华网 - news""[3]: ""纵论天下｜对俄制裁冲击欧洲经济 加深欧美分歧 - news""[4]: ""YouTube""您好，这是必应。我找到了以下五条相关消息：1. 《纵论天下｜对俄制裁冲击欧洲经济 加深欧美分歧》[^1^][3]，来源：新华网，内容：分析了西方对俄罗斯的能源制裁对欧洲经济的影响，以及欧美之间的分歧和合作。2. 《纵论天下|资本压榨，政府推诿——美国童工问题愈演愈烈》[^2^][2]，来源：新华网，内容：揭露了美国童工问题的严重性，以及美国政府和企业的不作为和推诿责任。3. 《陈破空纵论天下|美国深度介入俄乌冲突将加速美国霸权衰落》[^3^][1]，来源：YouTube，内容：评论了美国在俄乌冲突中的角色和动机，以及这将对美国霸权和国际秩序的影响。4. 《陈破空纵论天下|俄乌冲突升级 美国为何不敢直接出手》[^3^][1]，来源：YouTube，内容：分析了俄乌冲突的背景和原因，以及美国在其中的利益和困境。5. 《陈破空纵论天下|俄乌边境紧张局势升级 美国为何不敢直接出手》[^3^][1]，来源：YouTube，内容：讨论了俄乌边境的紧张局势，以及美国在其中的策略和考量。希望这些信息对您有帮助。😊 

 ##output: [/INST]","<s>[INST] You are a multilingual fact-checking expert. Classify the claim into: SUPPORTED, REFUTED, NEI.

Output format:
Claim Veracity: [label]

##Instruction: Classify the given Chinese claim into: SUPPORTED, REFUTED, NEI.
Provide exactly one label.

##input: Claim: 纵论天下|深度介入俄乌冲突将加速美国霸权衰落

Evidences:
Evidence_1: * 

人 民 网 版 权 所 有 ，未 经 书 面 授 权 禁 止 使 用 Copyright © 1997-2022 by www.people.com.cn. all rights reserved

##output: [/INST]",supported,nei,
"The auditor [for the city of Providence] was not locked out"" of access to the city's finances.","<s>[INST] You are a multilingual fact-checking expert. You are given a news claim along with raw evidence related to the claim. Do not consider any other evidence. Your task is to evaluate the veracity of the claim based solely on the provided raw evidence.

 Output your answer in exactly the following format:
 Claim Veracity: [label]

 Answer with one word: SUPPORTED, REFUTED, NEI

##Instruction: Classify the given English claim into one of the three categories (SUPPORTED, REFUTED, NEI) based on the provided evidence.

1. SUPPORTED: Fully supported by the evidence.
2. REFUTED: Clearly contradicted or unsupported by the evidence.
3. NEI: Not enough information to make a decision.

Provide exactly one label.

##input: Claim: ""The auditor [for the city of Providence] was not locked out"" of access to the city's finances.

Evidences:
Evidence_1: ###  Stand up for the facts! Our only agenda is to publish the truth so you can be an informed participant in democracy. We need your help. ###  I would like to contribute 
stated on September 4, 2012 in a debate: 
""The auditor [for the city of Providence] was not locked out"" of access to the city's finances. By 
U.S. 

 ##output: [/INST]","<s>[INST] You are a multilingual fact-checking expert. Classify the claim into: SUPPORTED, REFUTED, NEI.

Output format:
Claim Veracity: [label]

##Instruction: Classify the given English claim into: SUPPORTED, REFUTED, NEI.
Provide exactly one label.

##input: Claim: ""The auditor [for the city of Providence] was not locked out"" of access to the city's finances.

Evidences:
Evidence_1: His computer access to city financial records was never canceled, he said, because he never had such access in the first place. Nor was he ever physically locked out of his office or anywhere else where he tried to get records. That would mean Cicilline is correct in the strictest sense of the phrase ""locked out."" But you can still be figuratively locked out if you are denied access to something you're legally entitled to. Providence's City Charter requires the City Council to appoint an internal auditor who ""shall have access to the books and records of all offices, department and other agencies of the city."" That section of the charter offers no limitation. The auditor reports to the council, not the mayor. Lombardi, whose complaints about his inability to get information from the mayor's office go back to 2004, told us that in this case the problem wasn't that he was denied the information. The problem was the timeliness of the responses he was getting. A key issue was whether the city's reserve fund -- sometimes called the rainy-day fund -- was being severely depleted. City records show that on Jan. 11, 2010, Lombardi had requested copies of all authorization forms transferring money in and out of the reserve fund in January 2010, which the Cicilline administration was tapping because of its budget problems. Three days later, he wrote to the city solicitor's office asking it to assist with the request because, if that request was treated like other requests he had made in the past, ""I will never see it."" Lombardi said if that couldn't be done, he would request the data under the state open records law, adding that he thought it was ""ridiculous"" that he would have to do such a thing. He did not get the information until October 2010, according to a report he filed with the City Council.

Evidence_2: ###  Stand up for the facts! Our only agenda is to publish the truth so you can be an informed participant in democracy. We need your help. ###  I would like to contribute 
stated on September 4, 2012 in a debate: 
""The auditor [for the city of Providence] was not locked out"" of access to the city's finances. By 
U.S. Rep. David Cicilline is facing a tough reelection campaign, in part, because by the time he finished his tenure as mayor of Providence, the city was in horrible financial shape and Cicilline, during his 2010 congressional campaign, had characterized the city's fiscal status as ""excellent."" Making matters worse are allegations that Cicilline tried to hide the problems from Providence's internal auditor. Not surprisingly, the issue came up Sept. 4 when he debated his opponent in the 1st District Democratic primary, Anthony Gemma, on WPRO radio. ""The fact of the matter is he locked out the city auditor,"" Gemma said of Cicilline.

Evidence_3: Former Providence Mayor David Cicilline said that the internal auditor for the city ""was not locked out"" of access to the city's finances. The auditor now says that he was not locked out in the usual sense of the word. But there's a fine line between being locked out and stonewalled. Cicilline's spokesman emphatically says that ""neither of those happened."" But the record shows that Lombardi faced many months of delay in getting information he was entitled to by the City Charter. He was forced to use the state’s open records law to get information and waited months for it. And key information -- that Cicilline had been tapping the rainy day fund -- wasn’t provided until October 2010, after Cicilline’s primary victory. Whether it was part of a long-running political wrangle between the mayor and the City Council, which hires the internal auditor, is irrelevant. Open record laws require the release of information regardless of the motives of the person seeking it. The auditor was not locked out in the strictest sense. But the inability of the internal auditor to get information that might have led to a timely disclosure of the city's serious financial problems had the same effect.

Evidence_4: We need your help. ###  I would like to contribute 
stated on September 4, 2012 in a debate: 
""The auditor [for the city of Providence] was not locked out"" of access to the city's finances. By 
U.S. Rep. David Cicilline is facing a tough reelection campaign, in part, because by the time he finished his tenure as mayor of Providence, the city was in horrible financial shape and Cicilline, during his 2010 congressional campaign, had characterized the city's fiscal status as ""excellent."" Making matters worse are allegations that Cicilline tried to hide the problems from Providence's internal auditor. Not surprisingly, the issue came up Sept. 4 when he debated his opponent in the 1st District Democratic primary, Anthony Gemma, on WPRO radio. ""The fact of the matter is he locked out the city auditor,"" Gemma said of Cicilline. ""So why would you lock out the city auditor, when the auditor needs to file for a Freedom of Information request to get in to do the very job that he was supposed to do, when you're not trying to hide something?"" Cicilline called the allegation ""absolutely false. The auditor was not locked out and so that is absolutely untrue."" Cicilline's emphatic denial seemed ripe for an audit of its own. At the center of this dispute is James J. Lombardi III, who served as Providence's internal auditor and, as an employee of the City Council, had a sometimes contentious relationship with the Cicilline administration.

Evidence_5: Cicilline's spokesman emphatically says that ""neither of those happened."" But the record shows that Lombardi faced many months of delay in getting information he was entitled to by the City Charter. He was forced to use the state’s open records law to get information and waited months for it. And key information -- that Cicilline had been tapping the rainy day fund -- wasn’t provided until October 2010, after Cicilline’s primary victory. Whether it was part of a long-running political wrangle between the mayor and the City Council, which hires the internal auditor, is irrelevant. Open record laws require the release of information regardless of the motives of the person seeking it. The auditor was not locked out in the strictest sense. But the inability of the internal auditor to get information that might have led to a timely disclosure of the city's serious financial problems had the same effect. Because the statement contains some element of truth but ignores critical facts that would give a different impression, we rate it. _(Get updates from PolitiFact Rhode Island on Twitter: . To comment or offer your ruling, visit us on our page. )_
stated on September 17, 2025 in an episode of ""Hannity"" 
 There was not “a single, prominent conservative voice in the country that even remotely wanted or hoped or was pushing to get Jimmy Kimmel taken off the air.” 
 The Principles of the Truth-O-Meter 
630WPRO.com, ""Video: Gemma & Cicilline focus on trust and jobs in debate,"" Sept. 4, 2012 Municode.com, ""Providence, Rhode Island - Charter,"" Article VIII-816, accessed Sept. 5, 2012 Interview, James Lombardi, Providence city treasurer, Sept. 5, 2012 Interview, Eric Hyers, spokesman, U.S. Rep. David Cicilline, Sept. 6, 2012 The Providence Journal, ""Auditor stymied by administration,"" Metro edition, Dec. 6, 2004; ""Alarms about finances in 2009 went unheeded,"" March 3, 2011; ""Cicilline says he had to use reserve fund,"" March 14, 2011
stated on October 25, 2016 in a speech: 
 ""The man who was in charge of the investigation of Hillary Clinton accepted essentially from Hillary Clinton $675,000 that went to his wife.""

##output: [/INST]",refuted,supported,
北顿涅茨克氮肥厂部分乌武装人员投降,"<s>[INST] You are a multilingual fact-checking expert. You are given a news claim along with raw evidence related to the claim. Do not consider any other evidence. Your task is to evaluate the veracity of the claim based solely on the provided raw evidence.

 Output your answer in exactly the following format:
 Claim Veracity: [label]

 Answer with one word: SUPPORTED, REFUTED, NEI

##Instruction: Classify the given Chinese claim into one of the three categories (SUPPORTED, REFUTED, NEI) based on the provided evidence.

1. SUPPORTED: Fully supported by the evidence.
2. REFUTED: Clearly contradicted or unsupported by the evidence.
3. NEI: Not enough information to make a decision.

Provide exactly one label.

##input: Claim: 北顿涅茨克氮肥厂部分乌武装人员投降

Evidences:
Evidence_1: [1]: ""China’s Response to War in Ukraine | Asian Survey | University of ...""[2]: ""【全球连线 | 乌前安全官员爆料美主导生物实验室：不能只听美国官方回复】 | 近日，自称为乌克兰前安全官员的瓦西里·普罗佐罗夫披露 ...""[3]: ""U.S. blowing up Nord Stream pipelines - xhinst.net""[4]: ""全球连线_新华网_新华社国际传播融合平台""[5]: ""中企承建埃及首条轻轨铁路通车试运行 - 新华网""[6]: ""全球连线｜世界杯前夕“义乌制造”出口忙 - 新华网""您好，这是必应。根据您的要求，我为您找到了以下五条相关消息：- 《新华网》报道，2022年2月，俄罗斯决定入侵乌克兰，引发了国际社会的关注和反对。中国对此事件的回应分为四个方面：信息、外交、经济和军事战略。北京在信息和外交领域对莫斯科最为支持；在经济方面，中国的立场主要是保持中俄贸易关系的稳定；在军事战略方面，中国则表现出一定的克制和谨慎[^1^][1]。- 《中国新华新闻》发布了一段视频，内容是自称为乌克兰前安全官员的瓦西里·普罗佐罗夫披露美国在乌克兰主导了多个生物实验室的运作，涉及对人类和动物的生物武器试验。普罗佐罗夫表示，这些实验室是美国在乌克兰的“秘密武器”，并呼吁国际社会对此进行调查[^2^][2]。- 《新华国际时事》报道，美国海军参与了去年北溪管道爆炸事件的真相被美国调查记者西摩·赫尔希揭露，这是美国对欧洲盟友发动的一场经济战争。瑞典能源专家安德斯·伯格曼表示，美国的行为是为了阻止欧洲从俄罗斯进口天然气，维护自己的能源霸权[^3^][3]。- 《新华网》报道，由中国企业承建的埃及斋月十日城轻轨铁路3日通车试运行，这是埃及第一条电气化铁路。埃及总统塞西和总理马德布利出席了通车仪式，并对中国企业的高效建设和优质服务表示赞赏。该轻轨铁路全长97公里，共有15个车站，预计每天可运送35万名乘客[^4^][4]。- 《新华网》报道，卡塔尔世界杯还有一个多月时间才拉开大幕，但是对于浙江义乌的商家们来说，围绕世界杯的出口订单发货已渐近尾声。据义乌体育用品协会估算，从卡塔尔世界杯32强的旗帜到加油鼓劲的喇叭、哨子，从足球到球衣、围巾，到大力神杯的仿制品等等，“义乌制造”的世界杯相关产品已经出口到全球100多个国家和地区[^5^][5]。以上就是我为您找到的五条相关消息，请问您还有什么其他需要吗？😊 

 ##output: [/INST]","<s>[INST] You are a multilingual fact-checking expert. Classify the claim into: SUPPORTED, REFUTED, NEI.

Output format:
Claim Veracity: [label]

##Instruction: Classify the given Chinese claim into: SUPPORTED, REFUTED, NEI.
Provide exactly one label.

##input: Claim: 北顿涅茨克氮肥厂部分乌武装人员投降

Evidences:


##output: [/INST]",supported,nei,
谈判对话是解决乌克兰危机的唯一出路——访泰国总理安全咨询委员会主席巴尼丹,"<s>[INST] You are a multilingual fact-checking expert. You are given a news claim along with raw evidence related to the claim. Do not consider any other evidence. Your task is to evaluate the veracity of the claim based solely on the provided raw evidence.

 Output your answer in exactly the following format:
 Claim Veracity: [label]

 Answer with one word: SUPPORTED, REFUTED, NEI

##Instruction: Classify the given Chinese claim into one of the three categories (SUPPORTED, REFUTED, NEI) based on the provided evidence.

1. SUPPORTED: Fully supported by the evidence.
2. REFUTED: Clearly contradicted or unsupported by the evidence.
3. NEI: Not enough information to make a decision.

Provide exactly one label.

##input: Claim: 谈判对话是解决乌克兰危机的唯一出路——访泰国总理安全咨询委员会主席巴尼丹

Evidences:
Evidence_1: [1]: ""乌克兰危机的深层背景与直接诱因是什么？ - 百家号""[2]: ""形势与政策-乌克兰危机演变以及影响 - 知乎 - 知乎专栏""[3]: ""烏克蘭危機 - 维基百科，自由的百科全书""[4]: ""2021年—2022年俄乌危机 - 维基百科，自由的百科全书""[5]: ""乌克兰危机：解读顿巴斯、明斯克协议、北溪二号等五个关键词 - BBC News 中文""您好，这是必应。我找到了一些与您的查询相关的新闻，但没有找到与您提到的泰国总理安全咨询委员会主席巴尼丹的访谈。以下是我为您挑选的五条新闻：- 乌克兰危机的深层背景与直接诱因是什么？[^1^][1] 这篇文章分析了乌克兰危机的历史根源、地缘政治因素和国际影响，认为乌克兰危机是冷战结束后前苏联地区最大的一场危机，也是21世纪以来全球秩序重构的重大事件。- 形势与政策-乌克兰危机演变以及影响[^2^][2] 这篇文章梳理了乌克兰危机从2013年至2022年的主要发展过程和各方立场，指出乌克兰危机的爆发根本原因是欧盟和俄罗斯争夺苏东地区经济主导权，而俄罗斯在推动欧亚经济一体化方面操之过急，导致乌克兰“倒向欧盟”。- 烏克蘭危機[^3^][3] 这是维基百科对乌克兰危机的概述，介绍了乌克兰危机的起因、经过、结果和影响，包括亚努科维奇政府下台、俄罗斯吞并克里米亚、顿巴斯战争、明斯克协议等重要事件。- 2021年—2022年俄乌危机[^4^][4] 这是维基百科对最近俄乌局势升级的描述，说明了俄罗斯在乌克兰边境集结军队、北溪二号天然气管道项目、北约和欧盟的反应、联合国安理会的讨论等相关情况。- 乌克兰危机：解读顿巴斯、明斯克协议、北溪二号等五个关键词[^5^][5] 这是BBC中文对乌克兰战争爆发后的五个关键词的解读，包括顿巴斯地区的历史和现状、明斯克协议的内容和执行情况、北溪二号天然气管道项目的背景和争议、北约对乌克兰的支持和承诺、以及俄罗斯对西方制裁的反应和态度。希望这些信息对您有所帮助。😊 

 ##output: [/INST]","<s>[INST] You are a multilingual fact-checking expert. Classify the claim into: SUPPORTED, REFUTED, NEI.

Output format:
Claim Veracity: [label]

##Instruction: Classify the given Chinese claim into: SUPPORTED, REFUTED, NEI.
Provide exactly one label.

##input: Claim: 谈判对话是解决乌克兰危机的唯一出路——访泰国总理安全咨询委员会主席巴尼丹

Evidences:


##output: [/INST]",nei,supported,
真实的谎言――俄乌冲突卫星调查系列之二,"<s>[INST] You are a multilingual fact-checking expert. You are given a news claim along with raw evidence related to the claim. Do not consider any other evidence. Your task is to evaluate the veracity of the claim based solely on the provided raw evidence.

 Output your answer in exactly the following format:
 Claim Veracity: [label]

 Answer with one word: SUPPORTED, REFUTED, NEI

##Instruction: Classify the given Chinese claim into one of the three categories (SUPPORTED, REFUTED, NEI) based on the provided evidence.

1. SUPPORTED: Fully supported by the evidence.
2. REFUTED: Clearly contradicted or unsupported by the evidence.
3. NEI: Not enough information to make a decision.

Provide exactly one label.

##input: Claim: 真实的谎言――俄乌冲突卫星调查系列之二

Evidences:
Evidence_1: [1]: ""真实的谎言——俄乌冲突卫星调查系列之二-新华网""[2]: ""真实的谎言——俄乌冲突卫星调查系列之二 _中国经济网——国家经济门户""[3]: ""真实的谎言 - 维基百科，自由的百科全书""您好，这是必应。根据您的要求，我为您找到了以下五条相关消息，并给出了详细来源与内容：- 消息一：《真实的谎言——俄乌冲突卫星调查系列之二》[^1^][1]，这是新华社于2023年2月21日发布的一篇报道，揭露了美国在俄乌冲突中的虚伪和谎言，指出美国利用卫星情报误导国际舆论，支持乌克兰政府对东部民众的镇压，同时阻挠俄罗斯提供人道主义援助。- 消息二：《真实的谎言——俄乌冲突卫星调查系列之二》[^2^][2]，这是中国经济网于2023年2月21日转载的新华社的报道，内容与消息一相同。- 消息三：《真实的谎言》[^3^][3]，这是维基百科上关于一部1994年美国动作电影的词条，由詹姆斯·卡梅隆导演，阿诺德·施瓦辛格主演，讲述了一个特工在妻子不知情的情况下执行任务的故事。该电影与您的查询无关，可能是由于关键词重复而出现在搜索结果中。- 消息四：没有找到更多与您的查询相关的消息。- 消息五：没有找到更多与您的查询相关的消息。希望以上信息对您有所帮助。😊 

 ##output: [/INST]","<s>[INST] You are a multilingual fact-checking expert. Classify the claim into: SUPPORTED, REFUTED, NEI.

Output format:
Claim Veracity: [label]

##Instruction: Classify the given Chinese claim into: SUPPORTED, REFUTED, NEI.
Provide exactly one label.

##input: Claim: 真实的谎言――俄乌冲突卫星调查系列之二

Evidences:
Evidence_1: * 

监制：李拯宇 贺大为 冯俊扬 薛颖 金学耕
数据与技术：乔柯 江育东 冯春 刘心宇 哈昱淳 韩心蕾 王倩
视频制作/视觉设计：李奇 于晨皓 桑佳琪 王玉坤 郭超 王嘉栋
执行顾问：谢鹏 韩墨 杨晴川 闫珺岩 刘畅 杨骏 赵晖 辛俭强
人 民 网 版 权 所 有 ，未 经 书 面 授 权 禁 止 使 用 Copyright © 1997-2023 by www.people.com.cn. all rights reserved

##output: [/INST]",nei,supported,
俄乌战事紧 美国军援忙,"<s>[INST] You are a multilingual fact-checking expert. You are given a news claim along with raw evidence related to the claim. Do not consider any other evidence. Your task is to evaluate the veracity of the claim based solely on the provided raw evidence.

 Output your answer in exactly the following format:
 Claim Veracity: [label]

 Answer with one word: SUPPORTED, REFUTED, NEI

##Instruction: Classify the given Chinese claim into one of the three categories (SUPPORTED, REFUTED, NEI) based on the provided evidence.

1. SUPPORTED: Fully supported by the evidence.
2. REFUTED: Clearly contradicted or unsupported by the evidence.
3. NEI: Not enough information to make a decision.

Provide exactly one label.

##input: Claim: 俄乌战事紧 美国军援忙

Evidences:
Evidence_1: [1]: ""全球连线_新华网_新华社国际传播融合平台 - news""[2]: ""China’s Response to War in Ukraine | Asian Survey | University of ...""[3]: ""新华国际_新华网 - news""[4]: ""2022俄乌之战｜72小时战事：乌方拒绝谈判俄军攻势加强_快看_澎湃新闻-The Paper""[5]: ""俄乌战争 - 维基百科，自由的百科全书""[6]: ""【俄乌冲突第二十一天】俄军宣布控制赫尔松州全境""您好，这是必应。根据您的搜索请求，我为您找到了以下五条相关消息：1. 俄罗斯总统普京于2022年2月24日清晨宣布，在顿巴斯地区发起特别军事行动，随后乌克兰多地发生冲突，俄乌双方各有人员伤亡[^1^][4]。2. 乌克兰总统泽连斯基于2022年2月25日晚间宣布，乌克兰全国进入战时状态，并向北约和欧盟求援[^1^][4]。3. 美国总统拜登于2022年2月26日发表电视讲话，谴责俄罗斯的侵略行为，并宣布向乌克兰提供紧急军事援助，包括武器、弹药、情报和医疗物资[^1^][4]。4. 中国外交部发言人华春莹于2022年2月27日就俄乌局势发表声明，呼吁有关各方保持克制，通过对话和协商解决分歧，维护地区和平与稳定[^2^][5]。5. 俄罗斯国防部长科纳申科夫于2022年3月16日宣布，俄军已经完全控制了赫尔松州全境区域，并向乌克兰政府提出停火条件，包括承认顿巴斯地区的自治权和撤回所有对俄罗斯的制裁[^3^][6]。以上消息的详细来源和内容可以在搜索结果中查看。如果您有其他问题或需要更多信息，请告诉我。😊 

 ##output: [/INST]","<s>[INST] You are a multilingual fact-checking expert. Classify the claim into: SUPPORTED, REFUTED, NEI.

Output format:
Claim Veracity: [label]

##Instruction: Classify the given Chinese claim into: SUPPORTED, REFUTED, NEI.
Provide exactly one label.

##input: Claim: 俄乌战事紧 美国军援忙

Evidences:
Evidence_1: * 

记者：胡晓光 陈嫱 孟菁 李铭 李东旭 邓仙来 耿鹏宇 沈敏
人 民 网 版 权 所 有 ，未 经 书 面 授 权 禁 止 使 用 Copyright © 1997-2022 by www.people.com.cn. all rights reserved

##output: [/INST]",nei,supported,
俄罗斯启用苏联时期坦克T-34,"<s>[INST] You are a multilingual fact-checking expert. You are given a news claim along with raw evidence related to the claim. Do not consider any other evidence. Your task is to evaluate the veracity of the claim based solely on the provided raw evidence.

 Output your answer in exactly the following format:
 Claim Veracity: [label]

 Answer with one word: SUPPORTED, REFUTED, NEI

##Instruction: Classify the given Chinese claim into one of the three categories (SUPPORTED, REFUTED, NEI) based on the provided evidence.

1. SUPPORTED: Fully supported by the evidence.
2. REFUTED: Clearly contradicted or unsupported by the evidence.
3. NEI: Not enough information to make a decision.

Provide exactly one label.

##input: Claim:  俄罗斯启用苏联时期坦克T-34

Evidences:
Evidence_1: [1]: ""明查｜俄罗斯启用苏联时期坦克T-34？|俄军|俄罗斯_新浪新闻"" [2]: ""传奇坦克T-34“打头阵” 领衔亮相红场阅兵（现场）|红场阅兵|刘强_新浪新闻"" [3]: ""俄军启用老古董T-34？坦克坟场里的T62、T72还没用完_腾讯新闻""  俄罗斯最近在红场阅兵中启用了苏联时期的坦克T-34，这是一款在二战中立下汗马功劳的坦克。T-34因其性能可靠、操作简单等优点深受好评[^1^][2]。以下是五篇相关新闻：  1. 传奇坦克T-34“打头阵” 领衔亮相红场阅兵（现场）|红场阅兵|刘强_新浪新闻 [^1^][2] 2. 俄军启用老古董T-34？坦克坟场里的T62、T72还没用完_腾讯新闻 [^2^][3] 3. 俄罗斯在红场阅兵中启用二战时期遗留的T-34坦克 [^3^][1] 4. 俄罗斯红场阅兵：传奇坦克T-34领衔亮相 [^3^][1] 5. 俄罗斯红场阅兵：传奇坦克T-34领衔亮相 [^3^][1]  希望这些信息对你有所帮助。 

 ##output: [/INST]","<s>[INST] You are a multilingual fact-checking expert. Classify the claim into: SUPPORTED, REFUTED, NEI.

Output format:
Claim Veracity: [label]

##Instruction: Classify the given Chinese claim into: SUPPORTED, REFUTED, NEI.
Provide exactly one label.

##input: Claim:  俄罗斯启用苏联时期坦克T-34

Evidences:


##output: [/INST]",nei,refuted,
波兰停止向乌克兰难民发放每日40兹罗提食宿补助,"<s>[INST] You are a multilingual fact-checking expert. You are given a news claim along with raw evidence related to the claim. Do not consider any other evidence. Your task is to evaluate the veracity of the claim based solely on the provided raw evidence.

 Output your answer in exactly the following format:
 Claim Veracity: [label]

 Answer with one word: SUPPORTED, REFUTED, NEI

##Instruction: Classify the given Chinese claim into one of the three categories (SUPPORTED, REFUTED, NEI) based on the provided evidence.

1. SUPPORTED: Fully supported by the evidence.
2. REFUTED: Clearly contradicted or unsupported by the evidence.
3. NEI: Not enough information to make a decision.

Provide exactly one label.

##input: Claim:  波兰停止向乌克兰难民发放每日40兹罗提食宿补助

Evidences:
Evidence_1: [1]: ""美国之音中文网新闻 - 美国之音中文网"" [2]: ""新闻频道_央视网 "" [3]: ""中国新闻_央视网 ""  波兰政府已经停止向乌克兰难民发放每日40兹罗提食宿补助。这个决定是在2022年12月生效的，目前还没有新的补助计划。[^1^][1]  以下是五篇相关新闻，供您参考： 1. [波兰停止向乌克兰难民发放每日40兹罗提食宿补助]  2. [波兰停止向乌克兰难民发放每日40兹罗提食宿补助]  3. [波兰停止向乌克兰难民发放每日40兹罗提食宿补助]  4. [波兰停止向乌克兰难民发放每日40兹罗提食宿补助]  5. [波兰停止向乌克兰难民发放每日40兹罗提食宿补助]   希望这些新闻能够帮到您。 

 ##output: [/INST]","<s>[INST] You are a multilingual fact-checking expert. Classify the claim into: SUPPORTED, REFUTED, NEI.

Output format:
Claim Veracity: [label]

##Instruction: Classify the given Chinese claim into: SUPPORTED, REFUTED, NEI.
Provide exactly one label.

##input: Claim:  波兰停止向乌克兰难民发放每日40兹罗提食宿补助

Evidences:


##output: [/INST]",refuted,nei,
“绝对有必要”对美在乌克兰生物实验室进行严格核查――访联合国前武器核查员里特,"<s>[INST] You are a multilingual fact-checking expert. You are given a news claim along with raw evidence related to the claim. Do not consider any other evidence. Your task is to evaluate the veracity of the claim based solely on the provided raw evidence.

 Output your answer in exactly the following format:
 Claim Veracity: [label]

 Answer with one word: SUPPORTED, REFUTED, NEI

##Instruction: Classify the given Chinese claim into one of the three categories (SUPPORTED, REFUTED, NEI) based on the provided evidence.

1. SUPPORTED: Fully supported by the evidence.
2. REFUTED: Clearly contradicted or unsupported by the evidence.
3. NEI: Not enough information to make a decision.

Provide exactly one label.

##input: Claim: “绝对有必要”对美在乌克兰生物实验室进行严格核查――访联合国前武器核查员里特

Evidences:
Evidence_1: [1]: ""乌克兰外长德米特里·库列巴接受新华社专访 - news""[2]: ""专访：2021年中乌务实合作取得丰硕成果——访中国驻乌克兰大使范先荣_滚动新闻_中国政府网""[3]: ""34岁升任斯坦福终身教授！专访崔屹：“完美”科研生涯如何达成？""[4]: ""为高水平科技创新提供有力支撑——专访中国科学院副院长高鸿钧_滚动新闻_中国政府网""您好，这是必应。我为您找到了以下五条相关消息：- 《新华社》于2022年4月30日报道，乌克兰外长德米特里·库列巴接受了新华社的书面专访，就乌克兰局势、中乌关系、新冠疫情等问题发表了看法[^1^][1]。- 《中国政府网》于2022年1月14日报道，中国驻乌克兰大使范先荣接受了新华社记者的专访，回顾了2021年中乌务实合作的丰硕成果，并展望了2022年中乌关系的发展前景[^2^][2]。- 《环球时报》于2021年10月28日报道，联合国前武器核查员里特在接受《环球时报》记者的专访时表示，“绝对有必要”对美在乌克兰生物实验室进行严格核查，并指出美国在全球建立的生物实验室网络存在很多隐患和风险[^3^][3]。- 《人民日报》于2021年10月27日报道，中国驻乌克兰大使范先荣在接受《人民日报》记者的专访时表示，中方坚定支持乌克兰主权和领土完整，反对任何形式的外部干涉和军事挑衅，并呼吁各方通过对话和协商解决分歧[^4^][4]。- 《中国政府网》于2022年3月17日报道，中国科学院副院长高鸿钧在接受新华社记者的专访时介绍了中国科学院在高水平科技创新方面的工作和成就，并谈到了未来的发展目标和重点任务。以上是我为您找到的相关消息，希望对您有帮助。😊 

 ##output: [/INST]","<s>[INST] You are a multilingual fact-checking expert. Classify the claim into: SUPPORTED, REFUTED, NEI.

Output format:
Claim Veracity: [label]

##Instruction: Classify the given Chinese claim into: SUPPORTED, REFUTED, NEI.
Provide exactly one label.

##input: Claim: “绝对有必要”对美在乌克兰生物实验室进行严格核查――访联合国前武器核查员里特

Evidences:
Evidence_1: * 

人 民 网 版 权 所 有 ，未 经 书 面 授 权 禁 止 使 用 Copyright © 1997-2022 by www.people.com.cn. all rights reserved

##output: [/INST]",nei,supported,
普京与朔尔茨通电话 乌俄交换被扣押人员,"<s>[INST] You are a multilingual fact-checking expert. You are given a news claim along with raw evidence related to the claim. Do not consider any other evidence. Your task is to evaluate the veracity of the claim based solely on the provided raw evidence.

 Output your answer in exactly the following format:
 Claim Veracity: [label]

 Answer with one word: SUPPORTED, REFUTED, NEI

##Instruction: Classify the given Chinese claim into one of the three categories (SUPPORTED, REFUTED, NEI) based on the provided evidence.

1. SUPPORTED: Fully supported by the evidence.
2. REFUTED: Clearly contradicted or unsupported by the evidence.
3. NEI: Not enough information to make a decision.

Provide exactly one label.

##input: Claim: 普京与朔尔茨通电话 乌俄交换被扣押人员

Evidences:
Evidence_1: [1]: ""In Call With Putin, Scholz Vows Germany’s Continued Support for Ukraine ...""[2]: ""Germany's Scholz, Russia's Putin discuss Ukraine in phone call""[3]: ""Ukraine war: Scholz says Vladimir Putin does not see war as ... - BBC""[4]: ""Russia's Putin tells Germany's Scholz that Western line on Ukraine is ...""您好，这是必应。根据网络搜索，以下是五条与您的查询相关的新闻：1. 《纽约时报》报道，德国总理奥拉夫·朔尔茨（Olaf Scholz）于周五与俄罗斯总统弗拉基米尔·普京（Vladimir V. Putin）通电话，承诺继续为乌克兰提供军事支持。据莫斯科方面称，普京在电话中谴责柏林和西方“向乌克兰输送武器”[^1^][1]。2. 路透社报道，德国总理奥拉夫·朔尔茨（Olaf Scholz）于周二与俄罗斯总统弗拉基米尔·普京（Vladimir Putin）通电话，敦促俄罗斯领导人根据停火协议和尽快撤出俄罗斯军队的原则，为乌克兰冲突寻找外交解决方案，德国政府发言人说[^2^][2]。3. 英国广播公司（BBC）报道，奥拉夫·朔尔茨（Olaf Scholz）周三对记者说，他在90分钟的通话中敦促普京（Putin）撤军并重新与乌克兰对话。他呼吁俄罗斯尊重乌克兰的主权，并表示普京没有将战争视为解决问题的选项[^3^][3]。4. 路透社报道，俄罗斯总统弗拉基米尔·普京（Vladimir Putin）在周五与德国总理奥拉夫·朔尔茨（Olaf Scholz）的电话中表示，德国和西方对乌克兰的立场是“破坏性”的，并敦促柏林重新考虑其立场[^4^][4]。5. 据《华盛顿邮报》报道，乌克兰和俄罗斯周一交换了被扣押人员，其中包括一名被指控参与2014年马航MH17航班坠毁的前乌克兰士兵。这是两国自2019年以来首次进行囚犯交换，被视为缓和紧张局势的一个信号。 

 ##output: [/INST]","<s>[INST] You are a multilingual fact-checking expert. Classify the claim into: SUPPORTED, REFUTED, NEI.

Output format:
Claim Veracity: [label]

##Instruction: Classify the given Chinese claim into: SUPPORTED, REFUTED, NEI.
Provide exactly one label.

##input: Claim: 普京与朔尔茨通电话 乌俄交换被扣押人员

Evidences:


##output: [/INST]",supported,refuted,
"More lives are lost from violence against women, sex-selective abortion, female infanticide, suicide, egregious maternal mortality, and other sex-linked causes than were lost during all of the wars and civil strife of the 20th century.","<s>[INST] You are a multilingual fact-checking expert. You are given a news claim along with raw evidence related to the claim. Do not consider any other evidence. Your task is to evaluate the veracity of the claim based solely on the provided raw evidence.

 Output your answer in exactly the following format:
 Claim Veracity: [label]

 Answer with one word: SUPPORTED, REFUTED, NEI

##Instruction: Classify the given English claim into one of the three categories (SUPPORTED, REFUTED, NEI) based on the provided evidence.

1. SUPPORTED: Fully supported by the evidence.
2. REFUTED: Clearly contradicted or unsupported by the evidence.
3. NEI: Not enough information to make a decision.

Provide exactly one label.

##input: Claim: ""More lives are lost from violence against women, sex-selective abortion, female infanticide, suicide, egregious maternal mortality, and other sex-linked causes than were lost during all of the wars and civil strife of the 20th century.""

Evidences:
Evidence_1: We need your help. ###  I would like to contribute 
stated on February 24, 2016 in an interview with Gloria Steinem: 
""More lives are lost from violence against women, sex-selective abortion, female infanticide, suicide, egregious maternal mortality, and other sex-linked causes than were lost during all of the wars and civil strife of the 20th century."" 
Violence against women resulted in more deaths than all the wars and conflicts of the past century combined, according to actress Emma Watson. As part of her work as an United Nations Women Goodwill ambassador, Watson recently launched a feminist book club, , and spoke with feminist icon Gloria Steinem in London. Beyond revelations about Watson’s similarity to , her and her research into , the Harry Potter star also shared a statistic that ""blindsided"" her from the book, (""The two things we want, right?"" quipped Steinem.) 
""There are now 101.3 men to every 100 women on the planet. So women are no longer half of humanity,"" Watson on Feb. 24. ""I’m the book here but it says, ‘More lives are lost from violence against women, sex-selective abortion, female infanticide, suicide, egregious maternal mortality, and other sex-linked causes than were lost during all of the wars and civil strife of 20th century.’ ""
""So from this perspective,"" she continued, ""The greatest security dilemma then is systematic, social devaluation of female life. I’d never come across a statistic like this. I had not understood that we were literally affecting the balance of the population of the world.""
That’s a startling statistic, and we wondered if it was grounded in fact. ### Sign up for PolitiFact texts
Looking at the available data, Watson has a point that the devaluation of female life leads to a staggering amount of lost lives. However, it’s not clear that those lost lives are higher than the number of war and conflict deaths in the 20th century. The numbers are comparable, but some estimates find the number of war deaths as slightly higher. We didn’t hear back from Watson or UN Women, but we did speak with author, Valerie Hudson, who’s a professor of international affairs at Texas A&M University. Hudson walked us through how she crunched the numbers and shared a chart from her comparing the deaths due to conflict and deaths due to sex-selective causes:
Hudson told us she tallied up the death tolls of 53 wars, conflicts and authoritarian regimes for a total of 152.75 million lives. She then compared that number to the number of ""missing women."" This concept, by Nobel-winning economist and philosopher Amartya Sen in 1990s, uses abnormal male-to-female ratios to determine how many women would be alive in a specific year or time period if they weren’t aborted, neglected or victims of inequality. For example, in 2005, the sex ratio in India was 107.5 males per 100 females. The normal sex ratio for a stable population is about 98 to 100.3 males per 100 females. (Women tend to live longer under equal circumstances.)
This means that there was a 6.7 percent to 9 percent shortfall in India’s female population, equal to roughly 36 million to 49 million missing women. Hudson used the ’s estimate of 163 million missing women in Asia in 2005 — 10 million more than lives lost to 20th century conflicts. But these figures aren’t the only estimates out there. Let’s state off the bat that there are many difficulties with tallying up both how many women should exist but don’t, as well as how many lives were lost in all of the last century’s civil strife and wars. Any estimate of missing women only works on the assumption that the skewed sex ratio is a result of discrimination. Similarly, while the specific number of casualties in World War I or under Khmer Rouge are reported, estimates for deaths in little-known conflicts like the one between Islamic separatists in the Philippines and the government are murky or nonexistent. That being said, the estimates we found besides Hudson’s do not show female deaths eclipsing the conflict death of the 20th century. Nonetheless, the numbers for sex-linked deaths are still considerable. Hudson’s number for conflict deaths (153 million) is a bit low. Most other tallies pin the total death toll somewhere around 200 million:
(*We did not include Rummel’s 169.2 million estimate in calculating the average, because the figure refers only to democides, or government-inflicted deaths, and does not include war casualties or famines associated with regime mismanagement.)
Hudson’s missing women figure, meanwhile, appears to be an outlier when compared to other estimates:
stated on September 22, 2025 in a press conference 
 “There's no downside” to avoiding Tylenol or acetaminophen use while pregnant. 86 million in China, India and sub-Saharan Africa
(Hudson’s source)
163 million worldwide in Asia
67 million to 92 million in 8 Asian countries
102 million to 113 million worldwide
65 million to 107 million worldwide
Experts we spoke with expressed the toll of gendercide with more tempered, and more accurate, comparisons than Hudson’s and Watson’s. ""The number of missing females is undoubtedly of a larger order than recent demographic catastrophes such as World War II, the Chinese Famine, the HIV-aids epidemics, etc.,"" said Christophe Guilmoto, a demographer and author of several UN reports on the issue. ""There are more missing women today than died in the two World Wars of the 20th century,"" said Stephan Klasen, a professor of development economics at the University of Göttingen. While none of the missing women estimates top the 20th century’s conflict death toll, they’re a ""stock measure,"" which quantifies the impact of gender inequality in survival for generations that are currently alive, according to Klasen. ""(A missing women estimate) does not count those women and girls who died from discrimination decades ago and would have, by now, died from other causes,"" Klasen said. If you tallied up all the missing women of the 20th century, ""the number would be well over 200 million,"" said Siwan Anderson, a University of British Columbia professor who specializes in development and gender economics. Since the 1970s, the number of missing women has risen and is expected to peak in 2035. There are no signs that skewed sex ratios have normalized even as we’ve normalized violence against women, Hudson told us. ""We silo it off as ‘stuff that happens between men and women’ and do not count it as ‘stuff that happens to human beings,"" she said. ""What an incredible level of impunity for a crime committed against a human being, just because that human being has two X chromosomes.""
Watson said, ""More lives are lost from violence against women, sex-selective abortion, female infanticide, suicide, egregious maternal mortality, and other sex-linked causes than were lost during all of the wars and civil strife of 20th century.""
The claim comes from the book by Valerie Hudson, who was citing a UN figure of 163 million missing women in 2005. That’s 10 million more than her estimate of lives lost in all of last century’s strife, 153 million. 

 ##output: [/INST]","<s>[INST] You are a multilingual fact-checking expert. Classify the claim into: SUPPORTED, REFUTED, NEI.

Output format:
Claim Veracity: [label]

##Instruction: Classify the given English claim into: SUPPORTED, REFUTED, NEI.
Provide exactly one label.

##input: Claim: ""More lives are lost from violence against women, sex-selective abortion, female infanticide, suicide, egregious maternal mortality, and other sex-linked causes than were lost during all of the wars and civil strife of the 20th century.""

Evidences:
Evidence_1: Watson said, ""More lives are lost from violence against women, sex-selective abortion, female infanticide, suicide, egregious maternal mortality, and other sex-linked causes than were lost during all of the wars and civil strife of 20th century."" The claim comes from the book by Valerie Hudson, who was citing a UN figure of 163 million missing women in 2005. That’s 10 million more than her estimate of lives lost in all of last century’s strife, 153 million. But this is using a high estimate for the first measure and a low estimate for the second. The number of sex-related deaths, which varies from year to year, typically falls within 100 million to 130 million range. The number of deaths due to war, according to most other estimates, is about 200 million. Both numbers are disturbingly high, but it’s not clear that one is definitively higher than the other. With this caveat, we rate Watson’s claim Half True. .sharethefacts{font-family: 'Roboto', 'Helvetica', sans-serif; color: rgba(0, 0, 0, 0.86); font-weight: 400; margin: 0px; margin-top:40px; padding: 0; background-color:#f5f5f5; padding:32px; padding-bottom:24px; display: block; margin: auto; margin:0 auto; background-color: #ffffff; width:75%; height:auto; max-width:600px; min-width:260px; box-shadow: 0 2px 2px 0 rgba(0,0,0,.34),0 3px 1px -2px rgba(0,0,0,.4),0 1px 5px 0 rgba(0,0,0,.32); position: relative;}.sharethefacts .sharethefacts-header{height: 25px; margin-top: -20px; border-bottom-width: 1px; border-bottom-color: silver; border-bottom-style: solid; margin-bottom: 20px; font-size: 16px; color: rgba(0,0,0,0.86);}.sharethefacts .sharethefacts-name{display: inline-block; float:left;}.sharethefacts .sharethefacts-name img{display: inline-block; float:left; padding-bottom: 10px; padding-right: 20px; width: 90px; height: 90px;}.sharethefacts .sharethefacts-speaker{float:left; padding-top: 10px; width:300px;}.sharethefacts .sharethefacts-speaker .sharethefacts-speaker-name{font-weight: 500; font-size: 20px; padding-bottom: 8px;}.sharethefacts .sharethefacts-speaker .sharethefacts-speaker-title{color: rgba(0,0,0,0.54); font-size:14px;}.sharethefacts .sharethefacts-rating{padding-left:32px; float: right; width:120px; height:auto; display: inline; max-height: 200px;}.sharethefacts .sharethefacts-rating img{width: 100%; padding-bottom:24px;}.sharethefacts h1{display: inline-block; font-weight: 500; font-size: 20px; line-height: 1.35em; -webkit-margin-before: .35em; -webkit-margin-after: 0em; -webkit-margin-start: 0px; -webkit-margin-end: 0px;}.sharethefacts .sharethefacts-statement{margin-top: 80px; width: 100%; display: block; font-size: 16px; line-height: 26px;}.sharethefacts .sharethefacts-dateline{font-size: 14px; color: rgba(0,0,0,0.54); font-weight: 400; margin-top: 8px;}.sharethefacts hr{border-bottom: 1px; border-left: 0px; border-right: 0px; border-top: 0px; border-style:solid; border-color:#e0e0e0; padding-top: 0px; padding-bottom: 0px;}.sharethefacts .sharethefacts-links{display:block; padding-top: 20px;}.sharethefacts a:-webkit-any-link{color: #2196f3; text-decoration: none; cursor: pointer;}.sharethefacts .sharethefacts-links a{margin-right: 32px; font-size: 14px; text-transform: uppercase; color: #2196f3; text-decoration: none; font-weight: 500;}.sharethefacts .sharethefacts-links a:hover{cursor: pointer;}.sharethefacts a :hover{cursor: pointer; text-decoration: none;}.sharethefacts ul{padding-left: 0px; display:block; padding-top: 10px; padding-bottom: 0px;}.sharethefacts li{display: inline; margin-right: 32px; font-size: 14px; text-transform: uppercase; color: #2196f3; text-decoration: none; font-weight: 500; cursor: pointer;}.sharethefacts li a{font-size: 14px; text-transform: uppercase; color: #2196f3; text-decoration: none; font-weight: 500;}.sharethefacts li a:visited{color: #2196f3;}.sharethefacts .sharethefacts-menu .sharethefacts-share{display: none; margin-top: 32px;}.sharethefacts .sharethefacts-menu .sharethefacts-share .sharethefacts-share-button{display: inline-block; height: 64px; width: 64px; border-radius: 0px; position: relative;}.sharethefacts .sharethefacts-menu .sharethefacts-share .sharethefacts-share-button .sharethefacts-share-label{position: absolute; top: 50%; left: 50%; transform: translate(-50%, -50%); font-size: 18px; color: white;}.sharethefacts .sharethefacts-menu .sharethefacts-share .sharethefacts-share-button .sharethefacts-share-label a:-webkit-any-link{color:white;}.sharethefacts .sharethefacts-menu .sharethefacts-share .sharethefacts-share-button .sharethefacts-share-label a{color:white;}.sharethefacts .sharethefacts-menu .sharethefacts-share .sharethefacts-facebook{background-color: rgb(64,94,145);}.sharethefacts .sharethefacts-menu .sharethefacts-share .sharethefacts-twitter{background-color: rgb(104,172,216);}.sharethefacts .sharethefacts-menu .sharethefacts-share .sharethefacts-google-plus{background-color: rgb(215,84,81);}.sharethefacts .sharethefacts-menu .sharethefacts-share .sharethefacts-embed-button{display: inline-block; height: 64px; width: 275px; background: #ffffff; box-shadow: 0px 0px 2px 0px rgba(0,0,0,.12), 0px 2px 2px 0px rgba(0,0,0,.24); border-radius: 2px; font-weight: 500; font-size: 14px; color: #2196f3; letter-spacing: 0.5px; line-height: 16px; position: relative; margin-left: 24px;}.sharethefacts .sharethefacts-menu .sharethefacts-share .sharethefacts-embed-button .sharethefacts-embed-label{position: absolute; top: 50%; left: 50%; transform: translate(-50%, -50%);}.sharethefacts .sharethefacts-menu .sharethefacts-share .sharethefacts-embed-button .sharethefacts-embed-label a{text-decoration: none;}.sharethefacts .sharethefacts-menu .sharethefacts-share .sharethefacts-embed-button .sharethefacts-embed-label a:visited{color: #2196f3;}.sharethefacts .sharethefacts-share .sharethefacts-embed_box{display: none; height: 300px; margin-top: 16px; width: 100%;}.sharethefacts .sharethefacts-menu li{color: rgba(0, 0, 0, 0.87); text-transform: none; cursor: default; display: inline;}.sharethefacts .sharethefacts-menu li span{margin-right: 0px;}.sharethefacts .sharethefacts-menu li img{width: 100%; display: -webkit-flex; display: flex;}.sharethefacts .sharethefacts-menu ul.dropit-submenu{padding-top:32px; width: 100%;}.sharethefacts .sharethefacts-menu ul.dropit-submenu a{font-size: 14px; line-height: 25px; padding: 0 18px;}.sharethefacts a{}@media screen and (min-width: 650px){.sharethefacts{width: 600px;}}@media screen and (max-width: 650px){.sharethefacts .sharethefacts-rating{padding-left: 24px; float: right; width: 100px; height: auto; display: inline;}.sharethefacts .sharethefacts-name{padding-bottom: 8px;}.sharethefacts .sharethefacts-statement{clear: left;}.sharethefacts .sharethefacts-speaker{float: none; width: 100%;}.sharethefacts .sharethefacts-speaker .sharethefacts-speaker-name{font-size: 14px;}}@media screen and (max-width: 460px){.sharethefacts .sharethefacts-menu .sharethefacts-share .sharethefacts-embed-button{margin-top: 24px; margin-left: 0px; width: 100%;}.sharethefacts .sharethefacts-name{padding-bottom: 20px;}.sharethefacts .sharethefacts-speaker{float: none;}.sharethefacts .sharethefacts-speaker .sharethefacts-speaker-name{font-size: 14px;}}@media screen and (max-width: 364px){.sharethefacts{padding: 24px; display: block; margin: auto; margin: 0 auto; background-color: #ffffff; width: 75%; height: auto; max-width: 600px; min-width: 260px; box-shadow: 0 2px 2px 0 rgba(0,0,0,.14),0 3px 1px -2px rgba(0,0,0,.2),0 1px 5px 0 rgba(0,0,0,.12); position: relative;}.sharethefacts .sharethefacts-rating{padding-left: 24px; float: right; width: 90px; height: auto; display: inline;}.sharethefacts .sharethefacts-name{float: left;}.sharethefacts .sharethefacts-name img{float: left;}.sharethefacts .sharethefacts-speaker .sharethefacts-speaker-title{font-size: 9px;}.sharethefacts .sharethefacts-statement{font-size: 16px; line-height: 24px;}} 
""More lives are lost from violence against women, sex-selective abortion, female infanticide, suicide, egregious maternal mortality, and other sex-linked causes than were lost during all of the wars and civil strife of the 20th century."" In an interview with Gloria Steinem – Wednesday, February 24, 2016 
 The Principles of the Truth-O-Meter 
Our Shred Self, ""Gloria Steinem and Emma Watson in Conversation,"" Feb. 29, 2016
Valerie Hudson, 2012
Email interviews with Valerie Hudson, professor of international affairs at Texas A&M University, March 3-8, 2016
International Security, ""The Heart of the Matter: The Security of Women and the Security of States,"" 2009
_New York Review of Books_ , ""More Than 100 Million Women Are Missing,"" Dec. 20, 1990
United Nations Population Fund, ""Sex-ratio imbalance in Asia: Trends, consequences and policy responses,""
Rudolph J. Rummel, 2011
Necrometrics, Estimated Totals for the Entire 20th Century, September 2010
Zbigniew Brzezinski, _Out of Control: Global Turmoil on the Eve of the 21st Century_ , 2010
Milton Leitenberg, ""Deaths in Wars and Conflicts in the 20th Century,"" 2006
, ""SEARCHING FOR PEACE AND ACHIEVING JUSTICE: THE NEED FOR ACCOUNTABILITY,"" 1997
""How many more missing women? Excess female mortality and prenatal sex selection, 1970-2050""
United Nations Population Fund, ""Sex Imbalance at Birth: Current trends, consequences and policy implications,"" 2012
, ""Abnormal sex ratios in human populations: Causes and consequences,"" July 17, 2006
""Missing Women: Age and Disease,"" 2010
, ""‘MISSING WOMEN’: REVISITING THE DEBATE,"" 2003
""A Turning Point in Gender Bias in Mortality?,"" 2001
Email interview with Christophe Guilmoto, demographer at Ceped, March 9, 2016
Email interview with Stephan Klasen, professor of development economics at the University of Göttingen, March 9, 2016
Email interview with Siwan Anderson, professor of economics at the University of British Columbia, March 9, 2016
Amartya Sen, "","" Dec. 6, 2003
Siwan Anderson and Debraj Ray, ""The Age Distribution of Missing Women in India,"" 2012
BBC World Service, """" April 28, 2014
stated on January 8, 2017 in an interview on 'Face the Nation': 
 ""In 2009, Mitch McConnell was the person that’s saying, 'Hey, we should get all the ethics information in before we do the hearings.' "" 
stated on December 19, 2016 in a factsheet: 
 ""An estimated 8 million children worldwide live in orphanages or residential institutions. Shockingly, 80 percent of these children are not orphans."" stated on December 20, 2016 in a website: 
 ""Breaking: Crew of Air Force One Refuses to Fly Obama 6000 miles ‘Just to Play Golf’ "" 
stated on January 9, 2017 in a tweet: 
 ""Tanzania farmers face 12 years in prison for trading seeds thanks to foreign aid."" stated on February 1, 2017 in tweets : 
 Says Melania Trump’s security detail at Trump Tower costs more than the annual budget for the National Endowment for the Arts. stated on February 5, 2017 in an interview with Bill O'Reilly: 
 Says ""109 people out of hundreds of thousands of travelers"" were affected by the immigration executive order. stated on February 1, 2017 in a tweet: 
 ""The Obama Administration agreed to take thousands of illegal immigrants from Australia.""

Evidence_2: That’s a startling statistic, and we wondered if it was grounded in fact. ### Sign up for PolitiFact texts
Looking at the available data, Watson has a point that the devaluation of female life leads to a staggering amount of lost lives. However, it’s not clear that those lost lives are higher than the number of war and conflict deaths in the 20th century. The numbers are comparable, but some estimates find the number of war deaths as slightly higher. We didn’t hear back from Watson or UN Women, but we did speak with author, Valerie Hudson, who’s a professor of international affairs at Texas A&M University. Hudson walked us through how she crunched the numbers and shared a chart from her comparing the deaths due to conflict and deaths due to sex-selective causes:
Hudson told us she tallied up the death tolls of 53 wars, conflicts and authoritarian regimes for a total of 152.75 million lives. She then compared that number to the number of ""missing women."" This concept, by Nobel-winning economist and philosopher Amartya Sen in 1990s, uses abnormal male-to-female ratios to determine how many women would be alive in a specific year or time period if they weren’t aborted, neglected or victims of inequality. For example, in 2005, the sex ratio in India was 107.5 males per 100 females. The normal sex ratio for a stable population is about 98 to 100.3 males per 100 females. (Women tend to live longer under equal circumstances.) This means that there was a 6.7 percent to 9 percent shortfall in India’s female population, equal to roughly 36 million to 49 million missing women. Hudson used the ’s estimate of 163 million missing women in Asia in 2005 — 10 million more than lives lost to 20th century conflicts. But these figures aren’t the only estimates out there.

Evidence_3: Let’s state off the bat that there are many difficulties with tallying up both how many women should exist but don’t, as well as how many lives were lost in all of the last century’s civil strife and wars. Any estimate of missing women only works on the assumption that the skewed sex ratio is a result of discrimination. Similarly, while the specific number of casualties in World War I or under Khmer Rouge are reported, estimates for deaths in little-known conflicts like the one between Islamic separatists in the Philippines and the government are murky or nonexistent. That being said, the estimates we found besides Hudson’s do not show female deaths eclipsing the conflict death of the 20th century. Nonetheless, the numbers for sex-linked deaths are still considerable. Hudson’s number for conflict deaths (153 million) is a bit low. Most other tallies pin the total death toll somewhere around 200 million:
(*We did not include Rummel’s 169.2 million estimate in calculating the average, because the figure refers only to democides, or government-inflicted deaths, and does not include war casualties or famines associated with regime mismanagement.) Hudson’s missing women figure, meanwhile, appears to be an outlier when compared to other estimates:
stated on September 22, 2025 in a press conference 
 “There's no downside” to avoiding Tylenol or acetaminophen use while pregnant. 86 million in China, India and sub-Saharan Africa
(Hudson’s source)
163 million worldwide in Asia
67 million to 92 million in 8 Asian countries
102 million to 113 million worldwide
65 million to 107 million worldwide
Experts we spoke with expressed the toll of gendercide with more tempered, and more accurate, comparisons than Hudson’s and Watson’s.

Evidence_4: ###  Stand up for the facts! Our only agenda is to publish the truth so you can be an informed participant in democracy. We need your help. ###  I would like to contribute 
stated on February 24, 2016 in an interview with Gloria Steinem: 
""More lives are lost from violence against women, sex-selective abortion, female infanticide, suicide, egregious maternal mortality, and other sex-linked causes than were lost during all of the wars and civil strife of the 20th century."" Violence against women resulted in more deaths than all the wars and conflicts of the past century combined, according to actress Emma Watson. As part of her work as an United Nations Women Goodwill ambassador, Watson recently launched a feminist book club, , and spoke with feminist icon Gloria Steinem in London. Beyond revelations about Watson’s similarity to , her and her research into , the Harry Potter star also shared a statistic that ""blindsided"" her from the book, (""The two things we want, right?"" quipped Steinem.) ""There are now 101.3 men to every 100 women on the planet. So women are no longer half of humanity,"" Watson on Feb. 24. ""I’m the book here but it says, ‘More lives are lost from violence against women, sex-selective abortion, female infanticide, suicide, egregious maternal mortality, and other sex-linked causes than were lost during all of the wars and civil strife of 20th century.’ ""
""So from this perspective,"" she continued, ""The greatest security dilemma then is systematic, social devaluation of female life. I’d never come across a statistic like this. I had not understood that we were literally affecting the balance of the population of the world.""

Evidence_5: If you tallied up all the missing women of the 20th century, ""the number would be well over 200 million,"" said Siwan Anderson, a University of British Columbia professor who specializes in development and gender economics. Since the 1970s, the number of missing women has risen and is expected to peak in 2035. There are no signs that skewed sex ratios have normalized even as we’ve normalized violence against women, Hudson told us. ""We silo it off as ‘stuff that happens between men and women’ and do not count it as ‘stuff that happens to human beings,"" she said. ""What an incredible level of impunity for a crime committed against a human being, just because that human being has two X chromosomes."" Watson said, ""More lives are lost from violence against women, sex-selective abortion, female infanticide, suicide, egregious maternal mortality, and other sex-linked causes than were lost during all of the wars and civil strife of 20th century."" The claim comes from the book by Valerie Hudson, who was citing a UN figure of 163 million missing women in 2005. That’s 10 million more than her estimate of lives lost in all of last century’s strife, 153 million. But this is using a high estimate for the first measure and a low estimate for the second. The number of sex-related deaths, which varies from year to year, typically falls within 100 million to 130 million range. The number of deaths due to war, according to most other estimates, is about 200 million. Both numbers are disturbingly high, but it’s not clear that one is definitively higher than the other. With this caveat, we rate Watson’s claim Half True. .sharethefacts{font-family: 'Roboto', 'Helvetica', sans-serif; color: rgba(0, 0, 0, 0.86); font-weight: 400; margin: 0px; margin-top:40px; padding: 0; background-color:#f5f5f5; padding:32px; padding-bottom:24px; display: block; margin: auto; margin:0 auto; background-color: #ffffff; width:75%; height:auto; max-width:600px; min-width:260px; box-shadow: 0 2px 2px 0 rgba(0,0,0,.34),0 3px 1px -2px rgba(0,0,0,.4),0 1px 5px 0 rgba(0,0,0,.32); position: relative;}.sharethefacts .sharethefacts-header{height: 25px; margin-top: -20px; border-bottom-width: 1px; border-bottom-color: silver; border-bottom-style: solid; margin-bottom: 20px; font-size: 16px; color: rgba(0,0,0,0.86);}.sharethefacts .sharethefacts-name{display: inline-block; float:left;}.sharethefacts .sharethefacts-name img{display: inline-block; float:left; padding-bottom: 10px; padding-right: 20px; width: 90px; height: 90px;}.sharethefacts .sharethefacts-speaker{float:left; padding-top: 10px; width:300px;}.sharethefacts .sharethefacts-speaker .sharethefacts-speaker-name{font-weight: 500; font-size: 20px; padding-bottom: 8px;}.sharethefacts .sharethefacts-speaker .sharethefacts-speaker-title{color: rgba(0,0,0,0.54); font-size:14px;}.sharethefacts .sharethefacts-rating{padding-left:32px; float: right; width:120px; height:auto; display: inline; max-height: 200px;}.sharethefacts .sharethefacts-rating img{width: 100%; padding-bottom:24px;}.sharethefacts h1{display: inline-block; font-weight: 500; font-size: 20px; line-height: 1.35em; -webkit-margin-before: .35em; -webkit-margin-after: 0em; -webkit-margin-start: 0px; -webkit-margin-end: 0px;}.sharethefacts .sharethefacts-statement{margin-top: 80px; width: 100%; display: block; font-size: 16px; line-height: 26px;}.sharethefacts .sharethefacts-dateline{font-size: 14px; color: rgba(0,0,0,0.54); font-weight: 400; margin-top: 8px;}.sharethefacts hr{border-bottom: 1px; border-left: 0px; border-right: 0px; border-top: 0px; border-style:solid; border-color:#e0e0e0; padding-top: 0px; padding-bottom: 0px;}.sharethefacts .sharethefacts-links{display:block; padding-top: 20px;}.sharethefacts a:-webkit-any-link{color: #2196f3; text-decoration: none; cursor: pointer;}.sharethefacts .sharethefacts-links a{margin-right: 32px; font-size: 14px; text-transform: uppercase; color: #2196f3; text-decoration: none; font-weight: 500;}.sharethefacts .sharethefacts-links a:hover{cursor: pointer;}.sharethefacts a :hover{cursor: pointer; text-decoration: none;}.sharethefacts ul{padding-left: 0px; display:block; padding-top: 10px; padding-bottom: 0px;}.sharethefacts li{display: inline; margin-right: 32px; font-size: 14px; text-transform: uppercase; color: #2196f3; text-decoration: none; font-weight: 500; cursor: pointer;}.sharethefacts li a{font-size: 14px; text-transform: uppercase; color: #2196f3; text-decoration: none; font-weight: 500;}.sharethefacts li a:visited{color: #2196f3;}.sharethefacts .sharethefacts-menu .sharethefacts-share{display: none; margin-top: 32px;}.sharethefacts .sharethefacts-menu .sharethefacts-share .sharethefacts-share-button{display: inline-block; height: 64px; width: 64px; border-radius: 0px; position: relative;}.sharethefacts .sharethefacts-menu .sharethefacts-share .sharethefacts-share-button .sharethefacts-share-label{position: absolute; top: 50%; left: 50%; transform: translate(-50%, -50%); font-size: 18px; color: white;}.sharethefacts .sharethefacts-menu .sharethefacts-share .sharethefacts-share-button .sharethefacts-share-label a:-webkit-any-link{color:white;}.sharethefacts .sharethefacts-menu .sharethefacts-share .sharethefacts-share-button .sharethefacts-share-label a{color:white;}.sharethefacts .sharethefacts-menu .sharethefacts-share .sharethefacts-facebook{background-color: rgb(64,94,145);}.sharethefacts .sharethefacts-menu .sharethefacts-share .sharethefacts-twitter{background-color: rgb(104,172,216);}.sharethefacts .sharethefacts-menu .sharethefacts-share .sharethefacts-google-plus{background-color: rgb(215,84,81);}.sharethefacts .sharethefacts-menu .sharethefacts-share .sharethefacts-embed-button{display: inline-block; height: 64px; width: 275px; background: #ffffff; box-shadow: 0px 0px 2px 0px rgba(0,0,0,.12), 0px 2px 2px 0px rgba(0,0,0,.24); border-radius: 2px; font-weight: 500; font-size: 14px; color: #2196f3; letter-spacing: 0.5px; line-height: 16px; position: relative; margin-left: 24px;}.sharethefacts .sharethefacts-menu .sharethefacts-share .sharethefacts-embed-button .sharethefacts-embed-label{position: absolute; top: 50%; left: 50%; transform: translate(-50%, -50%);}.sharethefacts .sharethefacts-menu .sharethefacts-share .sharethefacts-embed-button .sharethefacts-embed-label a{text-decoration: none;}.sharethefacts .sharethefacts-menu .sharethefacts-share .sharethefacts-embed-button .sharethefacts-embed-label a:visited{color: #2196f3;}.sharethefacts .sharethefacts-share .sharethefacts-embed_box{display: none; height: 300px; margin-top: 16px; width: 100%;}.sharethefacts .sharethefacts-menu li{color: rgba(0, 0, 0, 0.87); text-transform: none; cursor: default; display: inline;}.sharethefacts .sharethefacts-menu li span{margin-right: 0px;}.sharethefacts .sharethefacts-menu li img{width: 100%; display: -webkit-flex; display: flex;}.sharethefacts .sharethefacts-menu ul.dropit-submenu{padding-top:32px; width: 100%;}.sharethefacts .sharethefacts-menu ul.dropit-submenu a{font-size: 14px; line-height: 25px; padding: 0 18px;}.sharethefacts a{}@media screen and (min-width: 650px){.sharethefacts{width: 600px;}}@media screen and (max-width: 650px){.sharethefacts .sharethefacts-rating{padding-left: 24px; float: right; width: 100px; height: auto; display: inline;}.sharethefacts .sharethefacts-name{padding-bottom: 8px;}.sharethefacts .sharethefacts-statement{clear: left;}.sharethefacts .sharethefacts-speaker{float: none; width: 100%;}.sharethefacts .sharethefacts-speaker .sharethefacts-speaker-name{font-size: 14px;}}@media screen and (max-width: 460px){.sharethefacts .sharethefacts-menu .sharethefacts-share .sharethefacts-embed-button{margin-top: 24px; margin-left: 0px; width: 100%;}.sharethefacts .sharethefacts-name{padding-bottom: 20px;}.sharethefacts .sharethefacts-speaker{float: none;}.sharethefacts .sharethefacts-speaker .sharethefacts-speaker-name{font-size: 14px;}}@media screen and (max-width: 364px){.sharethefacts{padding: 24px; display: block; margin: auto; margin: 0 auto; background-color: #ffffff; width: 75%; height: auto; max-width: 600px; min-width: 260px; box-shadow: 0 2px 2px 0 rgba(0,0,0,.14),0 3px 1px -2px rgba(0,0,0,.2),0 1px 5px 0 rgba(0,0,0,.12); position: relative;}.sharethefacts .sharethefacts-rating{padding-left: 24px; float: right; width: 90px; height: auto; display: inline;}.sharethefacts .sharethefacts-name{float: left;}.sharethefacts .sharethefacts-name img{float: left;}.sharethefacts .sharethefacts-speaker .sharethefacts-speaker-title{font-size: 9px;}.sharethefacts .sharethefacts-statement{font-size: 16px; line-height: 24px;}} 
""More lives are lost from violence against women, sex-selective abortion, female infanticide, suicide, egregious maternal mortality, and other sex-linked causes than were lost during all of the wars and civil strife of the 20th century."" In an interview with Gloria Steinem – Wednesday, February 24, 2016 
 The Principles of the Truth-O-Meter 
Our Shred Self, ""Gloria Steinem and Emma Watson in Conversation,"" Feb. 29, 2016
Valerie Hudson, 2012
Email interviews with Valerie Hudson, professor of international affairs at Texas A&M University, March 3-8, 2016
International Security, ""The Heart of the Matter: The Security of Women and the Security of States,"" 2009
_New York Review of Books_ , ""More Than 100 Million Women Are Missing,"" Dec. 20, 1990
United Nations Population Fund, ""Sex-ratio imbalance in Asia: Trends, consequences and policy responses,""
Rudolph J. Rummel, 2011
Necrometrics, Estimated Totals for the Entire 20th Century, September 2010
Zbigniew Brzezinski, _Out of Control: Global Turmoil on the Eve of the 21st Century_ , 2010
Milton Leitenberg, ""Deaths in Wars and Conflicts in the 20th Century,"" 2006
, ""SEARCHING FOR PEACE AND ACHIEVING JUSTICE: THE NEED FOR ACCOUNTABILITY,"" 1997
""How many more missing women? Excess female mortality and prenatal sex selection, 1970-2050""
United Nations Population Fund, ""Sex Imbalance at Birth: Current trends, consequences and policy implications,"" 2012
, ""Abnormal sex ratios in human populations: Causes and consequences,"" July 17, 2006
""Missing Women: Age and Disease,"" 2010
, ""‘MISSING WOMEN’: REVISITING THE DEBATE,"" 2003
""A Turning Point in Gender Bias in Mortality?,"" 2001
Email interview with Christophe Guilmoto, demographer at Ceped, March 9, 2016
Email interview with Stephan Klasen, professor of development economics at the University of Göttingen, March 9, 2016
Email interview with Siwan Anderson, professor of economics at the University of British Columbia, March 9, 2016
Amartya Sen, "","" Dec. 6, 2003
Siwan Anderson and Debraj Ray, ""The Age Distribution of Missing Women in India,"" 2012
BBC World Service, """" April 28, 2014
stated on January 8, 2017 in an interview on 'Face the Nation': 
 ""In 2009, Mitch McConnell was the person that’s saying, 'Hey, we should get all the ethics information in before we do the hearings.'

##output: [/INST]",nei,refuted,
Twenty-two million jobs were created during Clinton  s two terms but only 3 million during Bush  s.,"<s>[INST] You are a multilingual fact-checking expert. You are given a news claim along with raw evidence related to the claim. Do not consider any other evidence. Your task is to evaluate the veracity of the claim based solely on the provided raw evidence.

 Output your answer in exactly the following format:
 Claim Veracity: [label]

 Answer with one word: SUPPORTED, REFUTED, NEI

##Instruction: Classify the given English claim into one of the three categories (SUPPORTED, REFUTED, NEI) based on the provided evidence.

1. SUPPORTED: Fully supported by the evidence.
2. REFUTED: Clearly contradicted or unsupported by the evidence.
3. NEI: Not enough information to make a decision.

Provide exactly one label.

##input: Claim: Twenty-two million jobs were created during Clinton  s two terms but only 3 million during Bush  s.

Evidences:
Evidence_1: We need your help. ###  I would like to contribute 
stated on July 14, 2010 in an interview with Rachel Maddow : 
Twenty-two million jobs were created during Clinton’s two terms but only 3 million during Bush’s. Politicians can slice and dice monthly job reports expertly, a useful skill for scoring economic talking points. Include a few months’ worth of job losses here, exclude some job gains there, or do it in reverse, and pretty soon it’s all some scoundrel’s fault. (Never mind whom that scoundrel is.) So U.S. 

 ##output: [/INST]","<s>[INST] You are a multilingual fact-checking expert. Classify the claim into: SUPPORTED, REFUTED, NEI.

Output format:
Claim Veracity: [label]

##Instruction: Classify the given English claim into: SUPPORTED, REFUTED, NEI.
Provide exactly one label.

##input: Claim: Twenty-two million jobs were created during Clinton  s two terms but only 3 million during Bush  s.

Evidences:
Evidence_1: ###  Stand up for the facts! Our only agenda is to publish the truth so you can be an informed participant in democracy. We need your help. ###  I would like to contribute 
stated on July 14, 2010 in an interview with Rachel Maddow : 
Twenty-two million jobs were created during Clinton’s two terms but only 3 million during Bush’s. Politicians can slice and dice monthly job reports expertly, a useful skill for scoring economic talking points. Include a few months’ worth of job losses here, exclude some job gains there, or do it in reverse, and pretty soon it’s all some scoundrel’s fault. (Never mind whom that scoundrel is.) So U.S. Sen. Sherrod Brown caught our attention when he took a broader historical look while appearing July 14 on Rachel Maddow’s program on MSNBC. ""We saw jobs created, 22 million in the Clinton years,"" said Brown, a Democrat who’s not up for reelection until 2012.

Evidence_2: We need your help. ###  I would like to contribute 
stated on July 14, 2010 in an interview with Rachel Maddow : 
Twenty-two million jobs were created during Clinton’s two terms but only 3 million during Bush’s. Politicians can slice and dice monthly job reports expertly, a useful skill for scoring economic talking points. Include a few months’ worth of job losses here, exclude some job gains there, or do it in reverse, and pretty soon it’s all some scoundrel’s fault. (Never mind whom that scoundrel is.) So U.S. Sen. Sherrod Brown caught our attention when he took a broader historical look while appearing July 14 on Rachel Maddow’s program on MSNBC. ""We saw jobs created, 22 million in the Clinton years,"" said Brown, a Democrat who’s not up for reelection until 2012. ""Because they were responsible about cutting taxes selectively and increasing taxes selectively and they were responsible about what government programs they formed and they dismantled. Twenty-two million jobs created and incomes went up in those eight years for the average American. And in the next eight years, the eight Bush years, only 3 million jobs created and that wasn`t even enough to keep up with population growth."" The quantitative claims seemed worth checking out, and in doing so we found a surprise: Brown is wrong – but not in a way he’ll likely mind. No fan of President George W. Bush, Brown grossly understated the poor job growth that occurred on Bush’s watch. The comparison should have been this: Job growth through Clinton two terms was 22.7 million. Through Bush’s two terms, it was 1.1 million. Brown isn’t alone in making this error.

Evidence_3: You, too, can do the math. The jobs numbers are based on a monthly survey of employers for the 12th of each month, but the initial reports are revised as more employers complete their survey over the following couple of months. A fuller census of employment and wages is conducted quarterly and is considered more accurate, so BLS eventually adjusts the monthly numbers to reflect that accuracy. Here are the latest numbers: 
  * Number of jobs as of January, 1993, a week before Clinton took office: 109.725 million. * Number of jobs as of Jan. 2001, a week before Clinton left office: 132.469 million
  * Net Gain under Clinton: 22.7 million jobs. Now for Bush, who succeeded Clinton in the White House. As already noted, the nation had 132.469 million jobs as he was taking office. * Number of jobs on Jan. 12, 2009, a week before Bush left office: 133.549 million. * Net gain under Bush: 1.08 million jobs. OK, but what about Brown’s claim that incomes went up under Clinton? The numbers bear this out, too. BLS data, adjusted for inflation, show that average weekly wages grew by 21 percent from the start of Clinton’s first term to the end of his second term. They grew by only 2 percent under Bush’s two terms. Is it fair to compare job growth under these presidents? Just in case we were missing some context – because these numbers seemed to turn conventional wisdom of its head -- we ran this by Dan Mitchell, an economist and fan of fiscal restraint who works as a senior fellow at the Cato Institute, a libertarian-oriented think tank. Mitchell said he didn’t find the numbers surprising. Luck and the economic cycle played a role in both presidencies, but the officeholders’ policies played bigger roles, he said.

Evidence_4: ""Because they were responsible about cutting taxes selectively and increasing taxes selectively and they were responsible about what government programs they formed and they dismantled. Twenty-two million jobs created and incomes went up in those eight years for the average American. And in the next eight years, the eight Bush years, only 3 million jobs created and that wasn`t even enough to keep up with population growth."" The quantitative claims seemed worth checking out, and in doing so we found a surprise: Brown is wrong – but not in a way he’ll likely mind. No fan of President George W. Bush, Brown grossly understated the poor job growth that occurred on Bush’s watch. The comparison should have been this: Job growth through Clinton two terms was 22.7 million. Through Bush’s two terms, it was 1.1 million. Brown isn’t alone in making this error. The Democratic Senatorial Campaign Committee used the 3 million figure in a news release on July 20 when trying to use Bush’s record on jobs as a weapon against one of his former top aides, Rob Portman. Portman is the Republican in the U.S. Senate race to succeed George Voinovich, who is retiring. Brown’s office wasn’t sure where the senator got his figures, but we did some tracing and concluded it probably came from a Wall Street Journal online story of Jan. 9, 2009. That’s where the Democratic committee says it got its numbers, too. The Wall Street Journal examined net job growth for more than half a century and declared that Bush had the ""worst track record on record."" That doesn’t mean it’s the worst ever. It’s just the worst since the Labor Department started keeping payroll records in 1939.

Evidence_5: Said the Journal: ""The Bush administration created about three million jobs (net) over its eight years, a fraction of the 23 million jobs created under President Bill Clinton’s administration and only slightly better than President George H.W. Bush did in his four years in office."" We wanted to look at those numbers ourselves, so we turned to the Department of Labor’s Bureau of Labor Statistics, or BLS. Getting guidance on the data from BLS and using Excel spreadsheets, we discovered not only that Brown and the Democrats have been wrong, but also why. It was a matter of timing. BLS had only preliminary data on Bush’s final performance at the close of his second term, when the Wall Street Journal was doing its story. BLS subsequently updated the data. It turned out that things were way worse than the preliminary numbers showed. We shared this assessment with the Journal reporter, who agreed. It’s not a matter of whose numbers were better. It’s a matter of what was known and when. You, too, can do the math. The jobs numbers are based on a monthly survey of employers for the 12th of each month, but the initial reports are revised as more employers complete their survey over the following couple of months. A fuller census of employment and wages is conducted quarterly and is considered more accurate, so BLS eventually adjusts the monthly numbers to reflect that accuracy. Here are the latest numbers: 
  * Number of jobs as of January, 1993, a week before Clinton took office: 109.725 million. * Number of jobs as of Jan. 2001, a week before Clinton left office: 132.469 million
  * Net Gain under Clinton: 22.7 million jobs. Now for Bush, who succeeded Clinton in the White House. As already noted, the nation had 132.469 million jobs as he was taking office. * Number of jobs on Jan. 12, 2009, a week before Bush left office: 133.549 million. * Net gain under Bush: 1.08 million jobs.

##output: [/INST]",supported,refuted,
"Russian dissident Denis Voronenkov, who was gunned down in March 2017, was slated to testify against former Trump campaign manager Paul Manafort in a treason trial in Ukraine.","<s>[INST] You are a multilingual fact-checking expert. You are given a news claim along with raw evidence related to the claim. Do not consider any other evidence. Your task is to evaluate the veracity of the claim based solely on the provided raw evidence.

 Output your answer in exactly the following format:
 Claim Veracity: [label]

 Answer with one word: SUPPORTED, REFUTED, NEI

##Instruction: Classify the given English claim into one of the three categories (SUPPORTED, REFUTED, NEI) based on the provided evidence.

1. SUPPORTED: Fully supported by the evidence.
2. REFUTED: Clearly contradicted or unsupported by the evidence.
3. NEI: Not enough information to make a decision.

Provide exactly one label.

##input: Claim: Russian dissident Denis Voronenkov, who was gunned down in March 2017, was slated to testify against former Trump campaign manager Paul Manafort in a treason trial in Ukraine.

Evidences:
Evidence_1: # Was a Murdered Russian Ex-Politician to Testify Against Paul Manafort in Treason Trial? ## Unreliable sources claimed that Denis Voronenkov, a Vladimir Putin critic who was shot dead in Ukraine in March 2017, was slated to testify against Trump's former campaign manager. Russian dissident Denis Voronenkov, who was gunned down in March 2017, was slated to testify against former Trump campaign manager Paul Manafort in a treason trial in Ukraine. On 23 March 2017, an assortment of left-leaning political web sites, including and the , published articles reporting that Russian dissident Denis Voronenkov, who was dead earlier that same day in Ukraine, was to have been a ""star witness"" in a treason trial involving former Trump campaign manager Paul Manafort:
> Yesterday, documents surfaced showing that former Trump Campaign Chair Paul Manafort had received at least $750,000 in illegal payments from former Ukrainian President Victor Yanukovych, who is about to be tried for treason in absentia in Ukraine. > Today, Denis Voronenkov was shot to death in the streets of Kiev in broad daylight, just a few weeks after he said he would testify against Yanukovych and his cohorts — Manafort included. > This is only the latest in a list of Russian dissidents to be murdered or die under mysterious circumstances since the U.S. Election. The timing of Voronenkov’s murder in conjunction with the latest revelations about Manafort — a man he was likely to incriminate — makes this latest tragedy all the more suspect. The clear implication was that the purpose of the killing may have been (at least in part) to prevent Voronenkov, a former member of Russia's parliament and Putin critic who fled to Ukraine, from incriminating Manafort at Yanukovych's trial, scheduled to take place in March 2017. Mainstream news outlets such as CNN had that Voronenkov was indeed cooperating with Ukrainian prosecutors and would be a ""key witness"" against Yanukovych. However, we have encountered no evidence that Voronenkov planned to testify about Paul Manafort in any respect. In fact, Voronenkov as recently as February 2017 that he knew nothing about Manafort. As previously reported, Manafort after serving five months as Donald Trump's campaign manager in August 2016 after handwritten published in the indicated he had received $12.7 million in ""illegal"" cash payments (according to Ukrainian anti-corruption investigators) from Victor Yanukovych's Moscow-backed political party between 2007 and 2012. Although Manafort denied receiving such payments, he stepped down from the Trump organization at a moment when it was combating general allegations about ties between the campaign and Russia (as of this writing, those alleged ties are still the subject of an FBI ). Even so, any imputation of a link between the shooting of Denis Voronenkov and Manafort's dealings with Victor Yanukovych is purely speculative, and indeed contradicts Voronenkov's own public statements in that regard. Collinson, Stephen. 

 ##output: [/INST]","<s>[INST] You are a multilingual fact-checking expert. Classify the claim into: SUPPORTED, REFUTED, NEI.

Output format:
Claim Veracity: [label]

##Instruction: Classify the given English claim into: SUPPORTED, REFUTED, NEI.
Provide exactly one label.

##input: Claim: Russian dissident Denis Voronenkov, who was gunned down in March 2017, was slated to testify against former Trump campaign manager Paul Manafort in a treason trial in Ukraine.

Evidences:
Evidence_1: # Was a Murdered Russian Ex-Politician to Testify Against Paul Manafort in Treason Trial? ## Unreliable sources claimed that Denis Voronenkov, a Vladimir Putin critic who was shot dead in Ukraine in March 2017, was slated to testify against Trump's former campaign manager. Russian dissident Denis Voronenkov, who was gunned down in March 2017, was slated to testify against former Trump campaign manager Paul Manafort in a treason trial in Ukraine. On 23 March 2017, an assortment of left-leaning political web sites, including and the , published articles reporting that Russian dissident Denis Voronenkov, who was dead earlier that same day in Ukraine, was to have been a ""star witness"" in a treason trial involving former Trump campaign manager Paul Manafort:
> Yesterday, documents surfaced showing that former Trump Campaign Chair Paul Manafort had received at least $750,000 in illegal payments from former Ukrainian President Victor Yanukovych, who is about to be tried for treason in absentia in Ukraine. > Today, Denis Voronenkov was shot to death in the streets of Kiev in broad daylight, just a few weeks after he said he would testify against Yanukovych and his cohorts — Manafort included. > This is only the latest in a list of Russian dissidents to be murdered or die under mysterious circumstances since the U.S. Election.

Evidence_2: On 23 March 2017, an assortment of left-leaning political web sites, including and the , published articles reporting that Russian dissident Denis Voronenkov, who was dead earlier that same day in Ukraine, was to have been a ""star witness"" in a treason trial involving former Trump campaign manager Paul Manafort:
> Yesterday, documents surfaced showing that former Trump Campaign Chair Paul Manafort had received at least $750,000 in illegal payments from former Ukrainian President Victor Yanukovych, who is about to be tried for treason in absentia in Ukraine. > Today, Denis Voronenkov was shot to death in the streets of Kiev in broad daylight, just a few weeks after he said he would testify against Yanukovych and his cohorts — Manafort included. > This is only the latest in a list of Russian dissidents to be murdered or die under mysterious circumstances since the U.S. Election. The timing of Voronenkov’s murder in conjunction with the latest revelations about Manafort — a man he was likely to incriminate — makes this latest tragedy all the more suspect. The clear implication was that the purpose of the killing may have been (at least in part) to prevent Voronenkov, a former member of Russia's parliament and Putin critic who fled to Ukraine, from incriminating Manafort at Yanukovych's trial, scheduled to take place in March 2017. Mainstream news outlets such as CNN had that Voronenkov was indeed cooperating with Ukrainian prosecutors and would be a ""key witness"" against Yanukovych. However, we have encountered no evidence that Voronenkov planned to testify about Paul Manafort in any respect. In fact, Voronenkov as recently as February 2017 that he knew nothing about Manafort.

Evidence_3: The timing of Voronenkov’s murder in conjunction with the latest revelations about Manafort — a man he was likely to incriminate — makes this latest tragedy all the more suspect. The clear implication was that the purpose of the killing may have been (at least in part) to prevent Voronenkov, a former member of Russia's parliament and Putin critic who fled to Ukraine, from incriminating Manafort at Yanukovych's trial, scheduled to take place in March 2017. Mainstream news outlets such as CNN had that Voronenkov was indeed cooperating with Ukrainian prosecutors and would be a ""key witness"" against Yanukovych. However, we have encountered no evidence that Voronenkov planned to testify about Paul Manafort in any respect. In fact, Voronenkov as recently as February 2017 that he knew nothing about Manafort. As previously reported, Manafort after serving five months as Donald Trump's campaign manager in August 2016 after handwritten published in the indicated he had received $12.7 million in ""illegal"" cash payments (according to Ukrainian anti-corruption investigators) from Victor Yanukovych's Moscow-backed political party between 2007 and 2012. Although Manafort denied receiving such payments, he stepped down from the Trump organization at a moment when it was combating general allegations about ties between the campaign and Russia (as of this writing, those alleged ties are still the subject of an FBI ). Even so, any imputation of a link between the shooting of Denis Voronenkov and Manafort's dealings with Victor Yanukovych is purely speculative, and indeed contradicts Voronenkov's own public statements in that regard.

Evidence_4: As previously reported, Manafort after serving five months as Donald Trump's campaign manager in August 2016 after handwritten published in the indicated he had received $12.7 million in ""illegal"" cash payments (according to Ukrainian anti-corruption investigators) from Victor Yanukovych's Moscow-backed political party between 2007 and 2012. Although Manafort denied receiving such payments, he stepped down from the Trump organization at a moment when it was combating general allegations about ties between the campaign and Russia (as of this writing, those alleged ties are still the subject of an FBI ). Even so, any imputation of a link between the shooting of Denis Voronenkov and Manafort's dealings with Victor Yanukovych is purely speculative, and indeed contradicts Voronenkov's own public statements in that regard. Collinson, Stephen. ""FBI: Trump Campaign, Russia Ties Investigated, No Wiretap Evidence Found."" CNN. 21 March 2017. Hanna, Jason and Butenko, Victoria. ""Ukraine's Leader Calls Killing of Putin Critic a Russian Terror Act."" CNN. 24 March 2017. Kramer, Andrew E., McIntire, Mike and Meier, Barry. ""Secret Ledger in Ukraine Lists Cash for Donald Trump's Campaign Chief."" . 14 August 2016. McCaskill, Nolan D., Isenstadt, Alex and Goldmacher, Shane. ""Paul Manafort Resigns from Trump Campaign."" Politico.com. 19 August 2016. Meyers, Steven Lee and Kramer, Andrew E. ""How Paul Manafort Wielded Power in Ukraine Before Advising Donald Trump."" . 31 July 2016. Nemtsova, Anna. ""Russian Whistleblowers Turn on Putin — But Can They Be Trusted?"" Daily Beast.

Evidence_5: 17 February 2017. Norton, Sheila. ""Star Witness in Treason Trial Involving Trump's Campaign Chair Was Just Shot Dead."" Occupy Democrats. 23 March 2017. Palmer, Bill. ""Russian Dissident Shot Dead Who Would Have Been Star Witness in Paul Manafort Trial in Ukraine."" Palmer Report. 23 March 2017. Roth, Andrew and Gryvnyak, Natalie. ""Days Before His Death, Putin Critic Said in Interview He Knew He Was in Danger."" . 23 March 2017. David Emery is a West Coast-based writer and editor with 25 years of experience fact-checking rumors, hoaxes, and contemporary legends.

##output: [/INST]",nei,refuted,
"U.S. House of Representatives Andy Ogles, whose district includes the Tennessee school where six people were fatally shot, took a Christmas photo of family posing with guns.","<s>[INST] You are a multilingual fact-checking expert. You are given a news claim along with raw evidence related to the claim. Do not consider any other evidence. Your task is to evaluate the veracity of the claim based solely on the provided raw evidence.

 Output your answer in exactly the following format:
 Claim Veracity: [label]

 Answer with one word: SUPPORTED, REFUTED, NEI

##Instruction: Classify the given English claim into one of the three categories (SUPPORTED, REFUTED, NEI) based on the provided evidence.

1. SUPPORTED: Fully supported by the evidence.
2. REFUTED: Clearly contradicted or unsupported by the evidence.
3. NEI: Not enough information to make a decision.

Provide exactly one label.

##input: Claim: U.S. House of Representatives Andy Ogles, whose district includes the Tennessee school where six people were fatally shot, took a Christmas photo of family posing with guns.

Evidences:
Evidence_1: # Yes, US Rep Whose District Covers Covenant School Took Christmas Photo of Family Holding Guns
## The picture is from 2021, however, more than a year before a woman shot up the school, killing six. U.S. House of Representatives Andy Ogles, whose district includes the Tennessee school where six people were fatally shot, took a Christmas photo of family posing with guns. The picture was from 2021, however, not 2023, as some users claimed. On March 27, 2023, claims spread on Twitter that the U.S. House of Representatives member whose district included the Tennessee school where six people were fatally shot had taken a Christmas photo of family posing with guns. While his district did include Covenant School, we found the photograph was actually from 2021. ""THIS is last year's Christmas card from Tennessee Rep. Andy Ogles, a Republican who represents the district that Covenant School is in in Nashville,"" Moms Demand Action founder Shannon Watts . > THIS is last year's Christmas card from Tennessee Rep. Andy Ogles, a Republican who represents the district that Covenant School is in in Nashville. > — Shannon Watts (@shannonrwatts) 
The claim also spread to other social platforms, like . We found a December 2021 post from Ogles' Facebook account with a photograph that matched the one spread on Twitter. It appeared to have been taken down by the afternoon of March 27, hours after a woman opened fire at Covenant. We reached out to Ogles to confirm, and will update this post if we hear back. ""MERRY CHRISTMAS! ????The Ogles Family,"" the post said. It also included a quote that had been dubiously to George Washington, ""The very atmosphere of firearms anywhere and everywhere restrains evil interference - they deserve a place of honor with all that's good.""
Ogles the school's area in the U.S. House of Representatives. He took office in 2023, and previously was the mayor of Maury County, which is in the Middle Tennessee region. In February 2023, it was that Ogles had overstated his resume. He later admitted to his college major. Long, Katherine Long et al. ""GOP Rep. Andy Ogles Claimed to Fight International Sex Crimes and Be an Economic Expert. Like George Santos, His Real Resume Tells Another Story."" , https://www.businessinsider.com/andy-ogles-tennessee-congress-republican-george-santos-resume-lies-2023-2. Accessed 27 Mar. 

 ##output: [/INST]","<s>[INST] You are a multilingual fact-checking expert. Classify the claim into: SUPPORTED, REFUTED, NEI.

Output format:
Claim Veracity: [label]

##Instruction: Classify the given English claim into: SUPPORTED, REFUTED, NEI.
Provide exactly one label.

##input: Claim: U.S. House of Representatives Andy Ogles, whose district includes the Tennessee school where six people were fatally shot, took a Christmas photo of family posing with guns.

Evidences:
Evidence_1: # Yes, US Rep Whose District Covers Covenant School Took Christmas Photo of Family Holding Guns
## The picture is from 2021, however, more than a year before a woman shot up the school, killing six. U.S. House of Representatives Andy Ogles, whose district includes the Tennessee school where six people were fatally shot, took a Christmas photo of family posing with guns. The picture was from 2021, however, not 2023, as some users claimed. On March 27, 2023, claims spread on Twitter that the U.S. House of Representatives member whose district included the Tennessee school where six people were fatally shot had taken a Christmas photo of family posing with guns. While his district did include Covenant School, we found the photograph was actually from 2021. ""THIS is last year's Christmas card from Tennessee Rep. Andy Ogles, a Republican who represents the district that Covenant School is in in Nashville,"" Moms Demand Action founder Shannon Watts . > THIS is last year's Christmas card from Tennessee Rep. Andy Ogles, a Republican who represents the district that Covenant School is in in Nashville. > — Shannon Watts (@shannonrwatts) 
The claim also spread to other social platforms, like . We found a December 2021 post from Ogles' Facebook account with a photograph that matched the one spread on Twitter. It appeared to have been taken down by the afternoon of March 27, hours after a woman opened fire at Covenant. We reached out to Ogles to confirm, and will update this post if we hear back. ""MERRY CHRISTMAS! ? ?? ?The Ogles Family,"" the post said.

Evidence_2: > THIS is last year's Christmas card from Tennessee Rep. Andy Ogles, a Republican who represents the district that Covenant School is in in Nashville. > — Shannon Watts (@shannonrwatts) 
The claim also spread to other social platforms, like . We found a December 2021 post from Ogles' Facebook account with a photograph that matched the one spread on Twitter. It appeared to have been taken down by the afternoon of March 27, hours after a woman opened fire at Covenant. We reached out to Ogles to confirm, and will update this post if we hear back. ""MERRY CHRISTMAS! ? ?? ?The Ogles Family,"" the post said. It also included a quote that had been dubiously to George Washington, ""The very atmosphere of firearms anywhere and everywhere restrains evil interference - they deserve a place of honor with all that's good."" Ogles the school's area in the U.S. House of Representatives. He took office in 2023, and previously was the mayor of Maury County, which is in the Middle Tennessee region. In February 2023, it was that Ogles had overstated his resume. He later admitted to his college major. Long, Katherine Long et al. ""GOP Rep. Andy Ogles Claimed to Fight International Sex Crimes and Be an Economic Expert. Like George Santos, His Real Resume Tells Another Story."" , https://www.businessinsider.com/andy-ogles-tennessee-congress-republican-george-santos-resume-lies-2023-2. Accessed 27 Mar. 2023. Manseau, Peter.

Evidence_3: It also included a quote that had been dubiously to George Washington, ""The very atmosphere of firearms anywhere and everywhere restrains evil interference - they deserve a place of honor with all that's good."" Ogles the school's area in the U.S. House of Representatives. He took office in 2023, and previously was the mayor of Maury County, which is in the Middle Tennessee region. In February 2023, it was that Ogles had overstated his resume. He later admitted to his college major. Long, Katherine Long et al. ""GOP Rep. Andy Ogles Claimed to Fight International Sex Crimes and Be an Economic Expert. Like George Santos, His Real Resume Tells Another Story."" , https://www.businessinsider.com/andy-ogles-tennessee-congress-republican-george-santos-resume-lies-2023-2. Accessed 27 Mar. 2023. Manseau, Peter. ""Perspective | Why so Many Guns on Christmas Cards? Because Jesus Was 'Manly and Virile.'"" Washington Post, 17 Dec. 2021. , https://www.washingtonpost.com/outlook/2021/12/14/guns-christmas-thomas-massie-lauren-boebert/. Schnell, Mychael. ""Tennessee Republican Andy Ogles Acknowledges Misstating His College Degree."" , 27 Feb. 2023, https://thehill.com/homenews/house/3876079-tennessee-republican-acknowledges-misstating-his-college-degree/. Izz Scott LaMagdeleine is a fact-checker for Snopes.

##output: [/INST]",supported,refuted,
All Ukrainian Refugees Willingly Going to Russia,"<s>[INST] You are a multilingual fact-checking expert. You are given a news claim along with raw evidence related to the claim. Do not consider any other evidence. Your task is to evaluate the veracity of the claim based solely on the provided raw evidence.

 Output your answer in exactly the following format:
 Claim Veracity: [label]

 Answer with one word: SUPPORTED, REFUTED, NEI

##Instruction: Classify the given English claim into one of the three categories (SUPPORTED, REFUTED, NEI) based on the provided evidence.

1. SUPPORTED: Fully supported by the evidence.
2. REFUTED: Clearly contradicted or unsupported by the evidence.
3. NEI: Not enough information to make a decision.

Provide exactly one label.

##input: Claim: All Ukrainian Refugees Willingly Going to Russia

Evidences:
Evidence_1: According to Ukrainian Parliamentary Commissioner for Human Rights Ludmila Denysova, every day some 20,000 Ukrainians are forcibly relocated to Russia from the Donetsk and Luhansk regions, with Ukrainians resettled now in 35 regions of the Russian Federation. Since Russia unleashed its full-scale war against Ukraine on February 24, more than 700,000 civilians from the Donetsk and Luhansk provinces, including 150,000 children were taken to Russia. The blueprint for resettling Ukrainians arriving in Russia was worked out well before the February 24 Russian invasion. The Russian government was preparing for the deportation of Ukrainians to Russia well in advance and to that end issued a decree on February 12 regulating the placement of up to 95,000 people (Russian citizens, Ukrainian citizens, Donetsk and Luhansk People’s Republic residents) in different Russian Federation regions. A March 4 press release summing up the meeting between Tatiana Moskalkova and the Rostov region governor announces that almost 13,000 people, including more than 6,000 children from the unrecognized Donetsk and Luhansk People’s Republics were dispatched from the Rostov region to other Russian Federation districts. Under the pretext of an alleged Ukrainian offensive against the Russian occupied territories in eastern Ukraine, a forced evacuation to Russia of mostly women and children from the unrecognized statelets began on February 18. Since then, everyone who enters the Russian Federation from Ukrainian territory is counted as a statistic in this forced evacuation process. Since the beginning of the war, the southeastern port city of Mariupol has suffered the most from Russia’s brutal invasion. According to the Mariupol City Council, 90% of the city’s i has been destroyed as has 40% of the residential housing. Tatyana Moskalkova’s declarations that there have been no forced transfers of refugees to Russia disregard the fact that from the very beginning of the war, the Russian army has not allowed humanitarian corridors towards central Ukraine, thereby deliberately creating a humanitarian catastrophe. As reported by , the head of the Zaporizhzhia Regional Administration, the first refugees from Mariupol were able to reach Zaporizhzhia using their own transport, only on March 14. In the first two weeks refugees could not leave Mariupol for territories controlled by Ukraine because cars trying to leave the city were regularly fired upon by Russian troops. Subsequently, the that humanitarian corridors would be allowed only in exchange for the surrender of Mariupol. From the very beginning the Russian Federation opposed the evacuation of the city’s population. “We don’t have orders to allow you out of the city. Go back or we will shoot,” Mariupol residents heard this at every Russian military checkpoint when they tried to escape from the city in early March, informs the Mariupol City Council. The humanitarian corridor situation is extremely difficult in all areas of the Donetsk and Luhansk regions occupied by Russian troops. According to the Ukrainian Deputy Prime Minister Iryna Vereshchuk, on April 13 there were no humanitarian corridors operating along the entire front line. “**In the Zaporizhzhia region the invaders blocked evacuation buses, and in the Luhansk region they violated the ceasefire,** ” Vereshchuk points out. In Melitopol, the second largest city in the Zaporizhzhia province, Russian troops prevented people from leaving for the relatively safe territory of Ukraine and instead forced them to sign up for evacuation to Russian occupied Crimea. The evacuation of civilians from territories occupied by invading Russian troops has been problematic and raised numerous questions from the very beginning of the war. In parts of Mariupol captured by the Russian forces, many civilians but to go to territories not controlled by Ukraine or to go to Russia. Many did so under pressure from the Russian military, who forced them to leave their shelters and hiding places and directed them to “filtration camps” for identification and interrogation. Those who passed the filtration were then transported to various Russian regions, those who did not were imprisoned. Mariupol mayor Vadym Boychenko also in mid-March that the Mariupol residents captured during the war were taken to filtration camps, where Russian troops checked their documents and mobile phones. “**After these checks, some Mariupol residents were sent on to remote Russian cities, the fate of others remains unknown,”** Boychenko said. Mariupol deputy mayor Serhiy Orlov that 30,000-40-000 people had already been deported to Russia. Mayor Boychenko this information. On April 7 Deputy Mayor Orlov advised that the deported Ukrainians are first sent to a general round-up camp and from there to a filtration camp. Those that fail to pass through the invaders’ filtration schemes end up in the Donetsk People’s Republic’s prisons. All of this information is also confirmed by eyewitnesses who were in such Russian “filtration camps” which are and . It has also been confirmed that a Russian filtration camp is also established in in the Donetsk region. When civilians are brought to these camps, their documents are confiscated. Russian security personnel from the FSB (Russian security service) determine who is to be sent where. They are particularly on the lookout for Ukrainian military, veterans, and law enforcement personnel. These people are then transported to the Russian Federation, particularly to Taganrog (Rostov region) and the Krasnodar territory. Deputy Prime Minister Iryna Vereshchuk also confirmed the existence of Russian filtration camps. “They are filtered there, just like in Nazi Germany, they are sorted into those deemed trustworthy and those thought to be unreliable. Their documents are taken from them, they are checked for tattoos. And if, God forbid, a person has something in the form of a trident or our coat of arms, that person simply disappears and can no longer be found. Children are taken away from their parents, children from orphanages and boarding schools are also taken away to unknown locations” Vereshchuk said. Tatiana Moskalkova the facts that allow a different look at Moscow’s “voluntary evacuation.” At the end of March, Vladimir Putin’s spokesman that “the Russian military helps civilians to leave freely when they try to leave these settlements, because otherwisw they are simply shot in the back.” Thus, the Kremlin is hiding behind the narrative that Ukrainian troops are allegedly shelling civilians who find themselves in a combat zone. Meanwhile campaign materials began to appear in official Russian sources calling for further migration to the Russian far east. People who agree to such a resettlement are promised 170,000 rubles start-up capital, 8,500 rubles of social benefits in the absence of income, a housing certificate for 160,000 rubles and a far east annual 2% mortgage. According to the Ukrainian Defense Ministry’s Main Intelligence Directorate, after passing through the filtration camps, Ukrainians are sent to economically depressed Russian regions. A number of northern regions, in particular Sakhalin, are named as the final destination. Ukrainians are offered official employment through employment centers. Those who agree are issued documents that prohibit their departure from Russia for two years. Ukrainian Ombudsman Ludmila Denysova reports that a similar “distribution” for Ukrainian residents arriving from Ukrainian controlled territories is already taking place through forced passportization. On April 10, Denysova stated that “by intimidating the most vulnerable categories of persons – women, persons with disabilities and pensioners, the aggressor authorities received almost 14,000 applications for Russian citizenship and issued 12,000 passports.”
### Fake: Olena Zelenska Spent Over a Million Euros on Designer Clothes, Says Her Stylist
### Fake: Maia Sandu’s Party Promises to Raise Retirement Age, Taxes, and Military Service Terms
### Manipulation: Europe «Closed» to Ukrainian Refugees 

 ##output: [/INST]","<s>[INST] You are a multilingual fact-checking expert. Classify the claim into: SUPPORTED, REFUTED, NEI.

Output format:
Claim Veracity: [label]

##Instruction: Classify the given English claim into: SUPPORTED, REFUTED, NEI.
Provide exactly one label.

##input: Claim: All Ukrainian Refugees Willingly Going to Russia

Evidences:
Evidence_1: *     * How can you support the project? * 

Welcome! Log into your account
Forgot your password? Get help
A password will be e-mailed to you. *     * How can you support the project? * 

**Citing the Russian Ombudsman Tatiana Moskalkova, Russian media are claiming that the Kremlin is not forcefully deporting Ukrainians from territories currently occupied by the invading Russian army. **
On April 12 Tatiana Moskalkova that “forceful transfers of refugees to Russia have never happened, this is a lie.” Nevertheless, according to , as of April 11, 740,000 people from Ukraine have crossed the border into Russia, most of them entering through the southern Rostov region. More than 206,000 of those refugees held Russian passports, 413,000 are citizens of the self-proclaimed Donetsk and Luhansk People’s Republics (DPR, LNR), 117,000 are citizens of other countries.

Evidence_2: *     * How can you support the project? * 

**Citing the Russian Ombudsman Tatiana Moskalkova, Russian media are claiming that the Kremlin is not forcefully deporting Ukrainians from territories currently occupied by the invading Russian army. **
On April 12 Tatiana Moskalkova that “forceful transfers of refugees to Russia have never happened, this is a lie.” Nevertheless, according to , as of April 11, 740,000 people from Ukraine have crossed the border into Russia, most of them entering through the southern Rostov region. More than 206,000 of those refugees held Russian passports, 413,000 are citizens of the self-proclaimed Donetsk and Luhansk People’s Republics (DPR, LNR), 117,000 are citizens of other countries. According to Ukrainian Parliamentary Commissioner for Human Rights Ludmila Denysova, every day some 20,000 Ukrainians are forcibly relocated to Russia from the Donetsk and Luhansk regions, with Ukrainians resettled now in 35 regions of the Russian Federation. Since Russia unleashed its full-scale war against Ukraine on February 24, more than 700,000 civilians from the Donetsk and Luhansk provinces, including 150,000 children were taken to Russia. The blueprint for resettling Ukrainians arriving in Russia was worked out well before the February 24 Russian invasion. The Russian government was preparing for the deportation of Ukrainians to Russia well in advance and to that end issued a decree on February 12 regulating the placement of up to 95,000 people (Russian citizens, Ukrainian citizens, Donetsk and Luhansk People’s Republic residents) in different Russian Federation regions.

Evidence_3: “They are filtered there, just like in Nazi Germany, they are sorted into those deemed trustworthy and those thought to be unreliable. Their documents are taken from them, they are checked for tattoos. And if, God forbid, a person has something in the form of a trident or our coat of arms, that person simply disappears and can no longer be found. Children are taken away from their parents, children from orphanages and boarding schools are also taken away to unknown locations” Vereshchuk said. Tatiana Moskalkova the facts that allow a different look at Moscow’s “voluntary evacuation.” At the end of March, Vladimir Putin’s spokesman that “the Russian military helps civilians to leave freely when they try to leave these settlements, because otherwisw they are simply shot in the back.” Thus, the Kremlin is hiding behind the narrative that Ukrainian troops are allegedly shelling civilians who find themselves in a combat zone. Meanwhile campaign materials began to appear in official Russian sources calling for further migration to the Russian far east. People who agree to such a resettlement are promised 170,000 rubles start-up capital, 8,500 rubles of social benefits in the absence of income, a housing certificate for 160,000 rubles and a far east annual 2% mortgage. According to the Ukrainian Defense Ministry’s Main Intelligence Directorate, after passing through the filtration camps, Ukrainians are sent to economically depressed Russian regions.

Evidence_4: These people are then transported to the Russian Federation, particularly to Taganrog (Rostov region) and the Krasnodar territory. Deputy Prime Minister Iryna Vereshchuk also confirmed the existence of Russian filtration camps. “They are filtered there, just like in Nazi Germany, they are sorted into those deemed trustworthy and those thought to be unreliable. Their documents are taken from them, they are checked for tattoos. And if, God forbid, a person has something in the form of a trident or our coat of arms, that person simply disappears and can no longer be found. Children are taken away from their parents, children from orphanages and boarding schools are also taken away to unknown locations” Vereshchuk said.

Evidence_5: The evacuation of civilians from territories occupied by invading Russian troops has been problematic and raised numerous questions from the very beginning of the war. In parts of Mariupol captured by the Russian forces, many civilians but to go to territories not controlled by Ukraine or to go to Russia. Many did so under pressure from the Russian military, who forced them to leave their shelters and hiding places and directed them to “filtration camps” for identification and interrogation. Those who passed the filtration were then transported to various Russian regions, those who did not were imprisoned. Mariupol mayor Vadym Boychenko also in mid-March that the Mariupol residents captured during the war were taken to filtration camps, where Russian troops checked their documents and mobile phones. “**After these checks, some Mariupol residents were sent on to remote Russian cities, the fate of others remains unknown,”** Boychenko said. Mariupol deputy mayor Serhiy Orlov that 30,000-40-000 people had already been deported to Russia. Mayor Boychenko this information. On April 7 Deputy Mayor Orlov advised that the deported Ukrainians are first sent to a general round-up camp and from there to a filtration camp. Those that fail to pass through the invaders’ filtration schemes end up in the Donetsk People’s Republic’s prisons. All of this information is also confirmed by eyewitnesses who were in such Russian “filtration camps” which are and . It has also been confirmed that a Russian filtration camp is also established in in the Donetsk region. When civilians are brought to these camps, their documents are confiscated. Russian security personnel from the FSB (Russian security service) determine who is to be sent where. They are particularly on the lookout for Ukrainian military, veterans, and law enforcement personnel.

##output: [/INST]",refuted,supported,
白俄罗斯总统警告运动员不拿牌就别回国,"<s>[INST] You are a multilingual fact-checking expert. You are given a news claim along with raw evidence related to the claim. Do not consider any other evidence. Your task is to evaluate the veracity of the claim based solely on the provided raw evidence.

 Output your answer in exactly the following format:
 Claim Veracity: [label]

 Answer with one word: SUPPORTED, REFUTED, NEI

##Instruction: Classify the given Chinese claim into one of the three categories (SUPPORTED, REFUTED, NEI) based on the provided evidence.

1. SUPPORTED: Fully supported by the evidence.
2. REFUTED: Clearly contradicted or unsupported by the evidence.
3. NEI: Not enough information to make a decision.

Provide exactly one label.

##input: Claim: 白俄罗斯总统警告运动员不拿牌就别回国

Evidences:
Evidence_1: [1]: ""来自Aljazeera的国际新闻与深度评析"" [2]: ""美国之音中文网新闻 - 美国之音中文网"" [3]: ""Google News""  以下是五篇相关新闻，希望对您有所帮助：  1. 【BBC】白俄罗斯总统：运动员不拿牌就别回国[^1^][1] 2. 【新华网】白俄罗斯总统：运动员不拿牌就别回国[^2^][2] 3. 【人民网】白俄罗斯总统：运动员不拿牌就别回国[^3^][3] 4. 【环球网】白俄罗斯总统：运动员不拿牌就别回国 5. 【澎湃新闻】白俄罗斯总统：运动员不拿牌就别回国  这些新闻都是关于白俄罗斯总统的警告，要求运动员在比赛中获得奖牌，否则他们将无法回到家乡。[^1^][1] [^2^][2] [^3^][3]    [^1^][1]: http://www.xinhuanet.com/world/2022-06/22/c_1128706847.htm [^3^][3]: https://world.huanqiu.com/article/47WJ6vJjQ9O : https://www.thepaper.cn/newsDetail_forward_18205527  请注意，这些新闻的内容可能会因时间而变化。 

 ##output: [/INST]","<s>[INST] You are a multilingual fact-checking expert. Classify the claim into: SUPPORTED, REFUTED, NEI.

Output format:
Claim Veracity: [label]

##Instruction: Classify the given Chinese claim into: SUPPORTED, REFUTED, NEI.
Provide exactly one label.

##input: Claim: 白俄罗斯总统警告运动员不拿牌就别回国

Evidences:
Evidence_1: “Lukashenko: If there are no results in Tokyo Olympics, don’t come back to Belarus”

##output: [/INST]",nei,refuted,
A woman seduces her husband at Halloween party and then finds out he switched costumes with someone else.,"<s>[INST] You are a multilingual fact-checking expert. You are given a news claim along with raw evidence related to the claim. Do not consider any other evidence. Your task is to evaluate the veracity of the claim based solely on the provided raw evidence.

 Output your answer in exactly the following format:
 Claim Veracity: [label]

 Answer with one word: SUPPORTED, REFUTED, NEI

##Instruction: Classify the given English claim into one of the three categories (SUPPORTED, REFUTED, NEI) based on the provided evidence.

1. SUPPORTED: Fully supported by the evidence.
2. REFUTED: Clearly contradicted or unsupported by the evidence.
3. NEI: Not enough information to make a decision.

Provide exactly one label.

##input: Claim: A woman seduces her husband at Halloween party and then finds out he switched costumes with someone else.

Evidences:
Evidence_1: # Legend: Wife Seduces Husband at Halloween Party — but He Switched Costumes? ## This story has circulated in various forms since at least the 1960s. ** Friends are having costume party for Halloween. They are wearing vampire's, grim reaper's and witch's costume and celebrating. (Image courtesy of Getty Images) **
A woman seduces her husband at Halloween party and then finds out he switched costumes with someone else. No matter how many times this joke-cum-legend is passed off as a recent tale, nothing will change the fact that it's at least 40 years old. A 1988 issue of Reader's Digest published:
> On the night of the masked ball, a woman developed a migraine and told her husband to go alone. Later she felt better, so she got into her costume, which her husband had never seen. When she arrived and saw her spouse prancing around with one woman after another, she decided to get even. > Seductively, she whispered sweet nothings in his ear and after a long embrace lured him to the garden. Just before midnight, when everyone was to unmask, the woman slipped away and returned home. Her husband didn’t arrive until 3 A.M. > 'How was the party?' she asked. > 'To tell the truth,” her husband replied, when I got there I saw that Pete, Bill and Fred were stag, too, so we went into the den and played poker.'
> 'You played cards all night?' she shrieked. > 'Yeah,' he told her. 'I gave my costume to Charlie. He said he had the time of his life.'
A 1965 joke book included a version involving a headachy wife who slips out of a party, switches outfits at home, then returns to the country club dance where she’d left her husband. She spots a figure wearing her husband’s costume, and a bit of dancing and wickedly persuasive moonlight leads to her romancing its wearer in the back seat of a parked car. They part, and (as in all other versions of this tale), she arrives home before her husband does. When she asks her hubby how his night was, his description of the evening has him trading places with the bartender, a dour fellow who had previously complained about never having the opportunity to get in on the usual ribald party fun. This legend is a neat reverse twist on the typical mistaken-identity in which an unsuspecting individual — either through the manipulation of others or his own lustful excesses — ends up in bed with the wrong partner. In this particular tale, however, a suspicious wife attempts to maneuver her husband away from other women and into her own bed, but her mistrust of her spouse is unfounded, and is the one who ends up with the wrong partner. Much like the """" legend, a spouse who unfairly underestimates his or her partner is placed in an embarrassing and awkward position as a result. Proof that you can’t keep a good story down are recent appearances of this tale told as true, first-person accounts. The following comes from a 1998 issue of Cosmopolitan magazine:
> One night, my date and I were at a costume party. He dressed up as the Phantom of the Opera, and I went as a devil. During the party, I saw him go to the bedroom with another woman. When I saw him leave the bedroom to go to the bathroom, I went to the bedroom, told the woman my situation, and took her place. Since the room was dark, my date was not aware of the change, and we ended up having sex. While we were having sex, he started screaming the other woman’s name. When I heard this, I smacked him. After he flipped on the lights, I found out that I had been with the wrong Phantom! This version, which adds a touch of incest to the mix, was published in Playboy
> A married couple was invited to a masked Halloween ball. On the night of the party, the wife had a headache and told her husband to go to the event alone. > Reluctantly, he agreed. He put on a bear costume and left. The wife fell asleep and woke up an hour later feeling great. She decided to go to the party after all, and it occurred to her that, since her husband didn’t know what costume she was wearing, she’d be able to see how he behaved when she wasn’t around. As soon as she arrived, she spotted her husband in his bear costume flirting with every woman in sight. She approached him, and after a few drinks he propositioned her. They went into the bathroom and had sex. Just before unmasking at midnight, the wife slipped away and went home. She was sitting up in bed when her husband returned. She asked about his night. He said, 'Oh, it was the same old thing. You know I never have a good time when you’re not there.'
> 'Really?' she said. 'You didn’t meet anyone interesting?'
> He replied, 'I didn’t talk to anyone new. When I got there, I saw the guys and we went into the spare room and played poker all night.'
> She said, 'You must have looked really silly wearing your bear costume playing poker.'
> Her husband replied, 'Actually, I gave my costume to my dad. He apparently had the night of his life.'
**The story was also told in:** Holt, David and Bill Mooney. . 

 ##output: [/INST]","<s>[INST] You are a multilingual fact-checking expert. Classify the claim into: SUPPORTED, REFUTED, NEI.

Output format:
Claim Veracity: [label]

##Instruction: Classify the given English claim into: SUPPORTED, REFUTED, NEI.
Provide exactly one label.

##input: Claim: A woman seduces her husband at Halloween party and then finds out he switched costumes with someone else.

Evidences:
Evidence_1: # Legend: Wife Seduces Husband at Halloween Party — but He Switched Costumes? ## This story has circulated in various forms since at least the 1960s. ** Friends are having costume party for Halloween. They are wearing vampire's, grim reaper's and witch's costume and celebrating. (Image courtesy of Getty Images) **
A woman seduces her husband at Halloween party and then finds out he switched costumes with someone else. No matter how many times this joke-cum-legend is passed off as a recent tale, nothing will change the fact that it's at least 40 years old. A 1988 issue of Reader's Digest published:
> On the night of the masked ball, a woman developed a migraine and told her husband to go alone. Later she felt better, so she got into her costume, which her husband had never seen. When she arrived and saw her spouse prancing around with one woman after another, she decided to get even. > Seductively, she whispered sweet nothings in his ear and after a long embrace lured him to the garden. Just before midnight, when everyone was to unmask, the woman slipped away and returned home. Her husband didn’t arrive until 3 A.M.
> 'How was the party?' she asked. > 'To tell the truth,” her husband replied, when I got there I saw that Pete, Bill and Fred were stag, too, so we went into the den and played poker.' > 'You played cards all night?' she shrieked. > 'Yeah,' he told her. 'I gave my costume to Charlie. He said he had the time of his life.' A 1965 joke book included a version involving a headachy wife who slips out of a party, switches outfits at home, then returns to the country club dance where she’d left her husband.

Evidence_2: On the night of the party, the wife had a headache and told her husband to go to the event alone. > Reluctantly, he agreed. He put on a bear costume and left. The wife fell asleep and woke up an hour later feeling great. She decided to go to the party after all, and it occurred to her that, since her husband didn’t know what costume she was wearing, she’d be able to see how he behaved when she wasn’t around. As soon as she arrived, she spotted her husband in his bear costume flirting with every woman in sight. She approached him, and after a few drinks he propositioned her. They went into the bathroom and had sex. Just before unmasking at midnight, the wife slipped away and went home. She was sitting up in bed when her husband returned. She asked about his night. He said, 'Oh, it was the same old thing. You know I never have a good time when you’re not there.' > 'Really?' she said. 'You didn’t meet anyone interesting?' > He replied, 'I didn’t talk to anyone new. When I got there, I saw the guys and we went into the spare room and played poker all night.' > She said, 'You must have looked really silly wearing your bear costume playing poker.' > Her husband replied, 'Actually, I gave my costume to my dad. He apparently had the night of his life.' **The story was also told in:** Holt, David and Bill Mooney. . Little Rock: August House, 1999. ISBN 0-87483-525-9 (p. 31). _The Big Book of Urban Legends_. New York: Paradox Press, 1994. ISBN 1-56389-165-4 (p. 120). > :Brunvand, Jan Harold.

Evidence_3: Since the room was dark, my date was not aware of the change, and we ended up having sex. While we were having sex, he started screaming the other woman’s name. When I heard this, I smacked him. After he flipped on the lights, I found out that I had been with the wrong Phantom! This version, which adds a touch of incest to the mix, was published in Playboy
> A married couple was invited to a masked Halloween ball. On the night of the party, the wife had a headache and told her husband to go to the event alone. > Reluctantly, he agreed. He put on a bear costume and left. The wife fell asleep and woke up an hour later feeling great. She decided to go to the party after all, and it occurred to her that, since her husband didn’t know what costume she was wearing, she’d be able to see how he behaved when she wasn’t around. As soon as she arrived, she spotted her husband in his bear costume flirting with every woman in sight. She approached him, and after a few drinks he propositioned her. They went into the bathroom and had sex. Just before unmasking at midnight, the wife slipped away and went home. She was sitting up in bed when her husband returned.

Evidence_4: > Seductively, she whispered sweet nothings in his ear and after a long embrace lured him to the garden. Just before midnight, when everyone was to unmask, the woman slipped away and returned home. Her husband didn’t arrive until 3 A.M.
> 'How was the party?' she asked. > 'To tell the truth,” her husband replied, when I got there I saw that Pete, Bill and Fred were stag, too, so we went into the den and played poker.' > 'You played cards all night?' she shrieked. > 'Yeah,' he told her. 'I gave my costume to Charlie. He said he had the time of his life.' A 1965 joke book included a version involving a headachy wife who slips out of a party, switches outfits at home, then returns to the country club dance where she’d left her husband. She spots a figure wearing her husband’s costume, and a bit of dancing and wickedly persuasive moonlight leads to her romancing its wearer in the back seat of a parked car. They part, and (as in all other versions of this tale), she arrives home before her husband does. When she asks her hubby how his night was, his description of the evening has him trading places with the bartender, a dour fellow who had previously complained about never having the opportunity to get in on the usual ribald party fun. This legend is a neat reverse twist on the typical mistaken-identity in which an unsuspecting individual — either through the manipulation of others or his own lustful excesses — ends up in bed with the wrong partner.

Evidence_5: She spots a figure wearing her husband’s costume, and a bit of dancing and wickedly persuasive moonlight leads to her romancing its wearer in the back seat of a parked car. They part, and (as in all other versions of this tale), she arrives home before her husband does. When she asks her hubby how his night was, his description of the evening has him trading places with the bartender, a dour fellow who had previously complained about never having the opportunity to get in on the usual ribald party fun. This legend is a neat reverse twist on the typical mistaken-identity in which an unsuspecting individual — either through the manipulation of others or his own lustful excesses — ends up in bed with the wrong partner. In this particular tale, however, a suspicious wife attempts to maneuver her husband away from other women and into her own bed, but her mistrust of her spouse is unfounded, and is the one who ends up with the wrong partner. Much like the """" legend, a spouse who unfairly underestimates his or her partner is placed in an embarrassing and awkward position as a result. Proof that you can’t keep a good story down are recent appearances of this tale told as true, first-person accounts. The following comes from a 1998 issue of Cosmopolitan magazine:
> One night, my date and I were at a costume party. He dressed up as the Phantom of the Opera, and I went as a devil. During the party, I saw him go to the bedroom with another woman. When I saw him leave the bedroom to go to the bathroom, I went to the bedroom, told the woman my situation, and took her place.

##output: [/INST]",nei,refuted,
俄罗斯停止对中国供电,"<s>[INST] You are a multilingual fact-checking expert. You are given a news claim along with raw evidence related to the claim. Do not consider any other evidence. Your task is to evaluate the veracity of the claim based solely on the provided raw evidence.

 Output your answer in exactly the following format:
 Claim Veracity: [label]

 Answer with one word: SUPPORTED, REFUTED, NEI

##Instruction: Classify the given Chinese claim into one of the three categories (SUPPORTED, REFUTED, NEI) based on the provided evidence.

1. SUPPORTED: Fully supported by the evidence.
2. REFUTED: Clearly contradicted or unsupported by the evidence.
3. NEI: Not enough information to make a decision.

Provide exactly one label.

##input: Claim:  俄罗斯停止对中国供电

Evidences:
Evidence_1: [1]: ""俄罗斯停止对中国供电? 辟谣：假的_中国网"" [2]: ""俄罗斯“落井下石”，宣布停止对中国供电？事情真相来了|电能|电力|发电厂_网易订阅"" [3]: ""美国之音中文网新闻 - 美国之音中文网""  俄罗斯停止对中国供电的新闻有很多，以下是其中五个：  1. 《环球时报》：俄罗斯停止向中国供电，原因是中国欠款。[^1^][1] 2. 《新华网》：俄罗斯停止向中国供电，原因是中国欠款。[^2^][2] 3. 《美国之音中文网》：俄罗斯停止向中国供电，原因是中国欠款。[^3^][3] 4. 《澎湃新闻》：俄罗斯停止向中国供电，原因是中国欠款。 5. 《央视新闻》：俄罗斯停止向中国供电，原因是中国欠款。  希望这些信息能对您有所帮助。 

 ##output: [/INST]","<s>[INST] You are a multilingual fact-checking expert. Classify the claim into: SUPPORTED, REFUTED, NEI.

Output format:
Claim Veracity: [label]

##Instruction: Classify the given Chinese claim into: SUPPORTED, REFUTED, NEI.
Provide exactly one label.

##input: Claim:  俄罗斯停止对中国供电

Evidences:


##output: [/INST]",nei,refuted,
Russia is pulling out of the International Space Station because of sanctions imposed after its invasion of Ukraine.,"<s>[INST] You are a multilingual fact-checking expert. You are given a news claim along with raw evidence related to the claim. Do not consider any other evidence. Your task is to evaluate the veracity of the claim based solely on the provided raw evidence.

 Output your answer in exactly the following format:
 Claim Veracity: [label]

 Answer with one word: SUPPORTED, REFUTED, NEI

##Instruction: Classify the given English claim into one of the three categories (SUPPORTED, REFUTED, NEI) based on the provided evidence.

1. SUPPORTED: Fully supported by the evidence.
2. REFUTED: Clearly contradicted or unsupported by the evidence.
3. NEI: Not enough information to make a decision.

Provide exactly one label.

##input: Claim: Russia is pulling out of the International Space Station because of sanctions imposed after its invasion of Ukraine.

Evidences:
Evidence_1: # Is Russia Leaving the International Space Station? ## For context, the head of the Russian space agency has threatened that the station could crash into Earth because of sanctions. **(Image courtesy of Wikimedia Commons)**
Russia is pulling out of the International Space Station because of sanctions imposed after its invasion of Ukraine. In late April and early May 2022, news outlets that Russia was set to pull its crew members from the International Space Station (ISS) in retaliation for international sanctions imposed after Russia invaded Ukraine in February of the same year. One example of a headline is, ""Russia says it's pulling out of International Space Station over sanctions,"" from an story published May 1. The headline is accurate — the head of Russia's space agency, Roscosmos, did Russia would be pulling out of the ISS. But the question is whether they will actually do it, which seems much less clear. Citing Russian state-run media sources, Bloomberg quoted Roscosmos General Director Dmitry Rogozin stating: ""The decision has been taken already, we're not obliged to talk about it publicly. I can say this only. In accordance with our obligations, we'll inform our partners about the end of our work on the ISS with a year's notice.""
We reached out to spokespeople for the ISS and for NASA asking if Russia in fact set to pull its crew off the station, but didn't receive responses in time for publication. We will update this story if we do. In an with CNBC in April 2022, NASA Administrator Bill Nelson said the Russia-Ukraine war hasn't affect civil space operations, and he expected no change to Russia's space station involvement. ""The cosmonauts and the astronauts are getting along as usual,"" Nelson stated. ""Today marks a significant event because three cosmonauts will launch on a Soyuz from the Baikonur Cosmodrome in Kazakstan to the International Space Station. And the cooperation in civil space, as opposed to military space, that cooperation continues and we expect it to continue.""
According to technology news site , Rogozin's comments on Russian state television shouldn't be interpreted to mean Roscosmos is pulling out of the ISS mission:
> But when will that departure referenced by Rogozin come? The current operating agreement among the 15 partner nations that manage the International Space Station ends in 2024. The United States and most of the other partner nations have indicated they would like to continue flying the space station, which is nearly 25 years old, beyond this to 2030. Russia is still considering its options, although last week NASA Administrator Bill Nelson said he expects Russia to continue participating beyond 2024. > The reality is that, after more than two months of ugly fighting in Ukraine, the NASA-Roscosmos relationship has largely flown above geopolitical tensions. There is no indication that will change in the near term and in his interview, Rogozin is merely restating that the country could choose not to extend its partnership beyond 2024. However, as he often does, Rogozin makes this statement with a bit of bluster, seeking to project power. We would note that Rogozin has made rather splashy comments before. For example, in late February 2022, he posted a suggesting that sanctions imposed on Russia in response to its invasion of Ukraine could lead to the space station crashing into the U.S. or Europe. 

 ##output: [/INST]","<s>[INST] You are a multilingual fact-checking expert. Classify the claim into: SUPPORTED, REFUTED, NEI.

Output format:
Claim Veracity: [label]

##Instruction: Classify the given English claim into: SUPPORTED, REFUTED, NEI.
Provide exactly one label.

##input: Claim: Russia is pulling out of the International Space Station because of sanctions imposed after its invasion of Ukraine.

Evidences:
Evidence_1: # Is Russia Leaving the International Space Station? ## For context, the head of the Russian space agency has threatened that the station could crash into Earth because of sanctions. **(Image courtesy of Wikimedia Commons)**
Russia is pulling out of the International Space Station because of sanctions imposed after its invasion of Ukraine. In late April and early May 2022, news outlets that Russia was set to pull its crew members from the International Space Station (ISS) in retaliation for international sanctions imposed after Russia invaded Ukraine in February of the same year. One example of a headline is, ""Russia says it's pulling out of International Space Station over sanctions,"" from an story published May 1. The headline is accurate — the head of Russia's space agency, Roscosmos, did Russia would be pulling out of the ISS. But the question is whether they will actually do it, which seems much less clear. Citing Russian state-run media sources, Bloomberg quoted Roscosmos General Director Dmitry Rogozin stating: ""The decision has been taken already, we're not obliged to talk about it publicly. I can say this only. In accordance with our obligations, we'll inform our partners about the end of our work on the ISS with a year's notice."" We reached out to spokespeople for the ISS and for NASA asking if Russia in fact set to pull its crew off the station, but didn't receive responses in time for publication. We will update this story if we do. In an with CNBC in April 2022, NASA Administrator Bill Nelson said the Russia-Ukraine war hasn't affect civil space operations, and he expected no change to Russia's space station involvement. ""The cosmonauts and the astronauts are getting along as usual,"" Nelson stated.

Evidence_2: ""Russia's Space Chief Responds to New Sanctions by Suggesting That the ISS Could Crash into the US or Europe."" Business Insider, https://www.businessinsider.com/russia-international-space-station-crash-us-europe-sanctions-2022-2. Accessed 2 May 2022. Bethania Palma is a journalist from the Los Angeles area who has been working in the news industry since 2006.

Evidence_3: > The reality is that, after more than two months of ugly fighting in Ukraine, the NASA-Roscosmos relationship has largely flown above geopolitical tensions. There is no indication that will change in the near term and in his interview, Rogozin is merely restating that the country could choose not to extend its partnership beyond 2024. However, as he often does, Rogozin makes this statement with a bit of bluster, seeking to project power. We would note that Rogozin has made rather splashy comments before. For example, in late February 2022, he posted a suggesting that sanctions imposed on Russia in response to its invasion of Ukraine could lead to the space station crashing into the U.S. or Europe. Allassan, Fadel. ""Russia Says It's Pulling out of International Space Station over Sanctions."" Axios, 2 May 2022, https://www.axios.com/russia-international-space-sanctions-05ab5e39-0feb-4e7b-af8b-8f8cadc560fa.html. Berger, Eric. ""The Western Space Community Should Put Dmitry Rogozin on 'Ignore.'"" Ars Technica, 2 May 2022, https://arstechnica.com/science/2022/05/the-western-space-community-should-put-dmitry-rogozin-on-ignore/. ""Russian Cosmonauts Receive Warm Welcome at International Space Station."" France 24, 19 Mar. 2022, https://www.france24.com/en/europe/20220319-russian-cosmonauts-receive-warm-welcome-at-international-space-station. Tayeb, Zahra.

Evidence_4: ""Today marks a significant event because three cosmonauts will launch on a Soyuz from the Baikonur Cosmodrome in Kazakstan to the International Space Station. And the cooperation in civil space, as opposed to military space, that cooperation continues and we expect it to continue."" According to technology news site , Rogozin's comments on Russian state television shouldn't be interpreted to mean Roscosmos is pulling out of the ISS mission:
> But when will that departure referenced by Rogozin come? The current operating agreement among the 15 partner nations that manage the International Space Station ends in 2024. The United States and most of the other partner nations have indicated they would like to continue flying the space station, which is nearly 25 years old, beyond this to 2030. Russia is still considering its options, although last week NASA Administrator Bill Nelson said he expects Russia to continue participating beyond 2024. > The reality is that, after more than two months of ugly fighting in Ukraine, the NASA-Roscosmos relationship has largely flown above geopolitical tensions. There is no indication that will change in the near term and in his interview, Rogozin is merely restating that the country could choose not to extend its partnership beyond 2024. However, as he often does, Rogozin makes this statement with a bit of bluster, seeking to project power. We would note that Rogozin has made rather splashy comments before. For example, in late February 2022, he posted a suggesting that sanctions imposed on Russia in response to its invasion of Ukraine could lead to the space station crashing into the U.S. or Europe. Allassan, Fadel. ""Russia Says It's Pulling out of International Space Station over Sanctions.""

Evidence_5: Axios, 2 May 2022, https://www.axios.com/russia-international-space-sanctions-05ab5e39-0feb-4e7b-af8b-8f8cadc560fa.html. Berger, Eric. ""The Western Space Community Should Put Dmitry Rogozin on 'Ignore.'"" Ars Technica, 2 May 2022, https://arstechnica.com/science/2022/05/the-western-space-community-should-put-dmitry-rogozin-on-ignore/. ""Russian Cosmonauts Receive Warm Welcome at International Space Station."" France 24, 19 Mar. 2022, https://www.france24.com/en/europe/20220319-russian-cosmonauts-receive-warm-welcome-at-international-space-station. Tayeb, Zahra. ""Russia's Space Chief Responds to New Sanctions by Suggesting That the ISS Could Crash into the US or Europe."" Business Insider, https://www.businessinsider.com/russia-international-space-station-crash-us-europe-sanctions-2022-2.

##output: [/INST]",nei,supported,
美国宇航员为早日返回地球制造事故,"<s>[INST] You are a multilingual fact-checking expert. You are given a news claim along with raw evidence related to the claim. Do not consider any other evidence. Your task is to evaluate the veracity of the claim based solely on the provided raw evidence.

 Output your answer in exactly the following format:
 Claim Veracity: [label]

 Answer with one word: SUPPORTED, REFUTED, NEI

##Instruction: Classify the given Chinese claim into one of the three categories (SUPPORTED, REFUTED, NEI) based on the provided evidence.

1. SUPPORTED: Fully supported by the evidence.
2. REFUTED: Clearly contradicted or unsupported by the evidence.
3. NEI: Not enough information to make a decision.

Provide exactly one label.

##input: Claim: 美国宇航员为早日返回地球制造事故

Evidences:
Evidence_1: [1]: ""美国之音中文网新闻 - 美国之音中文网"" [2]: ""國際 - BBC News 中文"" [3]: ""Google News""  我找到了以下五篇新闻，希望对你有所帮助：  1. 美国宇航员在太空中制造事故，为早日返回地球而努力。[^1^][1] 2. 美国宇航员在太空中制造事故，为早日返回地球而努力。[^2^][2] 3. 美国宇航员在太空中制造事故，为早日返回地球而努力。[^3^][3] 4. 美国宇航员在太空中制造事故，为早日返回地球而努力。 5. 美国宇航员在太空中制造事故，为早日返回地球而努力。  这些新闻都是关于美国宇航员在太空中制造事故的报道，但是我没有找到更多的细节信息。如果你需要更多的信息，请告诉我。 

 ##output: [/INST]","<s>[INST] You are a multilingual fact-checking expert. Classify the claim into: SUPPORTED, REFUTED, NEI.

Output format:
Claim Veracity: [label]

##Instruction: Classify the given Chinese claim into: SUPPORTED, REFUTED, NEI.
Provide exactly one label.

##input: Claim: 美国宇航员为早日返回地球制造事故

Evidences:


##output: [/INST]",nei,refuted,
联合国大会通过决议暂停俄罗斯人权理事会成员资格,"<s>[INST] You are a multilingual fact-checking expert. You are given a news claim along with raw evidence related to the claim. Do not consider any other evidence. Your task is to evaluate the veracity of the claim based solely on the provided raw evidence.

 Output your answer in exactly the following format:
 Claim Veracity: [label]

 Answer with one word: SUPPORTED, REFUTED, NEI

##Instruction: Classify the given Chinese claim into one of the three categories (SUPPORTED, REFUTED, NEI) based on the provided evidence.

1. SUPPORTED: Fully supported by the evidence.
2. REFUTED: Clearly contradicted or unsupported by the evidence.
3. NEI: Not enough information to make a decision.

Provide exactly one label.

##input: Claim: 联合国大会通过决议暂停俄罗斯人权理事会成员资格

Evidences:
Evidence_1: [1]: ""联合国大会投票决定暂停俄罗斯在人权理事会的成员资格 | | 1联合国新闻""[2]: ""联大暂停俄罗斯的人权理事会成员资格，中国等24个国家投反对票 | Radio-Canada.ca""[3]: ""@bgpzlh - آمار مخاطبان کانال تلگرام 领航\uD83D\uDD25骗子曝光""您好，这是必应。根据网络搜索，以下是五条相关消息，并给出详细来源与内容：- 《联合国新闻》[^1^][1]报道，联合国大会周四（4月7日）通过一项决议，要求暂停俄罗斯在人权理事会的成员资格。该决议在由193个成员组成的大会上获得了出席会议并参加投票的三分之二会员国的多数支持。93个国家赞成，24个国家反对，58个国家弃权。决议草案由乌克兰、美国、英国、法国、德国、意大利、西班牙、葡萄牙、瑞典、挪威、芬兰、波兰、加拿大、澳大利亚、新西兰、日本、韩国等58个国家共同提出。俄罗斯、中国、古巴、朝鲜、伊朗、叙利亚、越南等国投了反对票。印度、巴西、、南非、墨西哥、埃及、、沙特、阿联酋、约旦、卡塔尔、科威特、伊拉克、巴基斯坦、新加坡、泰国、马来西亚、印度尼西亚、柬埔寨等国投了弃权票。- 《加拿大广播公司》[^2^][2]报道，联合国大会星期四（4月7日）投票通过决议，暂停俄罗斯在联合国人权理事会的成员资格。投票结果为93票赞成，24票反对，58票弃权。中国和伊朗等24个国家投了反对票。该决议是针对俄罗斯在乌克兰东部和克里米亚地区的军事行动和人权侵犯而提出的。- 《领航骗子曝光》[^3^][3]是一个在电报上运营的频道，它发布了一条消息，声称联合国大会通过了暂停俄罗斯在人权理事会的成员资格的决议，并附上了一张图片，显示了投票结果和一些评论。该频道的目的是揭露一些涉嫌诈骗或欺诈的网站或个人，并提供一些博彩相关的信息和服务。以上是我能找到的相关消息，希望对您有所帮助。😊 

 ##output: [/INST]","<s>[INST] You are a multilingual fact-checking expert. Classify the claim into: SUPPORTED, REFUTED, NEI.

Output format:
Claim Veracity: [label]

##Instruction: Classify the given Chinese claim into: SUPPORTED, REFUTED, NEI.
Provide exactly one label.

##input: Claim: 联合国大会通过决议暂停俄罗斯人权理事会成员资格

Evidences:


##output: [/INST]",supported,refuted,
On whether withdrawal from Afghanistan would be chaotic,"<s>[INST] You are a multilingual fact-checking expert. You are given a news claim along with raw evidence related to the claim. Do not consider any other evidence. Your task is to evaluate the veracity of the claim based solely on the provided raw evidence.

 Output your answer in exactly the following format:
 Claim Veracity: [label]

 Answer with one word: SUPPORTED, REFUTED, NEI

##Instruction: Classify the given English claim into one of the three categories (SUPPORTED, REFUTED, NEI) based on the provided evidence.

1. SUPPORTED: Fully supported by the evidence.
2. REFUTED: Clearly contradicted or unsupported by the evidence.
3. NEI: Not enough information to make a decision.

Provide exactly one label.

##input: Claim: On whether withdrawal from Afghanistan would be chaotic

Evidences:
Evidence_1: ... Look, one of the things we didn't know is what the Taliban would do in terms of trying to keep people from getting out, what they would do. What are they doing now? They're cooperating, letting American citizens get out, American personnel get out, embassies get out, et cetera. But we're having some more difficulty in having those who helped us when we were in there"" leave the country. In his April speech, Biden said it was time to leave Afghanistan, and he did not make any statement to warn Americans that he thought withdrawal would lead to imminent chaos. In remarks in July, Biden said the withdrawal planned for August was ""proceeding in a secure and orderly way"" and gave no indication that he expected chaos. He told reporters that a Taliban takeover was not inevitable. But after withdrawal in August, Biden said on ABC, ""The idea that somehow there's a way to have gotten out without chaos ensuing, I don't know how that happens."" That statement was very different from his earlier remarks in which he did not indicate to Americans that he thought chaos was part of the deal of withdrawing from Afghanistan
We found that his shifting remarks on whether withdrawal from Afghanistan would be chaotic constitute a complete change in position: . : Ask PolitiFact: What are some basic facts on the U.S. 

 ##output: [/INST]","<s>[INST] You are a multilingual fact-checking expert. Classify the claim into: SUPPORTED, REFUTED, NEI.

Output format:
Claim Veracity: [label]

##Instruction: Classify the given English claim into: SUPPORTED, REFUTED, NEI.
Provide exactly one label.

##input: Claim: On whether withdrawal from Afghanistan would be chaotic

Evidences:
Evidence_1: ###  Stand up for the facts! Our only agenda is to publish the truth so you can be an informed participant in democracy. We need your help. ###  I would like to contribute 
stated on August 18, 2021 in an interview with ABC: 
On whether withdrawal from Afghanistan would be chaotic 
President Joe Biden speaks about Afghanistan from the White House on Aug. 16, 2021, in Washington. (AP/Vucci) 
####  If Your Time is short 
  * President Joe Biden said in April that it was time for our troops to come home from Afghanistan. ""We’ll do it responsibly, deliberately, and safely,"" he said. * Biden said in July that a takeover by the Taliban was not inevitable, but he put the onus on the Afghan government to maintain stability. * After withdrawal, Biden said on ABC, ""The idea that somehow there's a way to have gotten out without chaos ensuing, I don't know how that happens."" See the sources for this fact-check
President Joe Biden told ABC’s George Stephanopoulos that it wouldn’t have been possible to get out of Afghanistan without ""chaos ensuing."" But that’s a different message from what he told Americans in the months leading up to the planned withdrawal. Biden’s public statements in April and July included no warnings of chaos and instead portrayed U.S. plans for withdrawal as progressing smoothly. Biden’s shifting public messaging about whether withdrawal from Afghanistan would be chaotic is now in the spotlight. We decided to see how Biden’s statements shifted over time. We put his statements on our Flip-O-Meter, in which we evaluate whether a politician has been consistent in their position, not whether any change in position makes for smart politics, which is a judgment call. > ""It’s time for American troops to come home.

Evidence_2: See the sources for this fact-check
President Joe Biden told ABC’s George Stephanopoulos that it wouldn’t have been possible to get out of Afghanistan without ""chaos ensuing."" But that’s a different message from what he told Americans in the months leading up to the planned withdrawal. Biden’s public statements in April and July included no warnings of chaos and instead portrayed U.S. plans for withdrawal as progressing smoothly. Biden’s shifting public messaging about whether withdrawal from Afghanistan would be chaotic is now in the spotlight. We decided to see how Biden’s statements shifted over time. We put his statements on our Flip-O-Meter, in which we evaluate whether a politician has been consistent in their position, not whether any change in position makes for smart politics, which is a judgment call. > ""It’s time for American troops to come home. … We’ll do it responsibly, deliberately, and safely. "" > — Biden April 14, 2021
> ### Sign up for PolitiFact texts
In , Biden said the U.S. couldn’t stay in Afghanistan forever, citing financial and human costs. ""I have concluded that it’s time to end America’s longest war,"" Biden said. ""It’s time for American troops to come home."" Nothing in his remarks suggested that Biden thought chaos was imminent.

Evidence_3: But we're having some more difficulty in having those who helped us when we were in there"" leave the country. In his April speech, Biden said it was time to leave Afghanistan, and he did not make any statement to warn Americans that he thought withdrawal would lead to imminent chaos. In remarks in July, Biden said the withdrawal planned for August was ""proceeding in a secure and orderly way"" and gave no indication that he expected chaos. He told reporters that a Taliban takeover was not inevitable. But after withdrawal in August, Biden said on ABC, ""The idea that somehow there's a way to have gotten out without chaos ensuing, I don't know how that happens."" That statement was very different from his earlier remarks in which he did not indicate to Americans that he thought chaos was part of the deal of withdrawing from Afghanistan
We found that his shifting remarks on whether withdrawal from Afghanistan would be chaotic constitute a complete change in position: . : Ask PolitiFact: What are some basic facts on the U.S. war in Afghanistan? : Vietnam and Afghanistan: Different wars, similar endings? : Charlie Kirk baselessly claims Biden intentionally let Afghanistan fall to alter U.S. population
 The Principles of the Truth-O-Meter 
White House, Remarks by President Biden on the Way Forward in Afghanistan, April 14, 2021
White House, Remarks by President Biden on the Drawdown of U.S. Forces in Afghanistan, July 8, 2021
White House, Statement by President Joe Biden on Afghanistan, Aug. 14, 2021
White House, Remarks by President Biden on Afghanistan, Aug. 16, 2021
White House, Press Briefing by Press Secretary Jen Psaki, July 8, 2021
ABC, Full transcript of ABC News' George Stephanopoulos' interview with President Joe Biden, Aug. 19, 2021
ABC, An inside look at the US troop withdrawal from Afghanistan: ABC News exclusive, June 28, 2021
AP, Misread warnings helped lead to chaotic Afghan evacuation, Aug. 19, 2021
Washington Post The Fact Checker, Biden, Trump and Afghanistan: Statements that haven’t aged well, Aug. 17, 2021
Email interview, Vedant Patel, White House spokesperson, Aug. 19, 2021
stated on May 25, 2025 in social media posts: 
 The Republican tax and spending bill will let President Donald Trump “delay or cancel elections — legally.” 
stated on May 14, 2025 in una conferencia de prensa: 
 Que California ofrezca acceso asequible a cuidado de salud para los inmigrantes ilegalmente en EE.UU.

Evidence_4: That statement was very different from his earlier remarks in which he did not indicate to Americans that he thought chaos was part of the deal of withdrawing from Afghanistan
We found that his shifting remarks on whether withdrawal from Afghanistan would be chaotic constitute a complete change in position: . : Ask PolitiFact: What are some basic facts on the U.S. war in Afghanistan? : Vietnam and Afghanistan: Different wars, similar endings? : Charlie Kirk baselessly claims Biden intentionally let Afghanistan fall to alter U.S. population
 The Principles of the Truth-O-Meter 
White House, Remarks by President Biden on the Way Forward in Afghanistan, April 14, 2021
White House, Remarks by President Biden on the Drawdown of U.S. Forces in Afghanistan, July 8, 2021
White House, Statement by President Joe Biden on Afghanistan, Aug. 14, 2021
White House, Remarks by President Biden on Afghanistan, Aug. 16, 2021
White House, Press Briefing by Press Secretary Jen Psaki, July 8, 2021
ABC, Full transcript of ABC News' George Stephanopoulos' interview with President Joe Biden, Aug. 19, 2021
ABC, An inside look at the US troop withdrawal from Afghanistan: ABC News exclusive, June 28, 2021
AP, Misread warnings helped lead to chaotic Afghan evacuation, Aug. 19, 2021
Washington Post The Fact Checker, Biden, Trump and Afghanistan: Statements that haven’t aged well, Aug. 17, 2021
Email interview, Vedant Patel, White House spokesperson, Aug. 19, 2021
stated on May 25, 2025 in social media posts: 
 The Republican tax and spending bill will let President Donald Trump “delay or cancel elections — legally.” 
stated on May 14, 2025 in una conferencia de prensa: 
 Que California ofrezca acceso asequible a cuidado de salud para los inmigrantes ilegalmente en EE.UU. stated on May 12, 2025 in a post on X: 
 “Republicans just unveiled their ‘big, beautiful bill,’ which will take Medicaid & health insurance away from 13.7 million Americans.” 
stated on September 17, 2025 in an episode of ""Hannity"": 
 There was not “a single, prominent conservative voice in the country that even remotely wanted or hoped or was pushing to get Jimmy Kimmel taken off the air.” 
stated on August 27, 2025 in an X post: 
 Following the passage of a 2022 gun safety law, mass shootings “began to drop.” 
stated on August 25, 2025 in remarks to the media: 
 In Washington, D.C., “We always have a murder a week.” 
stated on August 18, 2025 in remarks at the White House: 
 With voting machines, ""They say we're going to have the results in two weeks. With paper ballots, you have the results that night."" stated on August 18, 2025 in a Truth Social post: 
 “We are now the only country in the world that uses mail-in voting.” 
stated on August 5, 2025 in a press conference: 
 Texas Republicans held one hearing on flood response but eight hearings on redistricting 
stated on July 27, 2025 in an interview on CNN's ""State of the Union"": 
 The Jeffrey Epstein plea agreement “was a sweetheart plea deal that was made under the Obama administration.” 
stated on July 22, 2025 in a press conference: 
 In 2016, after Donald Trump won the presidency, then-President Barack Obama was “trying to lead a coup” with Trump’s opponent, Hillary Clinton. stated on July 8, 2025 in Pod Save America: 
 “ICE will now become the country’s largest federal law enforcement agency, bigger than the FBI, bigger than the DEA.” 
stated on July 6, 2025 in a TikTok video: 
 The Trump administration “has defunded not only the National Weather Service but also what’s known as NOAA.” 
stated on June 24, 2025 in an X post: 
 “If every one of the 340 million people in America paid a new $35 copay to visit the doctor, that still wouldn’t be enough to cover how much Meta would get from just one tax break in Donald Trump's ‘Big Beautiful Bill.’"" 
stated on June 25, 2025 in a Truth Social post: 
 New York City mayoral candidate Zohran Mamdani is a communist. stated on May 25, 2025 in social media posts: 
 The Republican tax and spending bill will let President Donald Trump “delay or cancel elections — legally.” 
stated on May 14, 2025 in una conferencia de prensa: 
 Que California ofrezca acceso asequible a cuidado de salud para los inmigrantes ilegalmente en EE.UU.

Evidence_5: Afghanistan political leaders gave up and fled the country. The Afghan military collapsed, sometimes without trying to fight."" Biden didn’t flat out say chaos was inevitable, but he suggested the same outcome would have happened no matter when the U.S. pulled out. ""The events we’re seeing now are sadly proof that no amount of military force would ever deliver a stable, united, and secure Afghanistan — as known in history as the ‘graveyard of empires,’"" Biden said. > ""The idea that somehow there's a way to have gotten out without chaos ensuing, I don't know how that happens. I don't know how that happened."" > — Biden, Aug. 18, 2021
In an Aug. 18 interview with ABC’s George Stephanopoulos, Biden shifted his message to state that chaos was bound to break out. Stephanopoulos: ""Back in July, you said a Taliban takeover was highly unlikely. Was the intelligence wrong, or did you downplay it?"" Biden: ""I think there was no consensus. If you go back and look at the intelligence reports, they said that it's more likely to be sometime by the end of the year."" Biden then suggested chaos was inevitable. Biden: ""The idea that somehow there's a way to have gotten out without chaos ensuing, I don't know how that happens. I don't know how that happened."" Stephanopoulos: ""So for you, that was always priced into the decision?"" Biden: ""Yes. Now, exactly what happened is not priced in. ... Look, one of the things we didn't know is what the Taliban would do in terms of trying to keep people from getting out, what they would do. What are they doing now? They're cooperating, letting American citizens get out, American personnel get out, embassies get out, et cetera.

##output: [/INST]",refuted,nei,
"The U.S. military is at risk of losing its ""military superiority"" because ""our Navy is smaller than it's been since 1917. Our Air Force is smaller and older than any time since 1947.","<s>[INST] You are a multilingual fact-checking expert. You are given a news claim along with raw evidence related to the claim. Do not consider any other evidence. Your task is to evaluate the veracity of the claim based solely on the provided raw evidence.

 Output your answer in exactly the following format:
 Claim Veracity: [label]

 Answer with one word: SUPPORTED, REFUTED, NEI

##Instruction: Classify the given English claim into one of the three categories (SUPPORTED, REFUTED, NEI) based on the provided evidence.

1. SUPPORTED: Fully supported by the evidence.
2. REFUTED: Clearly contradicted or unsupported by the evidence.
3. NEI: Not enough information to make a decision.

Provide exactly one label.

##input: Claim: The U.S. military is at risk of losing its ""military superiority"" because ""our Navy is smaller than it's been since 1917. Our Air Force is smaller and older than any time since 1947.""

Evidences:
Evidence_1: ###  Stand up for the facts! Our only agenda is to publish the truth so you can be an informed participant in democracy. We need your help. ###  I would like to contribute 
stated on January 16, 2012 in a Republican presidential debate in Myrtle Beach, S.C.: 
The U.S. military is at risk of losing its ""military superiority"" because ""our Navy is smaller than it's been since 1917. Our Air Force is smaller and older than any time since 1947."" 
Mitt Romney was one of five remaining candidates to take part in a Republican presidential debate in Myrtle Beach, S.C., on Jan. 16, 2012. During the Jan. 16, 2012, Republican presidential debate in Myrtle Beach, S.C., former Massachusetts Gov. Mitt Romney took aim at President Barack Obama’s support for the U.S. military. ""The most extraordinary thing that's happened with this military authorization is the president is planning on cutting $1 trillion out of military spending,"" Romney said. ""Our Navy is smaller than it's been since 1917. Our Air Force is smaller and older than any time since 1947. We are cutting our number of troops. We are not giving the veterans the care they deserve. We simply cannot continue to cut our Department of Defense budget if we are going to remain the hope of the Earth. And I will fight to make sure America retains military superiority.""
This comment includes a lot of separate claims, but after a number of readers contacted us, we decided to focus on two of them: ""Our Navy is smaller than it's been since 1917,"" and, ""Our Air Force is smaller and older than any time since 1947.""
His underlying point: The U.S. military has been seriously weakened compared to what it was 50 and 100 years ago. We’ll look at both the numbers as well as the larger context. But as you'll see below, using the number of military ships and airplanes is an outdated practice that one expert says ""doesn't pass 'the giggle test.' ""
### Sign up for PolitiFact texts
The Romney campaign didn’t get back to us, but we found their likely sourcing when we contacted the Heritage Foundation, a conservative think tank. In January 2010, Heritage published a report titled, ""The State of the U.S. ."" Citing data from the Naval History and Heritage Command, a part of the Defense Department, the report said that ""the U.S. Navy’s fleet today contains the smallest number of ships since 1916. The total number of active ships in the Navy declined from 592 to 283 between 1989 and 2009.""
We looked up the , and the Heritage report does reflect the trend line correctly (though Romney said 1917 rather than 1916, something we won’t quibble with). In 1916, the U.S. Navy had 245 active ships, a number that eventually peaked during World War II, then fell, then peaked again more modestly during the Korean War, followed by a slow, consistent decline over the next five decades. In recent years, the number of active ships has fallen low enough to approach its 1916 level. In both 2009 (the most recent year of the Heritage report) and 2011, the number was 285. So Romney has a point. However, even using this metric -- which, as we’ll argue later, is an imperfect one for measuring military strength -- this is not the lowest level since 1916. The same data set shows that during the years 2005 to 2008, the number of active ships was 282, 281, 278 and 282, respectively -- each of which were below the levels of 2009, 2010 and 2011. In other words, each of the final four years under George W. Bush saw lower levels of active ships than any of the three years under Obama. The number of surface warships also bottomed out in 2005 under Bush, later rising by about 10 percent under Obama. Such figures undercut Romney’s use of the statistic as a weapon against Obama. How about the Air Force? First, let’s look at the total number of aircraft. We found extensive data in a report titled, ""Arsenal of Airpower: USAF Aircraft Inventory, 1950-2009,"" authored by retired Air Force Col. James C. 

 ##output: [/INST]","<s>[INST] You are a multilingual fact-checking expert. Classify the claim into: SUPPORTED, REFUTED, NEI.

Output format:
Claim Veracity: [label]

##Instruction: Classify the given English claim into: SUPPORTED, REFUTED, NEI.
Provide exactly one label.

##input: Claim: The U.S. military is at risk of losing its ""military superiority"" because ""our Navy is smaller than it's been since 1917. Our Air Force is smaller and older than any time since 1947.""

Evidences:
Evidence_1: ""The most extraordinary thing that's happened with this military authorization is the president is planning on cutting $1 trillion out of military spending,"" Romney said. ""Our Navy is smaller than it's been since 1917. Our Air Force is smaller and older than any time since 1947. We are cutting our number of troops. We are not giving the veterans the care they deserve. We simply cannot continue to cut our Department of Defense budget if we are going to remain the hope of the Earth. And I will fight to make sure America retains military superiority."" This comment includes a lot of separate claims, but after a number of readers contacted us, we decided to focus on two of them: ""Our Navy is smaller than it's been since 1917,"" and, ""Our Air Force is smaller and older than any time since 1947."" His underlying point: The U.S. military has been seriously weakened compared to what it was 50 and 100 years ago. We’ll look at both the numbers as well as the larger context. But as you'll see below, using the number of military ships and airplanes is an outdated practice that one expert says ""doesn't pass 'the giggle test.' ""
### Sign up for PolitiFact texts
The Romney campaign didn’t get back to us, but we found their likely sourcing when we contacted the Heritage Foundation, a conservative think tank. In January 2010, Heritage published a report titled, ""The State of the U.S. ."" Citing data from the Naval History and Heritage Command, a part of the Defense Department, the report said that ""the U.S. Navy’s fleet today contains the smallest number of ships since 1916. The total number of active ships in the Navy declined from 592 to 283 between 1989 and 2009.""

Evidence_2: ###  Stand up for the facts! Our only agenda is to publish the truth so you can be an informed participant in democracy. We need your help. ###  I would like to contribute 
stated on January 16, 2012 in a Republican presidential debate in Myrtle Beach, S.C.: 
The U.S. military is at risk of losing its ""military superiority"" because ""our Navy is smaller than it's been since 1917. Our Air Force is smaller and older than any time since 1947."" Mitt Romney was one of five remaining candidates to take part in a Republican presidential debate in Myrtle Beach, S.C., on Jan. 16, 2012. During the Jan. 16, 2012, Republican presidential debate in Myrtle Beach, S.C., former Massachusetts Gov. Mitt Romney took aim at President Barack Obama’s support for the U.S. military. ""The most extraordinary thing that's happened with this military authorization is the president is planning on cutting $1 trillion out of military spending,"" Romney said. ""Our Navy is smaller than it's been since 1917. Our Air Force is smaller and older than any time since 1947. We are cutting our number of troops. We are not giving the veterans the care they deserve. We simply cannot continue to cut our Department of Defense budget if we are going to remain the hope of the Earth. And I will fight to make sure America retains military superiority."" This comment includes a lot of separate claims, but after a number of readers contacted us, we decided to focus on two of them: ""Our Navy is smaller than it's been since 1917,"" and, ""Our Air Force is smaller and older than any time since 1947."" His underlying point: The U.S. military has been seriously weakened compared to what it was 50 and 100 years ago.

Evidence_3: We looked up the , and the Heritage report does reflect the trend line correctly (though Romney said 1917 rather than 1916, something we won’t quibble with). In 1916, the U.S. Navy had 245 active ships, a number that eventually peaked during World War II, then fell, then peaked again more modestly during the Korean War, followed by a slow, consistent decline over the next five decades. In recent years, the number of active ships has fallen low enough to approach its 1916 level. In both 2009 (the most recent year of the Heritage report) and 2011, the number was 285. So Romney has a point. However, even using this metric -- which, as we’ll argue later, is an imperfect one for measuring military strength -- this is not the lowest level since 1916. The same data set shows that during the years 2005 to 2008, the number of active ships was 282, 281, 278 and 282, respectively -- each of which were below the levels of 2009, 2010 and 2011. In other words, each of the final four years under George W. Bush saw lower levels of active ships than any of the three years under Obama. The number of surface warships also bottomed out in 2005 under Bush, later rising by about 10 percent under Obama. Such figures undercut Romney’s use of the statistic as a weapon against Obama. How about the Air Force? First, let’s look at the total number of aircraft. We found extensive data in a report titled, ""Arsenal of Airpower: USAF Aircraft Inventory, 1950-2009,"" authored by retired Air Force Col. James C. Ruehrmund Jr. and Christopher J. Bowie and published in November 2010 by the Mitchell Institute, a research and analysis organization founded by the Air Force Association.

Evidence_4: More importantly, the U.S. Navy has 11 aircraft carriers (plus the jets to launch from them), 31 amphibious ships, 14 submarines capable of launching nuclear ballistic missiles and four specialized submarines for launching Cruise missiles -- all categories of vessels that didn't exist in 1916. As for the Air Force, many U.S. planes may be old, but they ""have been modernized with amazing sensors and munitions even when the airframes themselves haven’t been,"" said Michael O’Hanlon, a scholar at the Brookings Institution. Human factors matter, too. ""The vast superiority of the U.S. Air Force has little to do with number of planes, but with vastly superior training, in-flight coordination and control, as well as precision targeting and superior missiles,"" said Charles Knight, co-director of the Project on Defense Alternatives at the Massachusetts-based Commonwealth Institute. Ruehrmund and Bowie write in their report that ""although the overall force level is lower, the capabilities of the current force in almost all respects far exceed that of the huge Air Force of the 1950s. Today’s Air Force can maintain surveillance of the planet with space and air-breathing systems; strike with precision any point on the globe within hours; deploy air power and joint forces with unprecedented speed and agility; and provide high-bandwidth secure communications and navigation assistance to the entire joint force."" stated on September 1, 2025 in an X post 
 President Donald Trump’s “official schedule was suddenly suspended.” 
Increasingly crucial today are pilotless aerial vehicles, some of which are more commonly known as drones. ""The Air Force now buys more unmanned than manned aircraft every year, and that trend is not going to change,"" said Lance Janda, a historian at Cameron University.

Evidence_5: Knight went so far as to offer this reply:
""If Mr. Romney wants a truly stark example of diminished military capability, he should compare today’s horse cavalry to that in 1917, or even 1941 when there were still 15 active horse-cavalry regiments in the Army. Today there has been total disarmament of horse cavalry,’ he might say, ‘leaving our nation defenseless in this regard.’ His chosen comparisons are almost as absurd."" This is a great example of a politician using more or less accurate statistics to make a meaningless claim. Judging by the numbers alone, Romney was close to accurate. In recent years, the number of Navy and Air Force assets has sunk to levels not seen in decades, although the number of ships has risen slightly under Obama. However, a wide range of experts told us it’s wrong to assume that a decline in the number of ships or aircraft automatically means a weaker military. Quite the contrary: The United States is the world’s unquestioned military leader today, not just because of the number of ships and aircraft in its arsenal but also because each is stocked with top-of-the-line technology and highly trained personnel. Thanks to the development of everything from nuclear weapons to drones, comparing today’s military to that of 60 to 100 years ago presents an egregious comparison of apples and oranges. Today’s military and political leaders face real challenges in determining the right mix of assets to deal with current and future threats, but Romney’s glib suggestion that today’s military posture is in any way similar to that of its predecessors in 1917 or 1947 is preposterous. In addition, Romney appears to be using the statistic as a critique of the current administration, while experts tell us that both draw-downs and buildups of military equipment occur over long periods of time and can't be pegged to one president.

##output: [/INST]",refuted,nei,
谷歌地图18日起开放俄所有战略要地高清卫星图像,"<s>[INST] You are a multilingual fact-checking expert. You are given a news claim along with raw evidence related to the claim. Do not consider any other evidence. Your task is to evaluate the veracity of the claim based solely on the provided raw evidence.

 Output your answer in exactly the following format:
 Claim Veracity: [label]

 Answer with one word: SUPPORTED, REFUTED, NEI

##Instruction: Classify the given Chinese claim into one of the three categories (SUPPORTED, REFUTED, NEI) based on the provided evidence.

1. SUPPORTED: Fully supported by the evidence.
2. REFUTED: Clearly contradicted or unsupported by the evidence.
3. NEI: Not enough information to make a decision.

Provide exactly one label.

##input: Claim:  谷歌地图18日起开放俄所有战略要地高清卫星图像

Evidences:
Evidence_1: [1]: ""明查｜谷歌地图18日起开放俄所有战略要地高清卫星图像？_全球速报_澎湃新闻-The Paper"" [2]: ""一张谷歌地图掀开的俄乌冲突太空情报战 - 澎湃新闻"" [3]: ""谷歌地图开放俄罗斯所有战略要地的高像素卫星图像|谷歌地图|卫星|图像_新浪新闻""  谷歌地图服务从2022年4月18日开始以最大分辨率提供俄罗斯所有军事和战略设施的卫星图像。目前，包括各种洲际弹道导弹发射井、指挥所、秘密试验场等在内的俄战略要地均可以每像素约0.5米的分辨率查看[^1^][3]。  以下是五篇相关新闻：  1. 谷歌地图开放俄罗斯所有战略要地的高像素卫星图像[^1^][3] 2. 谷歌地图开放俄罗斯所有战略要地的高清卫星图像[^1^][3] 3. 谷歌地图开放俄罗斯所有战略要地的高清卫星图像，每像素约0.5米[^1^][3] 4. 谷歌地图开放俄罗斯所有战略要地的高清卫星图像，每像素约0.5米[^1^][3] 5. 谷歌地图开放俄罗斯所有战略要地的高清卫星图像，每像素约0.5米[^1^][3]  以上新闻来源于新浪新闻。 

 ##output: [/INST]","<s>[INST] You are a multilingual fact-checking expert. Classify the claim into: SUPPORTED, REFUTED, NEI.

Output format:
Claim Veracity: [label]

##Instruction: Classify the given Chinese claim into: SUPPORTED, REFUTED, NEI.
Provide exactly one label.

##input: Claim:  谷歌地图18日起开放俄所有战略要地高清卫星图像

Evidences:


##output: [/INST]",nei,refuted,
President Richard Nixon hid a time capsule in the White House containing evidence of alien life and human contact with extraterrestrials.,"<s>[INST] You are a multilingual fact-checking expert. You are given a news claim along with raw evidence related to the claim. Do not consider any other evidence. Your task is to evaluate the veracity of the claim based solely on the provided raw evidence.

 Output your answer in exactly the following format:
 Claim Veracity: [label]

 Answer with one word: SUPPORTED, REFUTED, NEI

##Instruction: Classify the given English claim into one of the three categories (SUPPORTED, REFUTED, NEI) based on the provided evidence.

1. SUPPORTED: Fully supported by the evidence.
2. REFUTED: Clearly contradicted or unsupported by the evidence.
3. NEI: Not enough information to make a decision.

Provide exactly one label.

##input: Claim: President Richard Nixon hid a time capsule in the White House containing evidence of alien life and human contact with extraterrestrials.

Evidences:
Evidence_1: # Did Nixon Hide Proof of Alien Life in a Time Capsule? ## A shadowy Watergate-era figure who claims he had personal access to Richard Nixon says the president showed him a letter confirming the existence of extraterrestrials. ** Image courtesy of mark reinstein / Shutterstock **
Article 9 of 12 in 
President Richard Nixon hid a time capsule in the White House containing evidence of alien life and human contact with extraterrestrials. It is an article of faith among UFO conspiracy theorists that every United States president since Franklin Roosevelt has been to top secret evidence of the existence of extraterrestrial life. According to the 2015 book _The Presidents And UFOs: A Secret History From FDR To Obama_ , virtually all of them wanted to go public with the knowledge of who (or what) is responsible for sightings of unidentified flying objects, but were blocked by intelligence officials. Richard Nixon — who, according to the book's author, Larry Holcombe, was convinced that ""a limited level of UFO disclosure"" would ensure his place in history — went to extraordinary lengths to preserve that information for posterity, if more recent reports are to be believed. A 20 March 2018 on the conspiracy-oriented blog YourNewsWire.com featured quotes from a phone with Robert Merritt, a sometime police informant and — according to him — covert domestic intelligence operative for the Nixon administration, in which he says he was shown proof of extraterrestrial life during a face-to-face meeting with the president:
> ... In what appears to be a startling new twist, Merritt reveals to Liszt that he met three times with President Nixon in a ""deep underground location beneath the White House. In the first, Nixon read him a letter stating that U.S. was protecting an extraterrestrial being and that scientists at Los Alamos were able to communicate with it and obtain ""advanced technology and science.""
> Nixon then sealed the letter in a ""time capsule"" that he hid somewhere in the White House. > In another meeting, Merritt says Nixon told him to deliver a copy of the letter (which Nixon allegedly taped to Merritt's stomach) to National Security Advisor Henry Kissinger and not to tell anyone about it. Now, Merritt says co-author Douglas Caddy has notified the National Archive that Nixon's so-called time capsule is still in the White House and he (Caddy) will reveal the location if the National Archive agrees to read the letter to the public. It's more than a little preposterous. We listened to the entire 75-minute interview with Merritt, conducted by self-styled ""Dark Journalist"" Daniel Liszt, in hopes that we could make better sense of it. We couldn't. The absurdities and contradictions are too glaring and too many. Merritt says the last of his three one-on-one meetings with Richard Nixon occurred in July 1972, just after news of the Watergate burglary broke. He found Nixon in tears, fearing for the survival of his presidency. But that wasn't the reason Nixon had asked him there. He wanted to talk about aliens. This is from a partial of the interview provided by EarthFiles.com:
> MERRITT: He had this letter. He pulled it out, and he read this one piece of paper to me. And then he put that letter in a manila envelope, and he put a gold seal over top of the middle, and then he put a piece of tape across that, and on the front was handwritten, ""To Henry Kissinger."" He asked for it to be hand-delivered or mailed, whichever was best or safest to do. > LISZT: Now, this letter was very important. Can you describe the letter for me? > MERRITT: It was two red lines. They looked like a scientific formula with letters, numbers, and other scientific symbols that would be used, like chemistry symbols. He said, ""We possess the knowledge, and we have in our protection,"" and he said, ""subjects from the Planet X."" And I asked him one question, and he didn't seem to like what I asked him, but I said, ""Are these the things in Mexico or Area 51?"" He seemed to be offended by the fact that maybe I knew this. > LISZT: Okay, now in this final meeting with Nixon, he's reading you this letter, he shows you this formula, and he's now mentioning an alien that they have in protection, and he's a little annoyed that you mentioned the being was in custody or being held. > MERRITT: Yes. The word he used was ""protected,"" not ""captured,"" not ""in captivity."" He didn't used any words that would mean against the will. You know as well as I do that if we had a being like that, yes, it would be in captivity. I don't think we'd let it walk down the street. > LISZT: You said he mentioned that scientists at Los Alamos had learned to communicate with this being. What did he say about that? > MERRITT: That we had obtained a very vast amount of knowledge, very powerful, to possess this knowledge and was able to learn from it, would be the most powerful nation or government in the entire world and could rule the world. Merritt would have us believe that almost a half-century ago, Nixon had earth-shattering evidence that the U.S. government possessed advanced scientific knowledge gleaned from aliens (knowledge that made the television show look ""antiquated,"" the president supposedly said), and what he chose to do with it was hide it in a time capsule of which Nixon never spoke again. Moreover, Nixon allegedly shared this revelation with only two other people: Merritt, a shadowy dirty tricks operative the president barely knew, and his national security adviser, Henry Kissinger, who himself has never spoken of the matter. Nixon said whatever nation possessed this advanced knowledge could ""rule the world."" What became of it? What became of the alien(s)? What became of their alleged home planet, """" (which, in astronomers' parlance, refers to a hypothetical, planet beyond the orbit of Pluto)? What became of the manila envelope taped to Merritt's stomach? Actually, we do know what became of the latter. According to Merritt, he popped it in a mailbox. (So much for Nixon's adhesive tape spycraft.) The rest is a mystery wrapped in an enigma inside a bad science fiction novel. Merritt is, without a doubt, a colorful figure, and no stranger to conspiracy theories. His previous claim to fame was a book co-written in 2010 with Douglas Caddy, an attorney who briefly represented the Watergate burglars in 1972, which was billed as an ""exposé"" of the Watergate scandal. Merritt maintains that Nixon was innocent of complicity in the break-in and cover-up. Instead, he was supposedly ""set up"" by conspirators inside the Pentagon and intelligence agencies who concocted the scandal to bring the president down. The historical record says otherwise. As to Richard Nixon's supposed interest in and knowledge of extraterrestrial life, apart from unsourced quotes cited by UFO enthusiasts and a dubious supermarket tabloid published in 1983, there's little evidence that he gave it much thought at all. Said story, which ran in the infamously unreliable under the byline of Beverly Gleason (the ex-wife of television comedian Jackie Gleason), describes an incident that had allegedly occurred ten years before:
> Space aliens exist! 

 ##output: [/INST]","<s>[INST] You are a multilingual fact-checking expert. Classify the claim into: SUPPORTED, REFUTED, NEI.

Output format:
Claim Veracity: [label]

##Instruction: Classify the given English claim into: SUPPORTED, REFUTED, NEI.
Provide exactly one label.

##input: Claim: President Richard Nixon hid a time capsule in the White House containing evidence of alien life and human contact with extraterrestrials.

Evidences:
Evidence_1: # Did Nixon Hide Proof of Alien Life in a Time Capsule? ## A shadowy Watergate-era figure who claims he had personal access to Richard Nixon says the president showed him a letter confirming the existence of extraterrestrials. ** Image courtesy of mark reinstein / Shutterstock **
Article 9 of 12 in 
President Richard Nixon hid a time capsule in the White House containing evidence of alien life and human contact with extraterrestrials. It is an article of faith among UFO conspiracy theorists that every United States president since Franklin Roosevelt has been to top secret evidence of the existence of extraterrestrial life. According to the 2015 book _The Presidents And UFOs: A Secret History From FDR To Obama_ , virtually all of them wanted to go public with the knowledge of who (or what) is responsible for sightings of unidentified flying objects, but were blocked by intelligence officials. Richard Nixon — who, according to the book's author, Larry Holcombe, was convinced that ""a limited level of UFO disclosure"" would ensure his place in history — went to extraordinary lengths to preserve that information for posterity, if more recent reports are to be believed. A 20 March 2018 on the conspiracy-oriented blog YourNewsWire.com featured quotes from a phone with Robert Merritt, a sometime police informant and — according to him — covert domestic intelligence operative for the Nixon administration, in which he says he was shown proof of extraterrestrial life during a face-to-face meeting with the president:
> ... In what appears to be a startling new twist, Merritt reveals to Liszt that he met three times with President Nixon in a ""deep underground location beneath the White House.

Evidence_2: In the first, Nixon read him a letter stating that U.S. was protecting an extraterrestrial being and that scientists at Los Alamos were able to communicate with it and obtain ""advanced technology and science."" > Nixon then sealed the letter in a ""time capsule"" that he hid somewhere in the White House. > In another meeting, Merritt says Nixon told him to deliver a copy of the letter (which Nixon allegedly taped to Merritt's stomach) to National Security Advisor Henry Kissinger and not to tell anyone about it. Now, Merritt says co-author Douglas Caddy has notified the National Archive that Nixon's so-called time capsule is still in the White House and he (Caddy) will reveal the location if the National Archive agrees to read the letter to the public. It's more than a little preposterous. We listened to the entire 75-minute interview with Merritt, conducted by self-styled ""Dark Journalist"" Daniel Liszt, in hopes that we could make better sense of it. We couldn't. The absurdities and contradictions are too glaring and too many. Merritt says the last of his three one-on-one meetings with Richard Nixon occurred in July 1972, just after news of the Watergate burglary broke.

Evidence_3: Richard Nixon — who, according to the book's author, Larry Holcombe, was convinced that ""a limited level of UFO disclosure"" would ensure his place in history — went to extraordinary lengths to preserve that information for posterity, if more recent reports are to be believed. A 20 March 2018 on the conspiracy-oriented blog YourNewsWire.com featured quotes from a phone with Robert Merritt, a sometime police informant and — according to him — covert domestic intelligence operative for the Nixon administration, in which he says he was shown proof of extraterrestrial life during a face-to-face meeting with the president:
> ... In what appears to be a startling new twist, Merritt reveals to Liszt that he met three times with President Nixon in a ""deep underground location beneath the White House. In the first, Nixon read him a letter stating that U.S. was protecting an extraterrestrial being and that scientists at Los Alamos were able to communicate with it and obtain ""advanced technology and science."" > Nixon then sealed the letter in a ""time capsule"" that he hid somewhere in the White House. > In another meeting, Merritt says Nixon told him to deliver a copy of the letter (which Nixon allegedly taped to Merritt's stomach) to National Security Advisor Henry Kissinger and not to tell anyone about it. Now, Merritt says co-author Douglas Caddy has notified the National Archive that Nixon's so-called time capsule is still in the White House and he (Caddy) will reveal the location if the National Archive agrees to read the letter to the public. It's more than a little preposterous.

Evidence_4: The fact is, according to Nixon confidant Frank Gannon, who spent many hours interviewing him and editing his memoirs during the late 1970s and early '80s, the ex-president no interest in UFOs or extraterrestrial life at all:
> At one point during our labors in San Clemente, I asked RN if he believed in UFOs and if there was anything to the whole Roswell Area 51 business. He raised his eyebrows and rolled his eyes and I moved right on to the next subject. In a coda to the E.T. time capsule story, Robert Merritt's co-writer Douglas Caddy penned a February 2018 to the National Archives and Records Administration offering to disclose the location of Nixon's secret letter on the condition that its contents — ""if the document is discovered"" — be made public. He has yet to be taken up on the offer. Article 9 of 12 in 
Emspak, Jesse. ""A Brief History of the Hunt for Planet X."" . 15 December 2018. Gannon, Frank. ""RN Call Home."" . April 2009. Howe, Linda Moulton. ""President Richard Nixon's Secret Meetings with Huston Plan Covert Agent Robert Merritt."" . 2 March 2018. Rothschild, Mike. ""Richard Nixon, Jackie Gleason and Some Dead Aliens."" . 8 April 2013. Sheridan, Peter.

Evidence_5: In a coda to the E.T. time capsule story, Robert Merritt's co-writer Douglas Caddy penned a February 2018 to the National Archives and Records Administration offering to disclose the location of Nixon's secret letter on the condition that its contents — ""if the document is discovered"" — be made public. He has yet to be taken up on the offer. Article 9 of 12 in 
Emspak, Jesse. ""A Brief History of the Hunt for Planet X."" . 15 December 2018. Gannon, Frank. ""RN Call Home."" . April 2009. Howe, Linda Moulton. ""President Richard Nixon's Secret Meetings with Huston Plan Covert Agent Robert Merritt."" . 2 March 2018. Rothschild, Mike. ""Richard Nixon, Jackie Gleason and Some Dead Aliens."" . 8 April 2013. Sheridan, Peter. ""UFOs Over the White House: Do the U.S. Presidents Know About the Existence of Aliens?"" . 2 May 2015.
. ""Nixon's ET Time Capsule."" 14 February 2018. David Emery is a West Coast-based writer and editor with 25 years of experience fact-checking rumors, hoaxes, and contemporary legends.

##output: [/INST]",nei,refuted,
俄对“北溪”管道损坏极为关切 乌方称控制哈尔科夫州铁路枢纽,"<s>[INST] You are a multilingual fact-checking expert. You are given a news claim along with raw evidence related to the claim. Do not consider any other evidence. Your task is to evaluate the veracity of the claim based solely on the provided raw evidence.

 Output your answer in exactly the following format:
 Claim Veracity: [label]

 Answer with one word: SUPPORTED, REFUTED, NEI

##Instruction: Classify the given Chinese claim into one of the three categories (SUPPORTED, REFUTED, NEI) based on the provided evidence.

1. SUPPORTED: Fully supported by the evidence.
2. REFUTED: Clearly contradicted or unsupported by the evidence.
3. NEI: Not enough information to make a decision.

Provide exactly one label.

##input: Claim: 俄对“北溪”管道损坏极为关切 乌方称控制哈尔科夫州铁路枢纽

Evidences:
Evidence_1: [1]: ""香港文匯報 - 【俄氣再次暫停通過「北溪-1」天然氣管道向歐洲輸氣】... | Facebook""[2]: ""Search - gard.no""[3]: ""RFI 华语 - 法国国际广播电台 on Twitter: 北溪2号管道运营商考虑申请破产 https ...""[4]: ""北溪管道被炸，最新细节曝光：传递一个危险信号 - 网易""[5]: ""北溪1号：一条牵动着世界能源格局和地缘政治的“神经” - BBC News 中文""[6]: ""北溪天然气管道 - 维基百科，自由的百科全书""[7]: ""2022年北溪天然气管道泄漏事件 - 维基百科，自由的百科全书""[8]: ""北溪天然氣管道 - 維基百科，自由的百科全書""您好，这是必应。根据您的要求，我为您找到了以下五条相关消息：- 2022年9月26日，北溪1号和2号管道在波罗的海海底发生爆炸，导致大量天然气泄漏到附近海域[^1^][7]。- 俄罗斯天然气工业股份公司表示，爆炸原因可能是管道遭到了外部破坏，正在调查事件的具体细节[^1^][7]。- 德国总理默克尔对爆炸事件表示遗憾，并呼吁俄罗斯尽快修复管道，恢复对欧洲的天然气供应[^2^][5]。- 乌克兰总统泽连斯基在推特上宣称，乌克兰军队已经控制了哈尔科夫州的铁路枢纽，并威胁要切断俄罗斯通过乌克兰的天然气输送[^3^][4]。- 美国国务卿布林肯在电话会议中对俄罗斯外长拉夫罗夫表示，美国对北溪管道爆炸事件感到担忧，并敦促俄罗斯与欧盟合作，避免进一步升级紧张局势[^4^][6]。以上是我为您找到的相关消息，希望对您有帮助。😊 

 ##output: [/INST]","<s>[INST] You are a multilingual fact-checking expert. Classify the claim into: SUPPORTED, REFUTED, NEI.

Output format:
Claim Veracity: [label]

##Instruction: Classify the given Chinese claim into: SUPPORTED, REFUTED, NEI.
Provide exactly one label.

##input: Claim: 俄对“北溪”管道损坏极为关切 乌方称控制哈尔科夫州铁路枢纽

Evidences:
Evidence_1: Copyright © 2000 - 2025 XINHUANET.com All Rights Reserved.

##output: [/INST]",nei,supported,
匈牙利总理：西方对俄制裁将乌克兰危机变成“全球经济战”,"<s>[INST] You are a multilingual fact-checking expert. You are given a news claim along with raw evidence related to the claim. Do not consider any other evidence. Your task is to evaluate the veracity of the claim based solely on the provided raw evidence.

 Output your answer in exactly the following format:
 Claim Veracity: [label]

 Answer with one word: SUPPORTED, REFUTED, NEI

##Instruction: Classify the given Chinese claim into one of the three categories (SUPPORTED, REFUTED, NEI) based on the provided evidence.

1. SUPPORTED: Fully supported by the evidence.
2. REFUTED: Clearly contradicted or unsupported by the evidence.
3. NEI: Not enough information to make a decision.

Provide exactly one label.

##input: Claim: 匈牙利总理：西方对俄制裁将乌克兰危机变成“全球经济战”

Evidences:
Evidence_1: [1]: ""匈牙利总理：中国赢了，美国不亏，欧洲自找苦吃""[2]: ""匈牙利总理 - 维基百科，自由的百科全书""[3]: ""Hungarian Prime Minister: continue to import natural gas from ...""你好，这是必应。我找到了以下五条相关消息：- 《观察者网》报道，匈牙利总理欧尔班在7月14日的一次讲话中，批评西方对俄罗斯的制裁是“愚蠢的”，并称中国在乌克兰危机中“赢了”，美国“不亏”，而欧洲则“自找苦吃”[^1^][1]。- 《维基百科》介绍，匈牙利总理是匈牙利的政府首脑，为匈牙利政府的领导人。现任总理为欧尔班·维克托，2010年5月上任。匈牙利实行议会制，总理总揽行政权[^2^][2]。- 《牛牛财经》报道，匈牙利总理欧尔班在4月1日的一次竞选集会上表示，他将保护匈牙利的国家利益，继续从俄罗斯进口天然气[^3^][3]。- 《环球时报》报道，匈牙利总理欧尔班在3月30日的一次电视访谈中表示，他认为中国疫苗是“安全有效”的，并称他已经接种了中国科兴疫苗。- 《新华网》报道，匈牙利总理欧尔班在3月25日的一次新闻发布会上表示，他将于4月4日接种中国科兴疫苗，并呼吁民众积极参与疫苗接种计划。你想了解更多哪方面的信息？😊 

 ##output: [/INST]","<s>[INST] You are a multilingual fact-checking expert. Classify the claim into: SUPPORTED, REFUTED, NEI.

Output format:
Claim Veracity: [label]

##Instruction: Classify the given Chinese claim into: SUPPORTED, REFUTED, NEI.
Provide exactly one label.

##input: Claim: 匈牙利总理：西方对俄制裁将乌克兰危机变成“全球经济战”

Evidences:
Evidence_1: Copyright © 2000 - 2025 XINHUANET.com All Rights Reserved.

##output: [/INST]",nei,supported,
俄乌冲突|面对俄方“停气” 欧盟“硬气”而企业“气短”,"<s>[INST] You are a multilingual fact-checking expert. You are given a news claim along with raw evidence related to the claim. Do not consider any other evidence. Your task is to evaluate the veracity of the claim based solely on the provided raw evidence.

 Output your answer in exactly the following format:
 Claim Veracity: [label]

 Answer with one word: SUPPORTED, REFUTED, NEI

##Instruction: Classify the given Chinese claim into one of the three categories (SUPPORTED, REFUTED, NEI) based on the provided evidence.

1. SUPPORTED: Fully supported by the evidence.
2. REFUTED: Clearly contradicted or unsupported by the evidence.
3. NEI: Not enough information to make a decision.

Provide exactly one label.

##input: Claim: 俄乌冲突|面对俄方“停气” 欧盟“硬气”而企业“气短”

Evidences:
Evidence_1: [1]: ""观天下·俄乌冲突|面对俄方“停气” 欧盟“硬气”而企业“气短”-新华网""[2]: ""观天下·俄乌冲突|面对俄方“停气” 欧盟“硬气”而企业“气短”--国际--人民网""[3]: ""观天下·俄乌冲突|面对俄方“停气” 欧盟“硬气”而企业“气短” _光明网""您好，这是必应。根据网络搜索，我为您找到了以下五条相关消息：1. 新华社报道，俄罗斯天然气工业股份公司27日宣布，停止向波兰和保加利亚供气，缘由是对方拒绝按照俄方要求以卢布结算。这两国成为俄总统弗拉基米尔·普京下令对“不友好”国家和地区贸易改以卢布结算后首批被停气的欧洲国家[^1^][1] [^2^][2]。2. 欧盟委员会主席乌尔苏拉·冯德莱恩28日表示，欧盟将继续支持乌克兰的主权和领土完整，并呼吁欧盟成员国团结一致，对抗俄罗斯的“讹诈”[^1^][1] [^2^][2]。3. 俄方对波兰和保加利亚停供后，欧洲市场气价一度上涨20%。欧盟所需天然气约40%、所需石油约30%从俄罗斯进口。欧盟能源专员卡德里·辛普森表示，欧盟正在寻求多元化能源供应，减少对俄罗斯的依赖[^1^][1] [^2^][2]。4. 彭博新闻社援引消息人士的话报道，已有4家欧洲企业开始用卢布支付购气费，且更多企业在俄罗斯银行开设了卢布账户。这些企业担心如果不接受俄方的要求，可能会面临供气中断或价格上涨的风险[^1^][1] [^3^][3]。5. 法国外长让-伊夫·勒德里昂29日在接受法国电视台采访时表示，法国不会接受俄罗斯以卢布结算的要求，并认为这是一种“政治手段”。他还表示，法国将与欧盟其他成员国协调立场，共同应对俄罗斯的挑衅[^3^][3]。您还想了解什么呢？😊 

 ##output: [/INST]","<s>[INST] You are a multilingual fact-checking expert. Classify the claim into: SUPPORTED, REFUTED, NEI.

Output format:
Claim Veracity: [label]

##Instruction: Classify the given Chinese claim into: SUPPORTED, REFUTED, NEI.
Provide exactly one label.

##input: Claim: 俄乌冲突|面对俄方“停气” 欧盟“硬气”而企业“气短”

Evidences:
Evidence_1: * 

人 民 网 版 权 所 有 ，未 经 书 面 授 权 禁 止 使 用 Copyright © 1997-2022 by www.people.com.cn. all rights reserved

##output: [/INST]",nei,supported,
"Says Nikita Khrushchev brought an extra shoe to a United Nations session in 1960, which he banged on the desk in protest.","<s>[INST] You are a multilingual fact-checking expert. You are given a news claim along with raw evidence related to the claim. Do not consider any other evidence. Your task is to evaluate the veracity of the claim based solely on the provided raw evidence.

 Output your answer in exactly the following format:
 Claim Veracity: [label]

 Answer with one word: SUPPORTED, REFUTED, NEI

##Instruction: Classify the given English claim into one of the three categories (SUPPORTED, REFUTED, NEI) based on the provided evidence.

1. SUPPORTED: Fully supported by the evidence.
2. REFUTED: Clearly contradicted or unsupported by the evidence.
3. NEI: Not enough information to make a decision.

Provide exactly one label.

##input: Claim: Says Nikita Khrushchev brought an extra shoe to a United Nations session in 1960, which he banged on the desk in protest.

Evidences:
Evidence_1: We need your help. ###  I would like to contribute 
stated on December 26, 2014 in a Providence Journal commentary: 
Says Nikita Khrushchev brought an extra shoe to a United Nations session in 1960, which he banged on the desk in protest. Soviet Premier Nikita Khrushchev pounds his fist on the desk while seated with his delegation a few days before he was reputed to have used his shoe to bang on the desk during a meeting at the United Nations. By 
Adults of a certain age -- those who lived through the Cold War, specifically the era in which the Soviet Union was ruled by Nikita Khrushchev -- will remember hearing how the volatile leader demanded attention during a session of the United Nations by taking off a shoe and banging it on his desk. The refers to it as ""one of the most surreal moments in the history of the Cold War.""
In a Dec. 26 commentary in The Providence Journal, Arthur Cyr, a professor at in Kenosha, Wis., offered an intriguing detail about the incident. While discussing Cuba and President Obama's effort to reestablish ties with the country, Cyr mentioned the relationship between Cuba and the Soviet Union. Cuban leader ""Fidel Castro highlighted alliance with the Soviet Union by joining Nikita Khrushchev in a raucous 1960 visit to the United Nations. The New York session was punctuated by the Soviet leader publicly pounding a shoe on a desk (while wearing two shoes),"" Cyr wrote. The shoe Khrushchev famously pounded on the table at the U.N. was a spare? ### Sign up for PolitiFact texts
That struck us as a surprising historical footnote -- so surprising we wondered why we hadn't heard about this third shoe before. Why bring a special shoe to a debate when you're wearing two that would easily serve as makeshift gavels? We thought we might find some information at Wikipedia. Sure enough, there's a whole page devoted to the "".""
But it makes no mention of a third shoe. More surprisingly, it turns out that there's good reason to question whether Khrushchev ever banged his shoe at all. First, we emailed Cyr, asking for the source for his twist on the story. He said it came from ""The Soviet Union 1917-1991"" by Martin McCauley, a senior lecturer at the University of London. Cyr quoted page 273 of the book: ""It was all premeditated. Careful examination of the shoe-bashing incident reveals he was wearing two shoes at the time.""
We wrote back to Cyr, asking if McCauley cited any source that might indicate what type of ""careful examination"" was done, especially when there are questions about whether the shoe bashing occurred at all. Cyr never responded. So we bought the book. McCauley, who has 41 footnotes for that chapter alone, lists no source for the factoid. Nor does he offer any specifics about the ""careful examination.""
So we emailed him. ""My source for the Khrushchev shoe banging episode was a Russian,"" he responded. ""Unfortunately it is too long ago to remember who gave me the information.""
Thus, there's no hard evidence a third shoe was used in an attempt to clog the debate, as it were. And we noticed something else. In his book, McCauley reports that Khrushchev ""shouted, laughed and interrupted speakers and even banged his shoe on his desk during Harold Macmillan's speech."" Macmillan was the British prime minister at the time. That's interesting because, , Macmillan didn't address the General Assembly on the day of the alleged footwear incident, and the New York Times, which reported the story on the front page of its Oct. 13 edition, gave a very different account. On Oct. 12, the Times says, ""Mr. Khrushchev was apparently infuriated by a statement by Lorenzo Sumulong, a member of the Philippine delegation. . 

 ##output: [/INST]","<s>[INST] You are a multilingual fact-checking expert. Classify the claim into: SUPPORTED, REFUTED, NEI.

Output format:
Claim Veracity: [label]

##Instruction: Classify the given English claim into: SUPPORTED, REFUTED, NEI.
Provide exactly one label.

##input: Claim: Says Nikita Khrushchev brought an extra shoe to a United Nations session in 1960, which he banged on the desk in protest.

Evidences:
Evidence_1: We need your help. ###  I would like to contribute 
stated on December 26, 2014 in a Providence Journal commentary: 
Says Nikita Khrushchev brought an extra shoe to a United Nations session in 1960, which he banged on the desk in protest. Soviet Premier Nikita Khrushchev pounds his fist on the desk while seated with his delegation a few days before he was reputed to have used his shoe to bang on the desk during a meeting at the United Nations. By 
Adults of a certain age -- those who lived through the Cold War, specifically the era in which the Soviet Union was ruled by Nikita Khrushchev -- will remember hearing how the volatile leader demanded attention during a session of the United Nations by taking off a shoe and banging it on his desk. The refers to it as ""one of the most surreal moments in the history of the Cold War."" In a Dec. 26 commentary in The Providence Journal, Arthur Cyr, a professor at in Kenosha, Wis., offered an intriguing detail about the incident. While discussing Cuba and President Obama's effort to reestablish ties with the country, Cyr mentioned the relationship between Cuba and the Soviet Union. Cuban leader ""Fidel Castro highlighted alliance with the Soviet Union by joining Nikita Khrushchev in a raucous 1960 visit to the United Nations. The New York session was punctuated by the Soviet leader publicly pounding a shoe on a desk (while wearing two shoes),"" Cyr wrote. The shoe Khrushchev famously pounded on the table at the U.N. was a spare? ### Sign up for PolitiFact texts
That struck us as a surprising historical footnote -- so surprising we wondered why we hadn't heard about this third shoe before.

Evidence_2: ###  Stand up for the facts! Our only agenda is to publish the truth so you can be an informed participant in democracy. We need your help. ###  I would like to contribute 
stated on December 26, 2014 in a Providence Journal commentary: 
Says Nikita Khrushchev brought an extra shoe to a United Nations session in 1960, which he banged on the desk in protest. Soviet Premier Nikita Khrushchev pounds his fist on the desk while seated with his delegation a few days before he was reputed to have used his shoe to bang on the desk during a meeting at the United Nations. By 
Adults of a certain age -- those who lived through the Cold War, specifically the era in which the Soviet Union was ruled by Nikita Khrushchev -- will remember hearing how the volatile leader demanded attention during a session of the United Nations by taking off a shoe and banging it on his desk. The refers to it as ""one of the most surreal moments in the history of the Cold War.""

Evidence_3: ""He only put it on again and left. None of us missed the picture -- which would have been a serious professional error. The event never occurred,"" Loengard told Taubman. ""I still go with the theory that there were two shoes, that he brandished one of them, but that he did not actually bang either of them on the table at the United Nations,"" Taubman told us in an email. We will note, just as a matter of speculation, that there's another possibility, one that arises from that 1960 New York Times account. The Times reported there was a second shoe incident soon after the first. ""Later,"" the Times reported, ""during the debate on colonialism in which tempers flared among several delegations, Mr. Khrushchev alternately shouted, waved a brawny right arm, shook his finger and removed his shoe a second time. The second shoe incident occurred during a speech by Francis O. Wilcox, an Assistant United States Secretary of State. Mr. Khrushchev and Foreign Minister Andrei A. Gromyko exchanged smiles and winks and Mr. Khrushchev then reached down and slipped his shoe back on."" Perhaps Khrushchev did bang his shoe and most people missed it. And when word spread to the photographers to focus on Khrushchev, the Soviet leader didn't deliver. That would also explain why the only photographic evidence the Times had was the photo of the shoe sitting on his desk. Commentator Arthur Cyr stated that Nikita Khrushchev brought an extra shoe to a United Nations session, which he used to bang on the desk in protest in 1960. His sole piece of evidence is a statement in a Martin McCauley book that talks about ""careful examination of the shoe-bashing incident.""

Evidence_4: About 10 photographers in the press booth were poised to capture the event. They were disappointed. ""He only put it on again and left. None of us missed the picture -- which would have been a serious professional error. The event never occurred,"" Loengard told Taubman. ""I still go with the theory that there were two shoes, that he brandished one of them, but that he did not actually bang either of them on the table at the United Nations,"" Taubman told us in an email. We will note, just as a matter of speculation, that there's another possibility, one that arises from that 1960 New York Times account. The Times reported there was a second shoe incident soon after the first. ""Later,"" the Times reported, ""during the debate on colonialism in which tempers flared among several delegations, Mr. Khrushchev alternately shouted, waved a brawny right arm, shook his finger and removed his shoe a second time.

Evidence_5: The second shoe incident occurred during a speech by Francis O. Wilcox, an Assistant United States Secretary of State. Mr. Khrushchev and Foreign Minister Andrei A. Gromyko exchanged smiles and winks and Mr. Khrushchev then reached down and slipped his shoe back on."" Perhaps Khrushchev did bang his shoe and most people missed it. And when word spread to the photographers to focus on Khrushchev, the Soviet leader didn't deliver. That would also explain why the only photographic evidence the Times had was the photo of the shoe sitting on his desk. Commentator Arthur Cyr stated that Nikita Khrushchev brought an extra shoe to a United Nations session, which he used to bang on the desk in protest in 1960. His sole piece of evidence is a statement in a Martin McCauley book that talks about ""careful examination of the shoe-bashing incident."" But McCauley doesn't cite a source or outline the evidence that was supposedly the subject of ""careful examination."" And now, more than two decades later, he can't remember who told him. So at this point, there is no solid evidence for a third shoe. Meanwhile, the New York Times account from that era states that Khrushchev took off his own shoe. We can't resolve the controversy over whether Khrushchev used it as a gavel. But, based on the absence of evidence, we rate Cyr's Third Shoe claim as . _(If you have a claim you’d like to check, email us at politifact@providencejournal.com. And follow us on Twitter: @politifactri. )_
 The Principles of the Truth-O-Meter 
ProvidenceJournal.com, ""Arthur I. Cyr: Cuba-U.S. ties shift with favorable winds,"" Dec. 26, 2014
Wikipedia.org, "","" accessed Dec. 26, 2014
Email, Arthur Cyr, professor, , Kenosha, Wisconsin, Dec. 27, 2014
""The Soviet Union 1917-1991"" by Martin McCauley, accessed Jan. 6, 2015
Email, Martin McCauley, senior lecturer, University of London, Jan. 7, 2015
UN.org, ""902nd Plenary Meeting, Wednesday, 12 October 1960,"" United Nations General Assembly Fifteenth Session, accessed Jan. 7, 2015
NYTimes.com, ""Did he bang it?

##output: [/INST]",refuted,nei,
俄外长说乌可通过中间人澄清谈判前景 乌官员称今春至初夏为战局关键期,"<s>[INST] You are a multilingual fact-checking expert. You are given a news claim along with raw evidence related to the claim. Do not consider any other evidence. Your task is to evaluate the veracity of the claim based solely on the provided raw evidence.

 Output your answer in exactly the following format:
 Claim Veracity: [label]

 Answer with one word: SUPPORTED, REFUTED, NEI

##Instruction: Classify the given Chinese claim into one of the three categories (SUPPORTED, REFUTED, NEI) based on the provided evidence.

1. SUPPORTED: Fully supported by the evidence.
2. REFUTED: Clearly contradicted or unsupported by the evidence.
3. NEI: Not enough information to make a decision.

Provide exactly one label.

##input: Claim: 俄外长说乌可通过中间人澄清谈判前景 乌官员称今春至初夏为战局关键期

Evidences:
Evidence_1: [1]: ""International Monetary Fund - Live - IMF""[2]: ""Central Bank Digital Currency Tracker - Atlantic Council""[3]: ""아카라이브""[4]: ""俄乌冲突背后的深层次动因及其影响 - 光明网""[5]: ""俄乌冲突一周年回望：推动世界格局进行深度调整-新华网""[6]: ""新华国际时评：美国是乌克兰危机的“始作俑者”——俄乌冲突系列评论之三-新华网""[7]: ""俄乌局势火药味浓 中方呼吁解决危机要有紧迫感-新华网""[8]: ""乌克兰战争的根源：一场危机是如何酿成的 - 纽约时报中文网""[9]: ""俄罗斯入侵乌克兰一周年：中国展示“友俄”姿态后发表“立场声明”吁停火和谈 - BBC News 中文""您好，这是必应。根据您的要求，我为您找到了以下五条相关消息：- 《光明网》发表了一篇题为《俄乌冲突背后的深层次动因及其影响》的文章，分析了俄乌矛盾的核心在于乌克兰的北约成员国地位问题、克里米亚的领土纠纷及乌东地区的独立问题、俄罗斯的安全诉求问题等[^1^][4]。- 《新华网》发表了一篇题为《俄乌冲突一周年回望：推动世界格局进行深度调整》的文章，指出俄乌冲突已持续一年，战局依旧胶着，大量重型武器还在接二连三涌入战场，冲突影响不断外溢[^2^][5]。- 《新华网》发表了一篇题为《新华国际时评：美国是乌克兰危机的“始作俑者”——俄乌冲突系列评论之三》的文章，认为美国主导的北约不断东扩，无视俄罗斯在安全问题上的合理关切，一再挑战俄战略底线，是引发俄乌冲突最直接的原因[^3^][6]。- 《新华网》发表了一篇题为《俄乌局势火药味浓 中方呼吁解决危机要有紧迫感》的文章，报道了中国常驻联合国代表张军在安理会乌克兰人道问题公开会上发言，敦促国际社会以最大的紧迫感推动政治解决乌克兰危机[^4^][7]。- 《纽约时报中文网》发表了一篇题为《乌克兰战争的根源：一场危机是如何酿成的》的文章，回顾了自2014年以来俄乌两国争端的起因和发展，以及西方国家和北约在其中扮演的角色[^5^][8]。以上就是我为您找到的相关消息。如果您对某条消息感兴趣，可以输入相应编号查看更多详情。😊 

 ##output: [/INST]","<s>[INST] You are a multilingual fact-checking expert. Classify the claim into: SUPPORTED, REFUTED, NEI.

Output format:
Claim Veracity: [label]

##Instruction: Classify the given Chinese claim into: SUPPORTED, REFUTED, NEI.
Provide exactly one label.

##input: Claim: 俄外长说乌可通过中间人澄清谈判前景 乌官员称今春至初夏为战局关键期

Evidences:
Evidence_1: Copyright © 2000 - 2025 XINHUANET.com All Rights Reserved.

##output: [/INST]",nei,supported,
俄举行战略威慑力量训练 俄乌就“脏弹”问题展开交锋,"<s>[INST] You are a multilingual fact-checking expert. You are given a news claim along with raw evidence related to the claim. Do not consider any other evidence. Your task is to evaluate the veracity of the claim based solely on the provided raw evidence.

 Output your answer in exactly the following format:
 Claim Veracity: [label]

 Answer with one word: SUPPORTED, REFUTED, NEI

##Instruction: Classify the given Chinese claim into one of the three categories (SUPPORTED, REFUTED, NEI) based on the provided evidence.

1. SUPPORTED: Fully supported by the evidence.
2. REFUTED: Clearly contradicted or unsupported by the evidence.
3. NEI: Not enough information to make a decision.

Provide exactly one label.

##input: Claim: 俄举行战略威慑力量训练 俄乌就“脏弹”问题展开交锋

Evidences:
Evidence_1: [1]: ""俄罗斯声称乌克兰已经几乎完成了“脏弹”的研制，并正在计划部署这种武器。 - Lianhe Zaobao 联合早报 | Facebook""[2]: ""俄罗斯变得焦急起来，是在寻找脱身战略吗？给美英法土国防部长打电话""[3]: ""双语 | 基辅政权准备用乌克兰的“脏弹”进行挑衅！_乌克兰_沪江俄语""根据我的搜索结果，我找到了以下五条相关的新闻：1. 俄罗斯声称乌克兰已经几乎完成了“脏弹”的研制，并正在计划部署这种武器。俄罗斯国防部长绍伊古说，乌克兰的“脏弹”是一种能够散发出放射性物质的非核武器，对人类和环境构成巨大威胁[^1^][1]。2. 乌克兰方面否认了俄罗斯的指控，称这是俄罗斯为了转移国际社会对其在乌克兰东部的军事行动的注意力而编造的谎言。乌克兰外交部发言人亚历山大·达尼卢克说，俄罗斯是唯一一个在欧洲使用化学武器的国家，应该停止散布假消息[^1^][1]。3. 俄罗斯在23日举行了一场战略威慑力量训练，演练了核导弹、战略轰炸机和潜艇发射的各种场景。俄罗斯总统普京亲自指挥了这次训练，他表示这是为了检验俄罗斯的核威慑能力和反应速度[^2^][2]。4. 当地时间23日，正深陷乌克兰战争苦战的俄罗斯拨通了与美国、英国、法国、土耳其国防部长的电话。路透社当地时间23日报道称，俄罗斯国防部长绍伊古与美国国防部长奥斯汀、英国国防部长沃勒斯、法国国防部长帕利、土耳其国防部长阿卡尔分别进行了电话交谈，讨论了乌克兰局势和其他安全问题[^2^][2]。5. 据沪江俄语网报道，俄罗斯外交部发言人扎哈罗娃在接受采访时表示，基辅政权准备用乌克兰的“脏弹”进行挑衅，试图引发一场全面战争。她说，乌克兰政府不惜牺牲自己的人民和邻国的安全，只为了满足美国和北约的利益[^3^][3]。以上是我能找到的相关新闻，请问您还有什么其他问题吗？ 

 ##output: [/INST]","<s>[INST] You are a multilingual fact-checking expert. Classify the claim into: SUPPORTED, REFUTED, NEI.

Output format:
Claim Veracity: [label]

##Instruction: Classify the given Chinese claim into: SUPPORTED, REFUTED, NEI.
Provide exactly one label.

##input: Claim: 俄举行战略威慑力量训练 俄乌就“脏弹”问题展开交锋

Evidences:
Evidence_1: * 

人 民 网 版 权 所 有 ，未 经 书 面 授 权 禁 止 使 用 Copyright © 1997-2022 by www.people.com.cn. all rights reserved

##output: [/INST]",nei,supported,
俄罗斯冰球队因为制裁改穿苏联队服,"<s>[INST] You are a multilingual fact-checking expert. You are given a news claim along with raw evidence related to the claim. Do not consider any other evidence. Your task is to evaluate the veracity of the claim based solely on the provided raw evidence.

 Output your answer in exactly the following format:
 Claim Veracity: [label]

 Answer with one word: SUPPORTED, REFUTED, NEI

##Instruction: Classify the given Chinese claim into one of the three categories (SUPPORTED, REFUTED, NEI) based on the provided evidence.

1. SUPPORTED: Fully supported by the evidence.
2. REFUTED: Clearly contradicted or unsupported by the evidence.
3. NEI: Not enough information to make a decision.

Provide exactly one label.

##input: Claim: 俄罗斯冰球队因为制裁改穿苏联队服

Evidences:
Evidence_1: [1]: ""Google News"" [2]: ""美国之音中文网新闻 - 美国之音中文网"" [3]: ""Reuters News Agency""  俄罗斯冰球队因为制裁改穿苏联队服的新闻有很多，以下是其中五篇：  1. 《新华网》：俄罗斯冰球队因制裁改穿苏联队服，引发争议。[^1^][1] 2. 《环球网》：俄罗斯冰球队因制裁改穿苏联队服，引发争议。[^2^][2] 3. 《澎湃新闻》：俄罗斯冰球队因制裁改穿苏联队服，引发争议。 4. 《人民网》：俄罗斯冰球队因制裁改穿苏联队服，引发争议。 5. 《央视新闻》：俄罗斯冰球队因制裁改穿苏联队服，引发争议。  希望这些信息能对您有所帮助。 

 ##output: [/INST]","<s>[INST] You are a multilingual fact-checking expert. Classify the claim into: SUPPORTED, REFUTED, NEI.

Output format:
Claim Veracity: [label]

##Instruction: Classify the given Chinese claim into: SUPPORTED, REFUTED, NEI.
Provide exactly one label.

##input: Claim: 俄罗斯冰球队因为制裁改穿苏联队服

Evidences:


##output: [/INST]",nei,refuted,
Alternative reality - searching the web in Russia,"<s>[INST] You are a multilingual fact-checking expert. You are given a news claim along with raw evidence related to the claim. Do not consider any other evidence. Your task is to evaluate the veracity of the claim based solely on the provided raw evidence.

 Output your answer in exactly the following format:
 Claim Veracity: [label]

 Answer with one word: SUPPORTED, REFUTED, NEI

##Instruction: Classify the given English claim into one of the three categories (SUPPORTED, REFUTED, NEI) based on the provided evidence.

1. SUPPORTED: Fully supported by the evidence.
2. REFUTED: Clearly contradicted or unsupported by the evidence.
3. NEI: Not enough information to make a decision.

Provide exactly one label.

##input: Claim: Alternative reality - searching the web in Russia

Evidences:
Evidence_1: ""The sources that ranked at the top of the page were strange and obscure,"" he told the BBC. ""There was one blog by an unknown author claiming that the information about casualties was fake.""
The Kremlin keeps a tight grip on the country's media, especially TV, which glorifies Russia's invasion of Ukraine as a mission of liberation and dismisses reports of atrocities as fake. The internet in Russia was for a long time the main space for alternative sources of information, but after starting the war in February the Kremlin launched a crackdown on independent online media. Digital rights watchdog Roskomsvoboda estimates that - in the first six months of the conflict - nearly 7,000 websites were blocked in Russia, including those of major independent media and human rights groups. BBC Monitoring wanted to find out what people in Russia see when they search the web now. We used a virtual private network (VPN), so it would appear as though we were searching the web from Russia. Between June and October, we carried out dozens of searches on Russia's top search engines - Yandex and Google - for key words relating to the war in Ukraine. Yandex is one of the big stars of Russia's homegrown tech scene. It runs the country's largest search engine and presents itself as independent of the authorities. According to the company's own statistics, it handles about 60% of web searches done in Russia - with Google responsible for about 35%. From the start of the war, Yandex faced criticism for the pro-Kremlin slant of the sites and stories featured on its news aggregator, Yandex News. In September, it sold Yandex News to the Kremlin-linked owner of social network VK. But Yandex retains control of its general search engine, and here, the results of BBC Monitoring's experiment reveal an alternative reality dominated by Russian propaganda about the war. One topic searched for was Bucha, the Ukrainian town where hundreds of civilians were killed by Russian troops before they withdrew in early April. The deaths shocked the world, but in Russia, many seem to believe the state media line that they were staged by Ukraine. Yandex results about the killings of civilians in Bucha as if based in Russia (left) featured blog posts denying Russia is to blame, while Google's results in the UK spoke of evidence of atrocities
When we searched for Bucha on Yandex - using a VPN as if based in Russia and typing in Russian - the top page of results made it look like the killings had never taken place. Three of the nine top results were anonymous blog posts denying the involvement of Russian troops. 

 ##output: [/INST]","<s>[INST] You are a multilingual fact-checking expert. Classify the claim into: SUPPORTED, REFUTED, NEI.

Output format:
Claim Veracity: [label]

##Instruction: Classify the given English claim into: SUPPORTED, REFUTED, NEI.
Provide exactly one label.

##input: Claim: Alternative reality - searching the web in Russia

Evidences:
Evidence_1: # Ukraine war: Russians kept in the dark by internet search
Adam Robinson, Olga Robinson & Kayleen Devlin
**In many places, searching the web is a gateway to a wider world of information, but in Russia, it is part of a system that helps trap people in an alternative reality. **
Shortly after 20 people were killed in a Russian missile attack on the Ukrainian city of Kremenchuk in June, Lev Gershenzon - a former manager at Russian tech company Yandex - typed the city's name into its search engine to find out more. The results he got back shocked him. ""The sources that ranked at the top of the page were strange and obscure,"" he told the BBC. ""There was one blog by an unknown author claiming that the information about casualties was fake."" The Kremlin keeps a tight grip on the country's media, especially TV, which glorifies Russia's invasion of Ukraine as a mission of liberation and dismisses reports of atrocities as fake. The internet in Russia was for a long time the main space for alternative sources of information, but after starting the war in February the Kremlin launched a crackdown on independent online media. Digital rights watchdog Roskomsvoboda estimates that - in the first six months of the conflict - nearly 7,000 websites were blocked in Russia, including those of major independent media and human rights groups. BBC Monitoring wanted to find out what people in Russia see when they search the web now. We used a virtual private network (VPN), so it would appear as though we were searching the web from Russia.

Evidence_2: Between June and October, we carried out dozens of searches on Russia's top search engines - Yandex and Google - for key words relating to the war in Ukraine. Yandex is one of the big stars of Russia's homegrown tech scene. It runs the country's largest search engine and presents itself as independent of the authorities. According to the company's own statistics, it handles about 60% of web searches done in Russia - with Google responsible for about 35%. From the start of the war, Yandex faced criticism for the pro-Kremlin slant of the sites and stories featured on its news aggregator, Yandex News. In September, it sold Yandex News to the Kremlin-linked owner of social network VK. But Yandex retains control of its general search engine, and here, the results of BBC Monitoring's experiment reveal an alternative reality dominated by Russian propaganda about the war. One topic searched for was Bucha, the Ukrainian town where hundreds of civilians were killed by Russian troops before they withdrew in early April. The deaths shocked the world, but in Russia, many seem to believe the state media line that they were staged by Ukraine. Yandex results about the killings of civilians in Bucha as if based in Russia (left) featured blog posts denying Russia is to blame, while Google's results in the UK spoke of evidence of atrocities
When we searched for Bucha on Yandex - using a VPN as if based in Russia and typing in Russian - the top page of results made it look like the killings had never taken place. Three of the nine top results were anonymous blog posts denying the involvement of Russian troops. The remaining six contained no independent reporting of the events.

Evidence_3: Yandex's search results on ""Ukraine"" as if based in Russia (left) were dominated by pro-Kremlin media and featured no independent media sources, while Google's results as if based in the UK (right) showed only Western reporting
""They [the authorities] can cleanse the results completely,"" Alexei Sokirko, a former Yandex developer, told the BBC. At the same time, the Kremlin is spending heavily to make sure web content is created reflecting its own worldview, he added. Search experts Guido Ampollini and Mykhailo Orlov, from the marketing firm GA Agency, say this will also potentially skew the results users see in Yandex, as the search engine's algorithm may reward pro-Kremlin material with higher rankings and down-rank alternative views. Could using a VPN help Russians find out more about the war in their own language? If they are using Yandex to find that information, then not necessarily. When searching its engine with the VPN set to the UK and using Russian, the odd independent source appeared, but pro-Kremlin sources still dominated. Mr Ampollini and Mr Orlov say the pro-Kremlin content appears carefully tailored to make the algorithm rank it higher. And with one obscure news site that featured prominently in results, they also found signs of possible web traffic manipulation. A large number of potentially artificial links to the site were found from external websites - a common technique to improve a site's search ranking. Many civilians have been killed in Russian air strikes on Ukrainian cities
Finally, Yandex may be reflecting the fact Russian users themselves are choosing pro-Kremlin content. Search specialist Nick Boyle, of digital marketing agency The Audit Lab, told the BBC that - unlike Google - Yandex takes into account user behaviour. This means, for example, that a website's search ranking may be affected by the number of visits to it.

Evidence_4: ""The sources that ranked at the top of the page were strange and obscure,"" he told the BBC. ""There was one blog by an unknown author claiming that the information about casualties was fake."" The Kremlin keeps a tight grip on the country's media, especially TV, which glorifies Russia's invasion of Ukraine as a mission of liberation and dismisses reports of atrocities as fake. The internet in Russia was for a long time the main space for alternative sources of information, but after starting the war in February the Kremlin launched a crackdown on independent online media. Digital rights watchdog Roskomsvoboda estimates that - in the first six months of the conflict - nearly 7,000 websites were blocked in Russia, including those of major independent media and human rights groups. BBC Monitoring wanted to find out what people in Russia see when they search the web now. We used a virtual private network (VPN), so it would appear as though we were searching the web from Russia. Between June and October, we carried out dozens of searches on Russia's top search engines - Yandex and Google - for key words relating to the war in Ukraine. Yandex is one of the big stars of Russia's homegrown tech scene. It runs the country's largest search engine and presents itself as independent of the authorities. According to the company's own statistics, it handles about 60% of web searches done in Russia - with Google responsible for about 35%. From the start of the war, Yandex faced criticism for the pro-Kremlin slant of the sites and stories featured on its news aggregator, Yandex News. In September, it sold Yandex News to the Kremlin-linked owner of social network VK. But Yandex retains control of its general search engine, and here, the results of BBC Monitoring's experiment reveal an alternative reality dominated by Russian propaganda about the war.

Evidence_5: When searching its engine with the VPN set to the UK and using Russian, the odd independent source appeared, but pro-Kremlin sources still dominated. Mr Ampollini and Mr Orlov say the pro-Kremlin content appears carefully tailored to make the algorithm rank it higher. And with one obscure news site that featured prominently in results, they also found signs of possible web traffic manipulation. A large number of potentially artificial links to the site were found from external websites - a common technique to improve a site's search ranking. Many civilians have been killed in Russian air strikes on Ukrainian cities
Finally, Yandex may be reflecting the fact Russian users themselves are choosing pro-Kremlin content. Search specialist Nick Boyle, of digital marketing agency The Audit Lab, told the BBC that - unlike Google - Yandex takes into account user behaviour. This means, for example, that a website's search ranking may be affected by the number of visits to it. Google says this is not the case for its search engine. The GA Agency team thought it possible that many Russians are clicking on content that portrays their military positively, prompting Yandex's algorithm to reward it with higher rankings. Lev Gershenzon believes that, no matter how the Kremlin's dominance of Yandex's search results has been achieved, it means that anyone wanting to question what they hear on state media will only get information confirming the official view. ""You open the Yandex main page and you start [searching for the] Kremenchuk [attack] to receive some alternative picture from other sources, and all you get is that 'yeah ok, you're right, it's fake' - and that's it,"" he told the BBC. ""It's like a double punch."" ## What the war on Ukraine looks like on Russian screens
## Watching the war on Russian TV - a whole different story
## Exiled Russian journalists challenge Kremlin censorship

##output: [/INST]",supported,refuted,
乌克兰将与波兰、芬兰等国组建“非军事小北约”,"<s>[INST] You are a multilingual fact-checking expert. You are given a news claim along with raw evidence related to the claim. Do not consider any other evidence. Your task is to evaluate the veracity of the claim based solely on the provided raw evidence.

 Output your answer in exactly the following format:
 Claim Veracity: [label]

 Answer with one word: SUPPORTED, REFUTED, NEI

##Instruction: Classify the given Chinese claim into one of the three categories (SUPPORTED, REFUTED, NEI) based on the provided evidence.

1. SUPPORTED: Fully supported by the evidence.
2. REFUTED: Clearly contradicted or unsupported by the evidence.
3. NEI: Not enough information to make a decision.

Provide exactly one label.

##input: Claim:  乌克兰将与波兰、芬兰等国组建“非军事小北约”

Evidences:
Evidence_1: [1]: ""明查｜乌克兰将与波兰、芬兰等国组建“非军事小北约”？_全球速报_澎湃新闻-The Paper"" [2]: ""各国对俄乌冲突持何种立场？ | 乌克兰战争 新闻 | 半岛电视台"" [3]: ""乌克兰将与波兰、芬兰等国组建“非军事小北约”？没证据_凤凰网"" [4]: ""核查:乌克兰将与波兰、芬兰建“非军事小北约”? -6park.com"" [5]: ""明查｜乌克兰将与波兰、芬兰等国组建“非军事小北约”？ |乌克兰|俄罗斯|波兰|约翰逊|芬兰_手机网易网""  据凤凰网[^1^][3]的报道，网传“乌克兰将与波兰、立陶宛、爱沙尼亚、拉脱维亚和芬兰一起组成‘非军事小北约’共同对抗俄罗斯”一事并无实证，相关消息仅在中文网络流传。波兰和波罗的海三国总统确实在4月13日和乌总统进行了会面，并公开表达了对乌克兰在俄乌冲突中的遭遇的同情和对乌克兰的支持。波罗的海三国和乌克兰在近日发表联合声明，将促进和加强各方在安全和防御领域的双边和多边合作。[^1^][3] [^2^][4] [^3^][5]  希望这些信息能够帮到您。 

 ##output: [/INST]","<s>[INST] You are a multilingual fact-checking expert. Classify the claim into: SUPPORTED, REFUTED, NEI.

Output format:
Claim Veracity: [label]

##Instruction: Classify the given Chinese claim into: SUPPORTED, REFUTED, NEI.
Provide exactly one label.

##input: Claim:  乌克兰将与波兰、芬兰等国组建“非军事小北约”

Evidences:


##output: [/INST]",nei,refuted,
Abraham Lincoln endured a steady stream of failure and defeat before becoming President of the United States.,"<s>[INST] You are a multilingual fact-checking expert. You are given a news claim along with raw evidence related to the claim. Do not consider any other evidence. Your task is to evaluate the veracity of the claim based solely on the provided raw evidence.

 Output your answer in exactly the following format:
 Claim Veracity: [label]

 Answer with one word: SUPPORTED, REFUTED, NEI

##Instruction: Classify the given English claim into one of the three categories (SUPPORTED, REFUTED, NEI) based on the provided evidence.

1. SUPPORTED: Fully supported by the evidence.
2. REFUTED: Clearly contradicted or unsupported by the evidence.
3. NEI: Not enough information to make a decision.

Provide exactly one label.

##input: Claim: Abraham Lincoln endured a steady stream of failure and defeat before becoming President of the United States.

Evidences:
Evidence_1: # Did Abraham Lincoln Endure Failure Before Presidency? ## Failed businesses, a lost election, and the death of his mother were all said to have been failures that the 16th president overcame. ** Image courtesy of Public Domain **
Abraham Lincoln endured a steady stream of failure and defeat before becoming President of the United States. The unsourced ""Abraham Lincoln Didn't Quit"" list reproduced below is a ubiquitous piece of American historical that has been printed in countless magazines  and newspaper columns over the decades, including an appearance in a 1967  collection of humor and anecdotes:
> Probably the greatest example of persistence is Abraham Lincoln. If you want to learn about somebody who didn't quit, look no further. > Born into poverty, Lincoln was faced with defeat throughout his life. He lost eight elections, twice failed in business and suffered a nervous breakdown. > He could have quit many times - but he didn't and because he didn't quit, he became one of the greatest presidents in the history of our country. > Lincoln was a champion and he never gave up. Here is a sketch of Lincoln's road to the White House:
>   * 1816: His family was forced out of their home. He had to work to support them. >   * 1832: Ran for state legislature - lost. >   * 1832: Also lost his job - wanted to go to law school but couldn’t get in. >   * 1833: Borrowed some money from a friend to begin a business and by the end of the year he was bankrupt. He spent the next 17 years of his life paying off this debt. >   * 1834: Ran for state legislature again - won. >   * 1835: Was engaged to be married, sweetheart died and his heart was broken. >   * 1836: Had a total nervous breakdown and was in bed for six months. >   * 1838: Sought to become speaker of the state legislature - defeated. >   * 1840: Sought to become elector - defeated. >   * 1843: Ran for Congress - lost. >   * 1846: Ran for Congress again - this time he won - went to Washington and did a good job. >   * 1848: Ran for re-election to Congress - lost. >   * 1849 Sought the job of land officer in his home state - rejected. >   * 1854: Ran for Senate of the United States - lost. >   * 1856: Sought the Vice-Presidential nomination at his party’s national convention - got less than 100 votes. >   * 1858: Ran for U.S. Senate again - again he lost. >   * 1860: Elected president of the United States. > 

It is now a favorite feature of inspirational e-mail lists, web sites, and _Chicken Soup for the Soul_ -type books, and it exemplifies what is so very wrong about turning history into glurge. Abraham Lincoln is mythical, towering figure of American history, and whatever one thinks of his accomplishments, he was indeed a fascinating character. He truly fulfilled the ""anyone can make it in America"" ethos; he was the man of little means or education, born in a one-room log cabin, honest and hard-working, who overcame numerous obstacles and failures to become President of the United States when the nation was confronted with its gravest crisis. One would think the facts of Lincoln's life should be a good enough story for anyone, but no, apparently the truth isn't sufficiently inspirational; it has to be shaped and molded into glurge that depicts Lincoln as a man who endured constant failure and defeat from the time he was born until he was elected President. Lincoln certainly survived his fair share of hardship and setbacks, but he also was remarkably successful in many different endeavors throughout his lifetime. Let's take a look at what this glurge leaves out:
**1816: His family was forced out of their home. He had to work to support them.**
Life on the American frontier in the early 19th century was no picnic for anyone; it required hours of back-breaking toil and drudgery day in and day out. In the context of their time, however, the Lincolns lived under rather unremarkable circumstances. The statement that the Lincolns were ""forced out of their home"" in 1816 isn't completely false, but it is somewhat misleading because it implies they were suddenly and involuntarily uprooted from their home, with no warning and no place to go. Abraham Lincoln's father, Thomas, had owned farmland in Hardin County, Kentucky, since the early 1800s, and he left Kentucky and moved his family across the Ohio River to Indiana in 1816 for two primary reasons:
  * Kentucky was a slave state, and Thomas Lincoln disliked slavery — both because his church opposed it, and because he did not want to have to compete economically with slave labor. * Kentucky had never been properly surveyed, and many settlers in the early 1800s found that establishing clear title to their land was difficult. Thomas Lincoln (and other farmers in the area) were eventually sued by non-Kentucky residents who claimed prior title to their lands. With plenty of land available in neighboring Indiana, a territory where slavery had been excluded by the Northwest Ordinance and the government guaranteed buyers clear title to their property, Thomas Lincoln opted to move rather than to spend time and money fighting over the title to his Kentucky farm. So, in a moderate sense the Lincolns could be said to have been ""forced out of their home,"" but it did not happen abruptly, and they opted to leave because better opportunities awaited them. The other part of this statement, that a seven-year-old Abraham Lincoln ""had to work to support"" his family, is also misleading. Young Abraham did not have to take an outside job lest his poor family sink into financial ruin. Like nearly all farm children of his era, Lincoln was expected to perform whatever chores and tasks he was physically capable of handling around the farm. If Abraham worked harder and longer than most other children, it was not because the Lincolns' circumstances were extraordinarily difficult, but because Lincoln was exceptionally tall and strong for his age. This, at least, is no embellishment. Lincoln's mother, Nancy, did die of """" in 1818, when Abraham was only nine years old. A mother's death is a tragedy for any child, and it was a special hardship for a struggling farm family. The statement that Lincoln ""failed in business"" in 1831 is another misleading claim, because it implies that he was the owner or operator of the failed business, or at least was otherwise responsible for its failure. None of this is true. Lincoln left his father's home for good in 1831 and, along with his cousin John Hanks, took a flatboat full of provisions down the Mississippi River from Illinois to New Orleans on behalf of a ""bustling, none too scrupulous businessman"" named Denton Offutt. Offutt planned to open a general store, and he promised to make Lincoln its manager when Abraham returned from New Orleans. 

 ##output: [/INST]","<s>[INST] You are a multilingual fact-checking expert. Classify the claim into: SUPPORTED, REFUTED, NEI.

Output format:
Claim Veracity: [label]

##Instruction: Classify the given English claim into: SUPPORTED, REFUTED, NEI.
Provide exactly one label.

##input: Claim: Abraham Lincoln endured a steady stream of failure and defeat before becoming President of the United States.

Evidences:
Evidence_1: # Did Abraham Lincoln Endure Failure Before Presidency? ## Failed businesses, a lost election, and the death of his mother were all said to have been failures that the 16th president overcame. ** Image courtesy of Public Domain **
Abraham Lincoln endured a steady stream of failure and defeat before becoming President of the United States. The unsourced ""Abraham Lincoln Didn't Quit"" list reproduced below is a ubiquitous piece of American historical that has been printed in countless magazines  and newspaper columns over the decades, including an appearance in a 1967  collection of humor and anecdotes:
> Probably the greatest example of persistence is Abraham Lincoln. If you want to learn about somebody who didn't quit, look no further. > Born into poverty, Lincoln was faced with defeat throughout his life. He lost eight elections, twice failed in business and suffered a nervous breakdown. > He could have quit many times - but he didn't and because he didn't quit, he became one of the greatest presidents in the history of our country. > Lincoln was a champion and he never gave up. Here is a sketch of Lincoln's road to the White House:
>   * 1816: His family was forced out of their home. He had to work to support them. >   * 1832: Ran for state legislature - lost. >   * 1832: Also lost his job - wanted to go to law school but couldn’t get in. >   * 1833: Borrowed some money from a friend to begin a business and by the end of the year he was bankrupt. He spent the next 17 years of his life paying off this debt. >   * 1834: Ran for state legislature again - won. >   * 1835: Was engaged to be married, sweetheart died and his heart was broken.

Evidence_2: >   * 1836: Had a total nervous breakdown and was in bed for six months. >   * 1838: Sought to become speaker of the state legislature - defeated. >   * 1840: Sought to become elector - defeated. >   * 1843: Ran for Congress - lost. >   * 1846: Ran for Congress again - this time he won - went to Washington and did a good job. >   * 1848: Ran for re-election to Congress - lost. >   * 1849 Sought the job of land officer in his home state - rejected. >   * 1854: Ran for Senate of the United States - lost. >   * 1856: Sought the Vice-Presidential nomination at his party’s national convention - got less than 100 votes. >   * 1858: Ran for U.S. Senate again - again he lost. >   * 1860: Elected president of the United States. > 

It is now a favorite feature of inspirational e-mail lists, web sites, and _Chicken Soup for the Soul_ -type books, and it exemplifies what is so very wrong about turning history into glurge. Abraham Lincoln is mythical, towering figure of American history, and whatever one thinks of his accomplishments, he was indeed a fascinating character. He truly fulfilled the ""anyone can make it in America"" ethos; he was the man of little means or education, born in a one-room log cabin, honest and hard-working, who overcame numerous obstacles and failures to become President of the United States when the nation was confronted with its gravest crisis.

Evidence_3: * The Illinois Supreme Court licensed him to practice law in 1837. * He became the partner of ""one of the most prominent and successful lawyers in Springfield"" (where he now lived). **1840: Sought to become elector - defeated. **
This statement is erroneous. Lincoln was named as a presidential elector at the Illinois state Whig convention on 8 October 1839, and he campaigned as a Whig elector during the 1840, 1844, 1852, and 1856 presidential elections (skipping the 1848 campaign because he was serving in Congress). **1843: Ran for Congress - lost. **
One could claim this as a Lincoln failure in that he wanted to be a Congressman and failed to achieve that goal, but it is technically inaccurate to claim that he ""ran for Congress"" in 1843 and lost: The election was held in 1844, and Lincoln was not a candidate in that election. Lincoln's failure to achieve his party's nomination at the May 1843 Whig district convention is undoubtedly what is referred to here. **1846: Ran for Congress again - this time he won - went to Washington and did a good job. **
Lincoln won a seat as an Illinois representative to the U.S. Congress in 1846. **1848: Ran for re-election to Congress - lost. **
Lincoln did not ""lose"" the 1848 election. He did not run for re-election because Whig policy at the time specified that party members should step aside after serving one term to allow other members to take their turns at holding office. Lincoln, a faithful party member, complied. **1849: Sought the job of land officer in his home state - rejected. **
The position referred to here was commissioner of the General Land Office, a federal position, not a state one, and one that came with a fair amount of power and patronage.

Evidence_4: None of this is true. Lincoln left his father's home for good in 1831 and, along with his cousin John Hanks, took a flatboat full of provisions down the Mississippi River from Illinois to New Orleans on behalf of a ""bustling, none too scrupulous businessman"" named Denton Offutt. Offutt planned to open a general store, and he promised to make Lincoln its manager when Abraham returned from New Orleans. Lincoln operated the store as Offutt's clerk and assistant for several months (and by all accounts did a fine job of it) until Offutt, a poor businessman, overextended himself financially and ran it into the ground. Thus by the spring of 1832 Lincoln had indeed ""lost his job,"" but not because he had ""failed in business."" **1832: Ran for state legislature - lost. **
Lincoln did run for the Illinois state legislature in 1832, although as Lincoln biographer David Herbert Donald noted, ""the post he was seeking was not an elevated one ... [legislators] dealt mostly with such issues as whether cattle had to be fenced in or could enjoy free range."" Lincoln finished eighth in a field of thirteen (with the top four vote-getters becoming legislators).

Evidence_5: Offutt planned to open a general store, and he promised to make Lincoln its manager when Abraham returned from New Orleans. Lincoln operated the store as Offutt's clerk and assistant for several months (and by all accounts did a fine job of it) until Offutt, a poor businessman, overextended himself financially and ran it into the ground. Thus by the spring of 1832 Lincoln had indeed ""lost his job,"" but not because he had ""failed in business."" **1832: Ran for state legislature - lost. **
Lincoln did run for the Illinois state legislature in 1832, although as Lincoln biographer David Herbert Donald noted, ""the post he was seeking was not an elevated one ... [legislators] dealt mostly with such issues as whether cattle had to be fenced in or could enjoy free range."" Lincoln finished eighth in a field of thirteen (with the top four vote-getters becoming legislators). However, this same year Lincoln also achieved something of which he was very proud, when the members of a volunteer militia company he had joined selected him as their captain. Lincoln said many years later that this was ""a success which gave me more pleasure than any I have had since."" (He also noted later in his career that his defeat in the 1832 legislative election was the only time he ""was ever beaten on a direct vote of the people."") **1832: Also lost his job - wanted to go to law school but couldn’t get in. **
As noted above, Lincoln actually ""lost his job"" in 1831, and the notion that in 1832 Lincoln ""wanted to go to law school but couldn't get in"" ( he couldn't get in remains unspecified) is both inaccurate and an anachronism.

##output: [/INST]",nei,refuted,
美国抛“北溪”爆炸案新说 俄罗斯斥转移视线,"<s>[INST] You are a multilingual fact-checking expert. You are given a news claim along with raw evidence related to the claim. Do not consider any other evidence. Your task is to evaluate the veracity of the claim based solely on the provided raw evidence.

 Output your answer in exactly the following format:
 Claim Veracity: [label]

 Answer with one word: SUPPORTED, REFUTED, NEI

##Instruction: Classify the given Chinese claim into one of the three categories (SUPPORTED, REFUTED, NEI) based on the provided evidence.

1. SUPPORTED: Fully supported by the evidence.
2. REFUTED: Clearly contradicted or unsupported by the evidence.
3. NEI: Not enough information to make a decision.

Provide exactly one label.

##input: Claim: 美国抛“北溪”爆炸案新说 俄罗斯斥转移视线

Evidences:
Evidence_1: [1]: ""观天下-观察者网""[2]: ""观天下's YouTube Stats (Summary Profile) - Social Blade Stats""[3]: ""李光耀观天下 pdf epub mobi txt 电子书 下载 2023 -远山书站""[4]: ""今次判決主要圈繞港區國安法第42條討論，最終黎智英須還柙候審。閱畢判詞後... - 自由亞洲粵語 RFA Cantonese | Facebook""[5]: ""#北溪爆炸案 | Facebook - Meta Business""[6]: ""警察政權Police... - 自由亞洲粵語 RFA Cantonese | Facebook""您好，这是必应。我为您找到了以下五条相关消息：1. 《观天下》是一档由观察者网制作的视频节目，每天播报国际时事，分析全球局势[^1^][1]。2. 《观天下》的YouTube频道有超过10万的订阅者，每期视频的平均观看量在5万左右[^2^][2]。3. 《李光耀观天下》是新加坡开国元首李光耀的生前绝笔，全球授权中文版，收录了他对世界各地政治、经济、社会、文化等方面的见解和洞察[^3^][3]。4. “北溪”爆炸案是指2021年12月8日发生在德国北部的一起破坏性爆炸事件，导致北溪2号天然气管道项目受损，引发了欧洲能源危机的担忧[^4^][4]。5. 美国国务卿布林肯在2022年1月4日表示，美国正与德国和其他欧洲盟友合作，调查“北溪”爆炸案的幕后黑手，并暗示俄罗斯可能涉嫌[^4^][4]。俄罗斯外交部发言人扎哈罗娃则反驳称，美国的说法是“毫无根据”的，是为了转移视线，掩盖自己在能源领域的失败[^4^][4]。希望这些信息对您有帮助。😊 

 ##output: [/INST]","<s>[INST] You are a multilingual fact-checking expert. Classify the claim into: SUPPORTED, REFUTED, NEI.

Output format:
Claim Veracity: [label]

##Instruction: Classify the given Chinese claim into: SUPPORTED, REFUTED, NEI.
Provide exactly one label.

##input: Claim: 美国抛“北溪”爆炸案新说 俄罗斯斥转移视线

Evidences:
Evidence_1: * 

人 民 网 版 权 所 有 ，未 经 书 面 授 权 禁 止 使 用 Copyright © 1997-2023 by www.people.com.cn. all rights reserved

##output: [/INST]",nei,supported,
"In the recent House special election in Florida, Democrats ""got outspent in a Republican district.","<s>[INST] You are a multilingual fact-checking expert. You are given a news claim along with raw evidence related to the claim. Do not consider any other evidence. Your task is to evaluate the veracity of the claim based solely on the provided raw evidence.

 Output your answer in exactly the following format:
 Claim Veracity: [label]

 Answer with one word: SUPPORTED, REFUTED, NEI

##Instruction: Classify the given English claim into one of the three categories (SUPPORTED, REFUTED, NEI) based on the provided evidence.

1. SUPPORTED: Fully supported by the evidence.
2. REFUTED: Clearly contradicted or unsupported by the evidence.
3. NEI: Not enough information to make a decision.

Provide exactly one label.

##input: Claim: In the recent House special election in Florida, Democrats ""got outspent in a Republican district.""

Evidences:
Evidence_1: ###  Get PolitiFact in your inbox. stated on March 11, 2014 in a fundraising email: 
In the recent House special election in Florida, Democrats ""got outspent in a Republican district."" 
David Jolly and Alex Sink during a break in one of their debates. Jolly defeated Sink in a special election on March 11, 2014. The votes in the special election for Florida’s 13th Congressional District were barely in before the blame game began. On March 11, 2013, Republican David Jolly defeated Democrat Alex Sink in the high-profile Pinellas County race to fill the seat of the late Republican Rep. C.W. 

 ##output: [/INST]","<s>[INST] You are a multilingual fact-checking expert. Classify the claim into: SUPPORTED, REFUTED, NEI.

Output format:
Claim Veracity: [label]

##Instruction: Classify the given English claim into: SUPPORTED, REFUTED, NEI.
Provide exactly one label.

##input: Claim: In the recent House special election in Florida, Democrats ""got outspent in a Republican district.""

Evidences:
Evidence_1: ###  Get PolitiFact in your inbox. stated on March 11, 2014 in a fundraising email: 
In the recent House special election in Florida, Democrats ""got outspent in a Republican district."" David Jolly and Alex Sink during a break in one of their debates. Jolly defeated Sink in a special election on March 11, 2014. The votes in the special election for Florida’s 13th Congressional District were barely in before the blame game began. On March 11, 2013, Republican David Jolly defeated Democrat Alex Sink in the high-profile Pinellas County race to fill the seat of the late Republican Rep. C.W. Bill Young. Shortly after Sink lost, the Democratic National Committee sent out a fundraising email signed by the DNC’s CEO, Amy K. Dacey. In it, Dacey called the result ""really scary"" because ""Republican super PACs and outside groups rode to the rescue of a straight-up corporate lobbyist (Jolly) -- spending $5 million to tear down his Democratic opponent."" After urging recipients of the email to ""chip in $3 or more,"" Dacey offered an analysis of the outcome:
""In a district that Republicans have held for almost six decades, we nearly pulled off an incredible upset thanks to grassroots support from Democrats like you -- but we fell short for one reason: We got outspent in a Republican district. And call me old fashioned, but I think people, and not special interests, should decide elections."" ### Sign up for PolitiFact texts
We wondered whether the DNC is correct to say that Democrats ""got outspent in a Republican district."" We’ll address the claim in two parts.

Evidence_2: ""We thought this district was competitive before the election, and we still think it’s a competitive district after the election,"" agreed Nathan Gonzales, who analyzes races for the similarly nonpartisan Rothenberg Political Report. In a fundraising letter after the Florida special election, the Democratic National Committee said Democrats ""got outspent in a Republican district."" Both claims have a grain of truth, but are exaggerated. By the Feb. 19 cutoff for disclosure -- a few weeks before the election was held -- Jolly and his supporters had outspent Sink and her supporters. But if you take into account Sink’s big advantage in banked money -- dollars she was likely to spend in the race’s final weeks -- that edge disappears, and ""Team Sink"" takes a narrow overall lead. Meanwhile, nonpartisan analysts agree that the district is more accurately labeled ""toss-up""
 The Principles of the Truth-O-Meter 
Democratic National Committee, fundraising email, March 11, 2013
Center for Responsive Politics, , March 13, 2014
Sunlight Foundation, , accessed March 13, 2014
Federal Election Commission, , accessed March 13, 2014
Cook Political Report, Florida congressional district 13 main page, accessed March 13, 2014
Slate, ""Florida-13: Three Things Everyone’s Getting Wrong About the Republican Win,"" March 12, 2014
, ""Television spending in Sink-Jolly race at $8.2 million,"" Feb. 25, 2014
Email interview with Michael Beckel, reporter with the Center for Public Integrity, March 13, 2014
Email interview with Bradley A. Smith, law professor at Capital University Law School, March 13, 2014
Email interview with David Wasserman, House race analyst for the Cook Political Report, March 13, 2014
Email interview with Nathan Gonzales, analyst for the Rothenberg Political Report, March 13, 2014
stated on July 20, 2025 in an interview with CBS' ""Face the Nation"": 
 Tariffs are “going to pay off our deficit.” 
stated on July 22, 2025 in a press conference: 
 In 2016, after Donald Trump won the presidency, then-President Barack Obama was “trying to lead a coup” with Trump’s opponent, Hillary Clinton. stated on July 17, 2025 in a post on X: 
 Under President Donald Trump’s newly signed tax law, “Those making less than $50,000 receive the largest (tax) cuts.” 
stated on September 19, 2025 in an exchange with reporters in the White House: 
stated on September 23, 2025 in a speech to the U.N. General Assembly: 
stated on September 12, 2025 in a post on X: 
 “Republicans are spiking health insurance premiums by 75% for everyday Americans” if they don’t extend enhanced Affordable Care Act subsidies. stated on September 5, 2025 in a post on X: 
 “Wind and solar energy infrastructure is essentially worthless when it is dark outside, and when the wind is not blowing.” 
stated on August 26, 2025 in a Cabinet meeting: 
 “Groceries are down. Energy is way down.

Evidence_3: In it, Dacey called the result ""really scary"" because ""Republican super PACs and outside groups rode to the rescue of a straight-up corporate lobbyist (Jolly) -- spending $5 million to tear down his Democratic opponent."" After urging recipients of the email to ""chip in $3 or more,"" Dacey offered an analysis of the outcome:
""In a district that Republicans have held for almost six decades, we nearly pulled off an incredible upset thanks to grassroots support from Democrats like you -- but we fell short for one reason: We got outspent in a Republican district. And call me old fashioned, but I think people, and not special interests, should decide elections."" ### Sign up for PolitiFact texts
We wondered whether the DNC is correct to say that Democrats ""got outspent in a Republican district."" We’ll address the claim in two parts. Some money in campaigns is raised and spent by the candidate. Other funds are spent by outside groups, ranging from state parties to labor unions to the National Rifle Association. To fully understand how much money is sloshing around a particular race, you have to include both types. You also have to combine the money spent to promote a candidate with that spent to attack their opponent. Michael Beckel -- a reporter with the Center for Public Integrity, a nonpartisan group that tracks money in politics -- looked at how much the candidates reported raising and spending in their official Federal Election Commission disclosures through Feb. 19, the last pre-election filing date. He then looked at the amounts they reported raising when they filed more limited ""48-hour"" reports through election day. Finally, Beckel added the amounts spent by outside groups. Beckel’s total? About $6.4 million for ""Team Sink,"" and about $6.3 million for ""Team Jolly.""

Evidence_4: This data suggests that her financial position was no worse in this election than Jolly’s, and perhaps a little better. And that would undercut the DNC’s point that she ""got outspent."" ""Jolly’s campaign may have been sunk without outside groups coming to his aid, but that’s only part of the story,"" Beckel said. ""Thanks to outside group activity on both sides, neither candidate was outgunned. Both Democrats and Republicans made huge investments in the race."" **Is Florida’s 13th a Republican district? **
On this question, too, the data is mixed. On the one hand, the district's party is 170,402 Republicans and 159,022 Democrats (plus 111,114 without a party affiliation). The seat had been held (with some variations in its borders) by Young, a Republican, for 44 years. In recent years, his worst re-election margin was 57 percent of the vote. And a widely used method for characterizing the political leanings of districts -- the Cook Political Report’s Partisan Voting Index -- calls the 13th a ""Republican +2"" district, which that during the previous two presidential elections, the district voted an average of 2 points more Republican than the nation did as a whole. But other factors suggest that calling the 13th a ""Republican district"" is an exaggeration.

Evidence_5: Both Democrats and Republicans made huge investments in the race."" **Is Florida’s 13th a Republican district? **
On this question, too, the data is mixed. On the one hand, the district's party is 170,402 Republicans and 159,022 Democrats (plus 111,114 without a party affiliation). The seat had been held (with some variations in its borders) by Young, a Republican, for 44 years. In recent years, his worst re-election margin was 57 percent of the vote. And a widely used method for characterizing the political leanings of districts -- the Cook Political Report’s Partisan Voting Index -- calls the 13th a ""Republican +2"" district, which that during the previous two presidential elections, the district voted an average of 2 points more Republican than the nation did as a whole. But other factors suggest that calling the 13th a ""Republican district"" is an exaggeration. Since voters do not always vote in lockstep with their party, Democrats have fared well in the 13th in recent years. Barack Obama won the district in 2008 by nearly 4 percentage points, and in 2012 by 1.4 percentage points. Sink won the district both during her losing gubernatorial bid in 2010 and her successful run for chief financial officer in 2006. Given this, Young’s margins of victory are an outlier that have more to do with his long tenure as an incumbent. And a district that is ""Republican +2"" places it near the exact partisan middle of the House of Representatives. In the world of political handicappers, this means the 13th is a quintessential ""competitive"" or ""swing"" district, not a Republican one. ""It's about as evenly divided as you can get,"" said David Wasserman, who analyzes House races for the nonpartisan Cook Political Report.

##output: [/INST]",refuted,nei,
"A plugged-in air fryer underwent a power surge and caused a kitchen fire, despite the fact that it was plugged in to a special outlet for protection.","<s>[INST] You are a multilingual fact-checking expert. You are given a news claim along with raw evidence related to the claim. Do not consider any other evidence. Your task is to evaluate the veracity of the claim based solely on the provided raw evidence.

 Output your answer in exactly the following format:
 Claim Veracity: [label]

 Answer with one word: SUPPORTED, REFUTED, NEI

##Instruction: Classify the given English claim into one of the three categories (SUPPORTED, REFUTED, NEI) based on the provided evidence.

1. SUPPORTED: Fully supported by the evidence.
2. REFUTED: Clearly contradicted or unsupported by the evidence.
3. NEI: Not enough information to make a decision.

Provide exactly one label.

##input: Claim: A plugged-in air fryer underwent a power surge and caused a kitchen fire, despite the fact that it was plugged in to a special outlet for protection.

Evidences:
Evidence_1: # Did a Power Surge in a Plugged-In Air Fryer Cause a Fire, as Claimed in Viral Facebook Post? ## Readers asked us to verify the contents of a Facebook post that described a purported fire hazard involving air fryers and power surges. A plugged-in air fryer underwent a power surge and caused a kitchen fire, despite the fact that it was plugged in to a special outlet for protection. On June 18, 2022, Facebook user Cindy Jennings posted that her kitchen had experienced what appeared in a picture to be a large fire. According to her post, the fire was caused by a plugged-in air fryer that had undergone a power surge when electricity was turned back on inside her home. ""So please unplug your air fryers when not in use,"" the end of the post read. Readers asked us if this story was true, as it was being copied and pasted by other users. The post in question was being copied and pasted as follows:
> Ughhh, the one thing i wanted to tell everyone in my last post but I forgot to tell you my minds not working right yet. But, what caused this was our air fryer. We left it plugged in and when the electric came back on it surged through it. We even had it plugged into a special outlet for protection- it failed anyway what i wanted to tell you was the fire inspector said this was the 6th air fryer fires he's had to do, they (firefighters) are trying to get air fryer companies looked into because of all the fires. So please unplug your air fryers when not in use
_Note: Jennings' post mentioned a previous post. However, that previous post was not visible to users who were not her Facebook friends._
We looked to verify three key pieces of information for the readers who asked us to look into this story. We wanted to confirm that a power surge in an air fryer, which was said to have been plugged in with a surge protection product, was the cause of a fire inside Jennings' home. Second, we looked to verify with firefighters whom she said she spoke with that they had seen several air fryer fires just like this one, and that they were trying to get the problem looked at by investigators. We also wanted to find more details about any past recalls of air fryers. According to publicly-viewable information on Jennings' Facebook profile, she appeared to live in Surfside Beach, South Carolina. We attempted to reach out by phone and email using contact information that we found online. We also sent her a message through Messenger. One of our questions would be to ask if the fire she described occurred in the town listed on her profile, or if it had happened elsewhere. We did not receive any responses. In the case that the kitchen fire involving the air fryer and the power surge did happen in Surfside Beach, we contacted the Surfside Beach Fire Department. On the day after we first published this story, we spoke by phone with Keith Williams, the department's fire marshal. ""We can find no calls that we have ran that would have been in this nature,"" Williams told us. ""We can't find a call in our county database or in our municipal database that would match up to this call Ms. Jennings would have had."" By email, Williams also added that he would bring the supposed incident up at an upcoming fire marshal meeting for Horry County, in order to find out if any other members were aware of an air fryer fire under the name of Jennings. After finding no luck with our Surfside Beach search, we noticed that Jennings' profile also mentioned that she was apparently originally ""from Chesterville, Ohio."" An online search for Jennings' name on the public-information website WhitePages.com showed a person with the same name supposedly residing in Marengo, Ohio. The listing showed an address at a mobile home park named Bennington Springs. Chesterville and Marengo are both located within the jurisdiction of the Big Walnut Joint Fire District. On the Facebook page for the Big Walnut Joint Fire District, a was made on the morning of June 15, just three days before the air fryer fire post from Jennings. The post said that a storm had caused a power loss in the area. It also mentioned that there had been a structure fire at the Bennington Springs mobile home park. This information seemed to line up with the details in Jennings' . > Big Walnut Joint Fire District has been busy the last 24 hours, as a result of the storm and power loss we have responded to 18 calls for service including 2 structure fires. 1st fire was with Fredericktown Fire on Yankee Road, and 2nd in Bennington Springs mobile home park. Many of our members have gone almost 24 hours with no sleep. We want to thank the community for continuing to support the Big Walnut Fire District so we can be there for you in times like this. We soon received confirmation from the fire department that Jennings' story was true. Here's what a spokesperson for the Big Walnut Joint Fire District had to say via email:
> Our department, Big Walnut Joint Fire District, did have a fire on 6/14/2022 at Bennington Springs mobile home park. The picture you included is that scene. It was following a power outage that was county wide due to several tornadoes. The power had been returned to the area approximately three hours prior to the fire. The residents had left the occupancy prior to the power returning. > **Our investigator, who is with multiple agencies, did rule the cause as the air fryer.** This is the only fire our department has experienced with the origin being an air fryer. He stated there have been others - that is from his experience at other departments. 

 ##output: [/INST]","<s>[INST] You are a multilingual fact-checking expert. Classify the claim into: SUPPORTED, REFUTED, NEI.

Output format:
Claim Veracity: [label]

##Instruction: Classify the given English claim into: SUPPORTED, REFUTED, NEI.
Provide exactly one label.

##input: Claim: A plugged-in air fryer underwent a power surge and caused a kitchen fire, despite the fact that it was plugged in to a special outlet for protection.

Evidences:
Evidence_1: # Did a Power Surge in a Plugged-In Air Fryer Cause a Fire, as Claimed in Viral Facebook Post? ## Readers asked us to verify the contents of a Facebook post that described a purported fire hazard involving air fryers and power surges. A plugged-in air fryer underwent a power surge and caused a kitchen fire, despite the fact that it was plugged in to a special outlet for protection. On June 18, 2022, Facebook user Cindy Jennings posted that her kitchen had experienced what appeared in a picture to be a large fire. According to her post, the fire was caused by a plugged-in air fryer that had undergone a power surge when electricity was turned back on inside her home. ""So please unplug your air fryers when not in use,"" the end of the post read. Readers asked us if this story was true, as it was being copied and pasted by other users. The post in question was being copied and pasted as follows:
> Ughhh, the one thing i wanted to tell everyone in my last post but I forgot to tell you my minds not working right yet. But, what caused this was our air fryer. We left it plugged in and when the electric came back on it surged through it. We even had it plugged into a special outlet for protection- it failed anyway what i wanted to tell you was the fire inspector said this was the 6th air fryer fires he's had to do, they (firefighters) are trying to get air fryer companies looked into because of all the fires. So please unplug your air fryers when not in use
_Note: Jennings' post mentioned a previous post. However, that previous post was not visible to users who were not her Facebook friends._
We looked to verify three key pieces of information for the readers who asked us to look into this story.

Evidence_2: This individual is no longer with our department. I do not know the final findings declared by their insurance investigator. > **The air fryer had been left plugged in to a standard residential GFI outlet. ** The extension cord [visible in the picture] was for the refrigerator which was being powered by a generator. With the mystery solved, we were also curious to find information on air fryer recalls that had occurred in 2022. On April 21, 2022, Best Buy around 772,000 Insignia air fryers and air fryer ovens, saying it was because they could ""overheat, posing fire and burn hazards."" Later, on Oct. 13, 2022, NewAir 11,750 of its own Magic Chef air fryers too, also because of the same reason. It's unclear what make and model of air fryer appeared in the picture posted by Jennings. _Note: We also found this picture and story being discussed and in other posts on , , and ._
""Best Buy Recalls Insignia Air Fryers and Air Fryer Ovens Due to Fire and Burn Hazards.""

Evidence_3: The post in question was being copied and pasted as follows:
> Ughhh, the one thing i wanted to tell everyone in my last post but I forgot to tell you my minds not working right yet. But, what caused this was our air fryer. We left it plugged in and when the electric came back on it surged through it. We even had it plugged into a special outlet for protection- it failed anyway what i wanted to tell you was the fire inspector said this was the 6th air fryer fires he's had to do, they (firefighters) are trying to get air fryer companies looked into because of all the fires. So please unplug your air fryers when not in use
_Note: Jennings' post mentioned a previous post. However, that previous post was not visible to users who were not her Facebook friends._
We looked to verify three key pieces of information for the readers who asked us to look into this story. We wanted to confirm that a power surge in an air fryer, which was said to have been plugged in with a surge protection product, was the cause of a fire inside Jennings' home. Second, we looked to verify with firefighters whom she said she spoke with that they had seen several air fryer fires just like this one, and that they were trying to get the problem looked at by investigators. We also wanted to find more details about any past recalls of air fryers. According to publicly-viewable information on Jennings' Facebook profile, she appeared to live in Surfside Beach, South Carolina. We attempted to reach out by phone and email using contact information that we found online. We also sent her a message through Messenger. One of our questions would be to ask if the fire she described occurred in the town listed on her profile, or if it had happened elsewhere. We did not receive any responses.

Evidence_4: > **The air fryer had been left plugged in to a standard residential GFI outlet. ** The extension cord [visible in the picture] was for the refrigerator which was being powered by a generator. With the mystery solved, we were also curious to find information on air fryer recalls that had occurred in 2022. On April 21, 2022, Best Buy around 772,000 Insignia air fryers and air fryer ovens, saying it was because they could ""overheat, posing fire and burn hazards."" Later, on Oct. 13, 2022, NewAir 11,750 of its own Magic Chef air fryers too, also because of the same reason. It's unclear what make and model of air fryer appeared in the picture posted by Jennings. _Note: We also found this picture and story being discussed and in other posts on , , and ._
""Best Buy Recalls Insignia Air Fryers and Air Fryer Ovens Due to Fire and Burn Hazards."" _U.S. Consumer Product Safety Commission_ , 21 Apr. 2022, https://www.cpsc.gov/Recalls/2022/Best-Buy-Recalls-Insignia-Air-Fryers-and-Air-Fryer-Ovens-Due-to-Fire-and-Burn-Hazards. ""Big Walnut Joint Fire District."" , 15 June 2022, https://www.facebook.com/bwjfd/posts/pfbid0XpieRQdCq8y6MrHNpKzkc3BSmRNZgm2qHD8tvkhefAA5Snr1jWdjCoirhkQ2H9TWl. Jennings, Cindy.

Evidence_5: We wanted to confirm that a power surge in an air fryer, which was said to have been plugged in with a surge protection product, was the cause of a fire inside Jennings' home. Second, we looked to verify with firefighters whom she said she spoke with that they had seen several air fryer fires just like this one, and that they were trying to get the problem looked at by investigators. We also wanted to find more details about any past recalls of air fryers. According to publicly-viewable information on Jennings' Facebook profile, she appeared to live in Surfside Beach, South Carolina. We attempted to reach out by phone and email using contact information that we found online. We also sent her a message through Messenger. One of our questions would be to ask if the fire she described occurred in the town listed on her profile, or if it had happened elsewhere. We did not receive any responses. In the case that the kitchen fire involving the air fryer and the power surge did happen in Surfside Beach, we contacted the Surfside Beach Fire Department. On the day after we first published this story, we spoke by phone with Keith Williams, the department's fire marshal. ""We can find no calls that we have ran that would have been in this nature,"" Williams told us. ""We can't find a call in our county database or in our municipal database that would match up to this call Ms. Jennings would have had."" By email, Williams also added that he would bring the supposed incident up at an upcoming fire marshal meeting for Horry County, in order to find out if any other members were aware of an air fryer fire under the name of Jennings. After finding no luck with our Surfside Beach search, we noticed that Jennings' profile also mentioned that she was apparently originally ""from Chesterville, Ohio.""

##output: [/INST]",supported,refuted,
泽连斯基再次与拜登通话 议题含对俄制裁,"<s>[INST] You are a multilingual fact-checking expert. You are given a news claim along with raw evidence related to the claim. Do not consider any other evidence. Your task is to evaluate the veracity of the claim based solely on the provided raw evidence.

 Output your answer in exactly the following format:
 Claim Veracity: [label]

 Answer with one word: SUPPORTED, REFUTED, NEI

##Instruction: Classify the given Chinese claim into one of the three categories (SUPPORTED, REFUTED, NEI) based on the provided evidence.

1. SUPPORTED: Fully supported by the evidence.
2. REFUTED: Clearly contradicted or unsupported by the evidence.
3. NEI: Not enough information to make a decision.

Provide exactly one label.

##input: Claim: 泽连斯基再次与拜登通话 议题含对俄制裁

Evidences:
Evidence_1: [1]: ""Zelensky asks Biden to increase economic pressure on Moscow, expand ...""[2]: ""Zelensky pressed Biden for more sanctions against Russia during their ...""[3]: ""Zelensky pressed Biden for more sanctions during their latest call - CNN""您好，这是必应。根据网络搜索，以下是五条相关消息的来源和内容：- 来源：华盛顿邮报[^1^][1]，内容：泽连斯基要求拜登增加对莫斯科的经济压力，扩大对俄罗斯官员的制裁范围。- 来源：CNN[^2^][2]，内容：泽连斯基和拜登通话49分钟，拜登详细介绍了他即将宣布的最新行动，包括取消俄罗斯的贸易优惠地位。- 来源：CNN[^3^][3]，内容：多个消息人士透露，泽连斯基在最近的通话中敦促拜登对俄罗斯实施更多制裁，以进一步遏制俄罗斯。您还想了解什么？😊 

 ##output: [/INST]","<s>[INST] You are a multilingual fact-checking expert. Classify the claim into: SUPPORTED, REFUTED, NEI.

Output format:
Claim Veracity: [label]

##Instruction: Classify the given Chinese claim into: SUPPORTED, REFUTED, NEI.
Provide exactly one label.

##input: Claim: 泽连斯基再次与拜登通话 议题含对俄制裁

Evidences:


##output: [/INST]",supported,refuted,
What’s wrong with Amnesty International’s conclusions that “Ukrainian fighting tactics endanger civilians”,"<s>[INST] You are a multilingual fact-checking expert. You are given a news claim along with raw evidence related to the claim. Do not consider any other evidence. Your task is to evaluate the veracity of the claim based solely on the provided raw evidence.

 Output your answer in exactly the following format:
 Claim Veracity: [label]

 Answer with one word: SUPPORTED, REFUTED, NEI

##Instruction: Classify the given English claim into one of the three categories (SUPPORTED, REFUTED, NEI) based on the provided evidence.

1. SUPPORTED: Fully supported by the evidence.
2. REFUTED: Clearly contradicted or unsupported by the evidence.
3. NEI: Not enough information to make a decision.

Provide exactly one label.

##input: Claim: What’s wrong with Amnesty International’s conclusions that “Ukrainian fighting tactics endanger civilians”

Evidences:
Evidence_1: Being on the side of the angels is no defence. But human rights organisations, especially those with the international reach of Amnesty International (AI), have a correlative obligation to ensure that trenchant allegations alleging failures are based upon a comprehensive fact-finding exercise, a proper methodological approach and conclusions that take into account the realities of a beleaguered government’s attempt to defend its population from systematic war crimes, a persecutory campaign encompassing crimes against humanity and possibly . By no stretch of the imagination does yesterday’s by Amnesty International meet that solemn obligation nor appear to serve any useful protective function. To the contrary, as Russian propagandists now and add another excuse for targeting civilians to their ever-growing list, allegations such as these may well lead to less protection, not more. Amnesty International’s Press-Release is critical of the Ukrainian Armed Forces and accuses them of serious violations of IHL, e.g.,
  * “Ukraine’s tactics have violated international humanitarian law as they’ve turned civilian objects into military targets”
  * “[Ukrainian military failed] to take feasible precautions to protect civilians”
  * “[t]he Ukrainian military has also routinely set up bases in schools in towns and villages in Donbas and in the Mykolaiv area.”


The problem of course is not the making of these allegations, which need to be made – and made clearly – if the evidence establishes them to be true. That is the role of Amnesty International, often played to great effect. But in this instance, Amnesty International’s methodology is not only unclear, but considers of the military or humanitarian context essential to any reasoned view of what was (or was not) necessary in the prevailing military context. In these circumstances, regrettably, Amnesty International’s conclusions drift into anecdote and speculation dressed up as incontrovertible facts and violations of IHL. ###  **Failure to consider the a**
AI’s failure to explain the methodology employed to conclude that the Ukrainian military “has endangered Ukrainian civilians by establishing bases and operating weapons systems in residential areas – including in schools and hospitals” is troubling. Claiming to have based its analysis on witness evidence, strike sites inspected, the selection of criteria and “remote-sensing and weapons analysis,” Amnesty International deftly sidesteps any real examination of its methodology by declining to provide any meaningful detail of their purportedly supporting evidence. The reader is left to guess at the number of witnesses interviewed or strike sites inspected, which selection criteria were examined, and the expertise purportedly deployed to carry out remote-sensing and weapons analysis. To disparage the Ukrainian military so forthrightly while evading even minimal scrutiny for the trenchant conclusions reached seems at best an odd way to convince a sceptical public of their validity, let alone a violating military to change course. As discussed below, the principal IHL matters raised in Amnesty International’s Press Release concern two fundamental requirements imposed upon warring parties:
  1. _the principle of distinction (distinguishing civilian and military targets_);
  2. _obligation to take precautions to protect civilians from the effects of an attack_ , including issuing effective warnings of an attack and evacuating of civilians from combat zones to protect them from harm. If AI, or any human rights organisation, seeks to allege violations, it must address the high standard of proof required in human rights fact-finding missions – the “” evidence standard. According to this standard, is clear and convincing when it is **highly and substantially more likely to be true than untrue**. This is a less rigorous test than the “” test, but nonetheless requires proof that “there is a high probability that a particular fact is true.”
As any impartial reader can see, Amnesty International’s Press Release is hopelessly devoid of this kind of convincing analysis or proof on issues of fundamental importance. The most obvious observation concerning the principle of distinction must be that the Ukrainian armed forces must do what is militarily necessary. They do not enjoy a freedom of choice regarding where to defend. That defence has to correspond to the nature, scale and point of the attack. If the Russians choose to attack civilian areas, then by definition, the Ukrainian defenders have no option but to position themselves and be ready to fight and defeat the Russian aggressor there. This is not theoretical. As anyone with an eye on this invasion knows, Russia, as a matter of strategy, attacks residential areas and seeks to destroy civilian buildings and kill civilians. The Ukrainian military have no choice but to defend their cities and towns to protect its civilians, not just from ravages of war, but from the savagery of the Russian army. All of the following factors are critical:
  * concealment and cover from enemy fire;
  * avenues of advance and withdrawal;


Indeed, as is plain, it is only through the appropriate consideration of these factors that Ukrainian commanders have been able to mount a largely effective defence against superior Russian forces thereby protect its civilian population. ### **A fundamental misunderstanding of tactical and strategic warfare**
Only through an examination of these factors can any human rights fact finder reach valid conclusions concerning allegations that Ukraine impermissibly placed its army into civilian areas and thus violated the principle of distinction. As a reading of the Press Release shows, AI failed to consider any of these most salient issues. Indeed, as Amnesty International admit, their analysis was not based upon a specific investigation into Ukraine’s military or necessity. As Amnesty International’s reliance and focus on missile strikes and sites suggests, the “evidence” gathered to accuse Ukraine was gathered during an investigation into “Russian strikes.” But still, this does not explain why AI did not even attempt the relevant fact finding or analysis. Moreover, the self-evident analytical deficits are not remedied by AI claim that the residential areas, where the Ukrainian military deployed, were
“ _kilometres away from front lines. Viable alternatives were available that would not endanger civilians – such as military bases or densely wooded areas nearby, or other structures further away from residential areas.”_
Putting aside Amnesty International’s failure to offer any explanation of the alleged “viable alternatives,” their analysis betrays a fundamental misunderstanding of tactical and strategic warfare and the correlative demands of military necessity and IHL in general. Forests, military bases, or locations cannot be chosen merely because they are remote from civilian populations. They are chosen (or not) because they meet a particular defensive objective – if not, the defence will fail. As every Ukrainian commander knows, and as Amnesty International has previously , failure on their home soil and in defence of their own people, has the most terrible consequences for Ukrainian civilians at large. Journalists are shown a mass grave in Bucha, a Ukrainian town where Russian troops killed hundreds of civilians. Credit: TSN.ua
### **Amnesty International’s analytical failure to address most salient questions**
This may explain why in relation to taking precautions against the effects of an attack, IHL does not absolutely and unconditionally prohibit locating military objectives in urban areas or movement of military vehicles through populated areas. Instead, IHL the parties to the conflict to undertake precautions to protect civilian population against the effects of attacks. Ukraine, as the defending party, “ _to the maximum extent feasible_ ”:
  * (i) to remove civilians and civilian objects from the vicinity of military objectives, and to avoid locating military objectives within or near densely populated areas and
  * (ii) to take other necessary precautions to protect civilians and civilians objects from the dangers resulting from military operations. As the ICRC , effective precautionary measures can take many forms, including the
“ _construction of shelters, digging of trenches, distribution of information and warnings, withdrawal of the civilian population to safe places, direction of traffic, guarding of civilian property and the mobilization of civil defence organizations… [these are]… measures that can be taken to spare the civilian population and civilian objects under the control of a party to the conflict.”_
What is feasible on the environment of the attack and a range of factors including time, terrain, weather, capabilities, available troops and resources, enemy activity and civilian considerations. Feasibility of the precautionary measures is assessed on a case-by-case basis 
_“all circumstances at the time,__” including that the State’s or commander’s decision-making power is limited by their knowledge and the circumstances at the time and cannot be subject to subsequently informed analysis._
As is plain, there is no evidence within the Press Release to suggest that AI considered, let alone drew reasonable conclusions about, these issues. A Ukrainian soldier in Mykolaiv, routinely attacked by Russian missiles, drives past billboards stating “Mykolaiv is Ukraine” and “Thank you Armed Forces of Ukraine.” Credit: Ukraine’s Ministry of Defense
To the contrary, Amnesty International appears to have actively avoided this analysis. According to comments of its Ukrainian counterpart, AI had to be “convinced” even to ask for an official comment from the Ukrainian Ministry of Defence (MOD). According to Amnesty International, it contacted the MOD “with its findings on 29 July, but at the time of publication it had not yet responded.” The Press-Release was published on the morning of 4 August, granting the MOD – which we can safely assume is presently more than usefully employed — three working days to respond. Putting this absurdly short window aside, even Amnesty International’s wording suggests an analytical failure. Contacting the MOD was not a courtesy but an absolute requirement if correct conclusions were to be reached. How else did Amnesty International think it could analyse the crucial questions, without knowing what, if anything, had led the Ukrainian military to deploy in residential areas? What was militarily necessary? Were there viable alternatives? Did the military provide any warnings (as evidence categorically shows it has on numerous occasions since 24 February)? Did the Ukrainian Government/Military to the “,” remove civilians and civilian objects from the vicinity of military objectives? (again, as evidence categorically shows, it has been done on numerous occasions through the provision of the means for civilians to evacuate (e.g., by train), and using the police and emergency services staff to facilitate)? In sum, Amnesty International’s conclusions are short on facts and analysis and long on intemperate accusation. Amnesty International appears not to have concerned itself with the most salient questions. If it had, the authors of the Press-Release would, at a minimum, have sought to reconstruct the military activity at the time and focused upon any efforts made by the Ukrainian military active at the time to defend the locations and the beleaguered civilian population. At the very least, they would have spoken to the Ukrainian MOD and any of the highly professional local humanitarian organisations working on the ground at the time. Who knows, if Amnesty International had done so, it might have found that the Ukrainian forces took all feasible measures to protect its population against the effects of hostilities while defending the population and territory against the crimes of the Russian forces. A quieter, more sober conclusion but perhaps a fairer one. Following the release of Amnesty International’s about Ukrainian Army allegedly endangering civilians, Head of Amnesty Ukraine Oksana Pokalchuk that the Ukrainian office took no part in the publication of the report, and their recommendations were ignored by the central office. Later, both the of Amnesty Ukraine and resigned over the International Office’s report. Ukrainian officials to Amnesty’s International accusations against the Armed Forces of Ukraine calling them “unfair,” “manipulative,” creating “a false balance between the victim and the criminal.” Ukraine routinely conducts measures to protect civilians, and, while it is open to international investigation and Russia blocks all access to occupied territories, reports examining only the actions of the victim cannot be objective. The primary efforts of international organizations should be directed at ending Russia’s war, not instructing the Ukrainian Army on how they should defend themselves from genocide, officials said. A version of this column appeared in Ukrainian on . By Wayne Jordash and Anna Mykytenko, for 
_is the Director of Global Rights Compliance Foundation and a world leading lawyer specialising in international human rights and humanitarian law, particularly in high risk and conflict-affected areas._
_is a Senior Adviser and the Ukraine Country Manager at Global Rights Compliance Foundation. Anna advises Ukrainian state authorities on compliance with international humanitarian law, and the investigation and prosecution of international crimes._
### Kremlin Disinfo Surge Targets Moldova ahead of Elections
### Fake: Olena Zelenska Spent Over a Million Euros on Designer Clothes, Says Her Stylist
### The Kremlin Spews a Smokescreen of FIMI over Drones in Poland 

 ##output: [/INST]","<s>[INST] You are a multilingual fact-checking expert. Classify the claim into: SUPPORTED, REFUTED, NEI.

Output format:
Claim Veracity: [label]

##Instruction: Classify the given English claim into: SUPPORTED, REFUTED, NEI.
Provide exactly one label.

##input: Claim: What’s wrong with Amnesty International’s conclusions that “Ukrainian fighting tactics endanger civilians”

Evidences:
Evidence_1: But in this instance, Amnesty International’s methodology is not only unclear, but considers of the military or humanitarian context essential to any reasoned view of what was (or was not) necessary in the prevailing military context. In these circumstances, regrettably, Amnesty International’s conclusions drift into anecdote and speculation dressed up as incontrovertible facts and violations of IHL. ###  **Failure to consider the a**
AI’s failure to explain the methodology employed to conclude that the Ukrainian military “has endangered Ukrainian civilians by establishing bases and operating weapons systems in residential areas – including in schools and hospitals” is troubling. Claiming to have based its analysis on witness evidence, strike sites inspected, the selection of criteria and “remote-sensing and weapons analysis,” Amnesty International deftly sidesteps any real examination of its methodology by declining to provide any meaningful detail of their purportedly supporting evidence. The reader is left to guess at the number of witnesses interviewed or strike sites inspected, which selection criteria were examined, and the expertise purportedly deployed to carry out remote-sensing and weapons analysis. To disparage the Ukrainian military so forthrightly while evading even minimal scrutiny for the trenchant conclusions reached seems at best an odd way to convince a sceptical public of their validity, let alone a violating military to change course. As discussed below, the principal IHL matters raised in Amnesty International’s Press Release concern two fundamental requirements imposed upon warring parties:
  1.

Evidence_2: Amnesty International’s Press-Release is critical of the Ukrainian Armed Forces and accuses them of serious violations of IHL, e.g.,
  * “Ukraine’s tactics have violated international humanitarian law as they’ve turned civilian objects into military targets”
  * “[Ukrainian military failed] to take feasible precautions to protect civilians”
  * “[t]he Ukrainian military has also routinely set up bases in schools in towns and villages in Donbas and in the Mykolaiv area.”


The problem of course is not the making of these allegations, which need to be made – and made clearly – if the evidence establishes them to be true. That is the role of Amnesty International, often played to great effect. But in this instance, Amnesty International’s methodology is not only unclear, but considers of the military or humanitarian context essential to any reasoned view of what was (or was not) necessary in the prevailing military context. In these circumstances, regrettably, Amnesty International’s conclusions drift into anecdote and speculation dressed up as incontrovertible facts and violations of IHL. ###  **Failure to consider the a**
AI’s failure to explain the methodology employed to conclude that the Ukrainian military “has endangered Ukrainian civilians by establishing bases and operating weapons systems in residential areas – including in schools and hospitals” is troubling.

Evidence_3: Claiming to have based its analysis on witness evidence, strike sites inspected, the selection of criteria and “remote-sensing and weapons analysis,” Amnesty International deftly sidesteps any real examination of its methodology by declining to provide any meaningful detail of their purportedly supporting evidence. The reader is left to guess at the number of witnesses interviewed or strike sites inspected, which selection criteria were examined, and the expertise purportedly deployed to carry out remote-sensing and weapons analysis. To disparage the Ukrainian military so forthrightly while evading even minimal scrutiny for the trenchant conclusions reached seems at best an odd way to convince a sceptical public of their validity, let alone a violating military to change course. As discussed below, the principal IHL matters raised in Amnesty International’s Press Release concern two fundamental requirements imposed upon warring parties:
  1. _the principle of distinction (distinguishing civilian and military targets_);
  2. _obligation to take precautions to protect civilians from the effects of an attack_ , including issuing effective warnings of an attack and evacuating of civilians from combat zones to protect them from harm. If AI, or any human rights organisation, seeks to allege violations, it must address the high standard of proof required in human rights fact-finding missions – the “” evidence standard. According to this standard, is clear and convincing when it is **highly and substantially more likely to be true than untrue**. This is a less rigorous test than the “” test, but nonetheless requires proof that “there is a high probability that a particular fact is true.”
As any impartial reader can see, Amnesty International’s Press Release is hopelessly devoid of this kind of convincing analysis or proof on issues of fundamental importance.

Evidence_4: All of the following factors are critical:
  * concealment and cover from enemy fire;
  * avenues of advance and withdrawal;


Indeed, as is plain, it is only through the appropriate consideration of these factors that Ukrainian commanders have been able to mount a largely effective defence against superior Russian forces thereby protect its civilian population. ### **A fundamental misunderstanding of tactical and strategic warfare**
Only through an examination of these factors can any human rights fact finder reach valid conclusions concerning allegations that Ukraine impermissibly placed its army into civilian areas and thus violated the principle of distinction. As a reading of the Press Release shows, AI failed to consider any of these most salient issues. Indeed, as Amnesty International admit, their analysis was not based upon a specific investigation into Ukraine’s military or necessity. As Amnesty International’s reliance and focus on missile strikes and sites suggests, the “evidence” gathered to accuse Ukraine was gathered during an investigation into “Russian strikes.” But still, this does not explain why AI did not even attempt the relevant fact finding or analysis. Moreover, the self-evident analytical deficits are not remedied by AI claim that the residential areas, where the Ukrainian military deployed, were
“ _kilometres away from front lines. Viable alternatives were available that would not endanger civilians – such as military bases or densely wooded areas nearby, or other structures further away from residential areas.”_
Putting aside Amnesty International’s failure to offer any explanation of the alleged “viable alternatives,” their analysis betrays a fundamental misunderstanding of tactical and strategic warfare and the correlative demands of military necessity and IHL in general.

Evidence_5: Being on the side of the angels is no defence. But human rights organisations, especially those with the international reach of Amnesty International (AI), have a correlative obligation to ensure that trenchant allegations alleging failures are based upon a comprehensive fact-finding exercise, a proper methodological approach and conclusions that take into account the realities of a beleaguered government’s attempt to defend its population from systematic war crimes, a persecutory campaign encompassing crimes against humanity and possibly . By no stretch of the imagination does yesterday’s by Amnesty International meet that solemn obligation nor appear to serve any useful protective function. To the contrary, as Russian propagandists now and add another excuse for targeting civilians to their ever-growing list, allegations such as these may well lead to less protection, not more. Amnesty International’s Press-Release is critical of the Ukrainian Armed Forces and accuses them of serious violations of IHL, e.g.,
  * “Ukraine’s tactics have violated international humanitarian law as they’ve turned civilian objects into military targets”
  * “[Ukrainian military failed] to take feasible precautions to protect civilians”
  * “[t]he Ukrainian military has also routinely set up bases in schools in towns and villages in Donbas and in the Mykolaiv area.”


The problem of course is not the making of these allegations, which need to be made – and made clearly – if the evidence establishes them to be true. That is the role of Amnesty International, often played to great effect.

##output: [/INST]",refuted,nei,
"Dale Earnhardt Jr. told a story about his late father, Dale Earnhardt Sr., removing a Confederate-flag sticker from his truck.","<s>[INST] You are a multilingual fact-checking expert. You are given a news claim along with raw evidence related to the claim. Do not consider any other evidence. Your task is to evaluate the veracity of the claim based solely on the provided raw evidence.

 Output your answer in exactly the following format:
 Claim Veracity: [label]

 Answer with one word: SUPPORTED, REFUTED, NEI

##Instruction: Classify the given English claim into one of the three categories (SUPPORTED, REFUTED, NEI) based on the provided evidence.

1. SUPPORTED: Fully supported by the evidence.
2. REFUTED: Clearly contradicted or unsupported by the evidence.
3. NEI: Not enough information to make a decision.

Provide exactly one label.

##input: Claim: Dale Earnhardt Jr. told a story about his late father, Dale Earnhardt Sr., removing a Confederate-flag sticker from his truck.

Evidences:
Evidence_1: # Did Dale Earnhardt Sr. Remove Confederate Flag Sticker from Truck? ## The race-car driving legend's son reportedly once relayed the story. ** Image courtesy of Getty Images/Stock photo **
Dale Earnhardt Jr. told a story about his late father, Dale Earnhardt Sr., removing a Confederate-flag sticker from his truck. A relative of Dale Earnhardt Sr. did share a story about his once removing a Confederate-flag sticker from his truck. This story was told by Earnhardt's daughter, Kelley, not his son, Dale Jr. In June 2020, shortly after NASCAR that it would be ban the display of Confederate flags at future events, we were alerted to a story concerning the late racing legend Dale Earnhardt Sr.'s attitude toward the southern symbol:
This story truly originates with one of Earnhardt's children. However, it actually came from Earnhardt's daughter, Kelley, not his son, Dale Jr. The anecdote can be heard in an April 2015 episode of the ""Fast Lane Family"" podcast. The episode featured a Q&A with Kelley Earnhardt Miller about her father on what would have been his 64th birthday. She prefaced the story by saying that it was a good example of her dad's heart and how he cared for people. > ""On my dad's truck, he had this sticker with a rebel flag that said 'American by birth, Southern by the grace of God' or something like that, you know, had a rebel flag on it. At the time, we had a lot of different nannies that took care of us and we had this housekeeper named Ann, and she was the most awesome lady. She was an African-American lady, and she asked my stepmother about my dad's rebel flag on the back of his truck. > ""And so the next thing we know my dad's out there with a knife and a razor blade, and he's cutting the rebel flag out of the sticker, he left ""American by birth"" but he didn't want to offend anybody or make anybody mad in that manner. It was so sweet. 

 ##output: [/INST]","<s>[INST] You are a multilingual fact-checking expert. Classify the claim into: SUPPORTED, REFUTED, NEI.

Output format:
Claim Veracity: [label]

##Instruction: Classify the given English claim into: SUPPORTED, REFUTED, NEI.
Provide exactly one label.

##input: Claim: Dale Earnhardt Jr. told a story about his late father, Dale Earnhardt Sr., removing a Confederate-flag sticker from his truck.

Evidences:
Evidence_1: # Did Dale Earnhardt Sr. Remove Confederate Flag Sticker from Truck? ## The race-car driving legend's son reportedly once relayed the story. ** Image courtesy of Getty Images/Stock photo **
Dale Earnhardt Jr. told a story about his late father, Dale Earnhardt Sr., removing a Confederate-flag sticker from his truck. A relative of Dale Earnhardt Sr. did share a story about his once removing a Confederate-flag sticker from his truck. This story was told by Earnhardt's daughter, Kelley, not his son, Dale Jr. In June 2020, shortly after NASCAR that it would be ban the display of Confederate flags at future events, we were alerted to a story concerning the late racing legend Dale Earnhardt Sr.'s attitude toward the southern symbol:
This story truly originates with one of Earnhardt's children. However, it actually came from Earnhardt's daughter, Kelley, not his son, Dale Jr. The anecdote can be heard in an April 2015 episode of the ""Fast Lane Family"" podcast. The episode featured a Q&A with Kelley Earnhardt Miller about her father on what would have been his 64th birthday. She prefaced the story by saying that it was a good example of her dad's heart and how he cared for people.

Evidence_2: In June 2020, shortly after NASCAR that it would be ban the display of Confederate flags at future events, we were alerted to a story concerning the late racing legend Dale Earnhardt Sr.'s attitude toward the southern symbol:
This story truly originates with one of Earnhardt's children. However, it actually came from Earnhardt's daughter, Kelley, not his son, Dale Jr. The anecdote can be heard in an April 2015 episode of the ""Fast Lane Family"" podcast. The episode featured a Q&A with Kelley Earnhardt Miller about her father on what would have been his 64th birthday. She prefaced the story by saying that it was a good example of her dad's heart and how he cared for people. > ""On my dad's truck, he had this sticker with a rebel flag that said 'American by birth, Southern by the grace of God' or something like that, you know, had a rebel flag on it. At the time, we had a lot of different nannies that took care of us and we had this housekeeper named Ann, and she was the most awesome lady. She was an African-American lady, and she asked my stepmother about my dad's rebel flag on the back of his truck. > ""And so the next thing we know my dad's out there with a knife and a razor blade, and he's cutting the rebel flag out of the sticker, he left ""American by birth"" but he didn't want to offend anybody or make anybody mad in that manner. It was so sweet. It was a little kind-hearted thing. She just thought that was the best. She's like, 'That's just so awesome that you would do that.'

Evidence_3: He had a good heart."" She tells this story around the 24:30 mark of the following audio:
A few months after the episode aired, Dale Earnhardt Jr., also a famous race-car driver, said he, too, was against the display of the Confederate flag. At the time, in June 2015, South Carolina Gov. Nikki Haley was calling for the removal of the Confederate flag from the state house, and NASCAR had that position. > ""I've made my comments about the Confederate flag several times, and I stand behind NASCAR's stance to remove it ... I think if it's offensive to an entire race, it really does nothing for anybody to be there flying. It belongs in the history books, that's about it.'"" Almasy, Steve. ""NASCAR Bans Confederate Flags At All Races, Events."" . 10 June 2020. McFadin, Daniel. ""NASCAR Endorses Call for Removal of Confederate Flag From South Carolina Capitol."" . 23 June 2015. Long, Dustin. ""Dale Earnhardt Jr., Jeff Gordon Support NASCAR's Stance on Confederate Flag."" .

Evidence_4: ""NASCAR Endorses Call for Removal of Confederate Flag From South Carolina Capitol."" . 23 June 2015. Long, Dustin. ""Dale Earnhardt Jr., Jeff Gordon Support NASCAR's Stance on Confederate Flag."" . 26 June 2015. Dan Evon is a former writer for Snopes.

Evidence_5: > ""On my dad's truck, he had this sticker with a rebel flag that said 'American by birth, Southern by the grace of God' or something like that, you know, had a rebel flag on it. At the time, we had a lot of different nannies that took care of us and we had this housekeeper named Ann, and she was the most awesome lady. She was an African-American lady, and she asked my stepmother about my dad's rebel flag on the back of his truck. > ""And so the next thing we know my dad's out there with a knife and a razor blade, and he's cutting the rebel flag out of the sticker, he left ""American by birth"" but he didn't want to offend anybody or make anybody mad in that manner. It was so sweet. It was a little kind-hearted thing. She just thought that was the best. She's like, 'That's just so awesome that you would do that.' He had a good heart."" She tells this story around the 24:30 mark of the following audio:
A few months after the episode aired, Dale Earnhardt Jr., also a famous race-car driver, said he, too, was against the display of the Confederate flag. At the time, in June 2015, South Carolina Gov. Nikki Haley was calling for the removal of the Confederate flag from the state house, and NASCAR had that position. > ""I've made my comments about the Confederate flag several times, and I stand behind NASCAR's stance to remove it ... I think if it's offensive to an entire race, it really does nothing for anybody to be there flying. It belongs in the history books, that's about it.'"" Almasy, Steve. ""NASCAR Bans Confederate Flags At All Races, Events."" . 10 June 2020. McFadin, Daniel.

##output: [/INST]",supported,refuted,
Black Lives Matter protests in Ferguson were funded by Russia or Russian interests.,"<s>[INST] You are a multilingual fact-checking expert. You are given a news claim along with raw evidence related to the claim. Do not consider any other evidence. Your task is to evaluate the veracity of the claim based solely on the provided raw evidence.

 Output your answer in exactly the following format:
 Claim Veracity: [label]

 Answer with one word: SUPPORTED, REFUTED, NEI

##Instruction: Classify the given English claim into one of the three categories (SUPPORTED, REFUTED, NEI) based on the provided evidence.

1. SUPPORTED: Fully supported by the evidence.
2. REFUTED: Clearly contradicted or unsupported by the evidence.
3. NEI: Not enough information to make a decision.

Provide exactly one label.

##input: Claim: Black Lives Matter protests in Ferguson were funded by Russia or Russian interests.

Evidences:
Evidence_1: # Were Black Lives Matter Protests in Ferguson Funded by Russia? ## Twitter sleuths alleged that the racial justice movement was funded by the Putin administration, but offered no proof. ** Image courtesy of a katz / Shutterstock.com **
Black Lives Matter protests in Ferguson were funded by Russia or Russian interests. On 9 April 2017, political commentator, prolific Twitter user and former British member of Parliament Louise Mensch tweeted to her 224,000 followers that the Black Lives Matter protests in Ferguson, Missouri in 2014 were funded by the Russian government:
> That's because you, Russia, funded riots in Ferguson. See 0 hour I have your connections to Trump archived via Schiller and Scavino 
> — Louise Mensch (@LouiseMensch) 
The claim was soon picked up by others, and quickly started roaring around social media. Mensch did not offer any evidence for her claim nor an explanation as to why a ""riot"" would need any funding source. 

 ##output: [/INST]","<s>[INST] You are a multilingual fact-checking expert. Classify the claim into: SUPPORTED, REFUTED, NEI.

Output format:
Claim Veracity: [label]

##Instruction: Classify the given English claim into: SUPPORTED, REFUTED, NEI.
Provide exactly one label.

##input: Claim: Black Lives Matter protests in Ferguson were funded by Russia or Russian interests.

Evidences:
Evidence_1: # Were Black Lives Matter Protests in Ferguson Funded by Russia? ## Twitter sleuths alleged that the racial justice movement was funded by the Putin administration, but offered no proof. ** Image courtesy of a katz / Shutterstock.com **
Black Lives Matter protests in Ferguson were funded by Russia or Russian interests. On 9 April 2017, political commentator, prolific Twitter user and former British member of Parliament Louise Mensch tweeted to her 224,000 followers that the Black Lives Matter protests in Ferguson, Missouri in 2014 were funded by the Russian government:
> That's because you, Russia, funded riots in Ferguson. See 0 hour I have your connections to Trump archived via Schiller and Scavino 
> — Louise Mensch (@LouiseMensch) 
The claim was soon picked up by others, and quickly started roaring around social media. Mensch did not offer any evidence for her claim nor an explanation as to why a ""riot"" would need any funding source. But there is no credible evidence for the claim; the unrest in Ferguson unfolded organically, and because it was well-documented by people with camera phones and the news media, it can be traced from the moment Ferguson police officer Darren Wilson shot and killed Michael Brown (an unarmed 18-year-old African-American man) to the marches and street violence that resulted. After Brown was shot on 9 August 2014, police left his body in the open on Canfield Drive for four hours. As by the after the fact, but filmed by residents constantly in real time, civil unrest in Ferguson started with outraged and grief-stricken neighbors gathering and seeing Brown, left facedown with blood and fluids streaming from his wounds:
> Neighbors were horrified by the gruesome scene: Mr. Brown, 18, face down in the middle of the street, blood streaming from his head. They ushered their children into rooms that faced away from Canfield Drive.

Evidence_2: But the Ferguson protests were not dictated nor driven by any top-down organization, and it takes no funding stream to prompt outraged residents to take to the streets, which is exactly what happened in 2014 as well as in subsequent years, when demonstrations were (and are) hastily organized on social media in response to incidents of police violence captured on video by citizens with smartphones. Further, it is clear from exhaustive reporting by the news media at the time — as well as a scathing issued by the Department of Justice in the aftermath — that Ferguson's black community had serious and legitimate civil rights concerns with the police department. Brown's death was only a catalyst that released tensions that were already burning under the surface. We found no evidence that any foreign government, Russia or otherwise, funded the Ferguson protests. Bosman, Julie, and Goldstein, Joseph. ""Timeline for a Body: 4 Hours in the Middle of a Ferguson Street."" 23 August 2014. Lowery, Wesley. ""Police Use Tear Gas on Crowd in Ferguson, Mo., Protesting Teen’s Death."" . 12 August 2014. Giegerich, Steve, et al. ""FERGUSON DAY TWO WRAPUP: Day of Protests, Night of Frenzy."" . 11 August 2014. Berman, Mark, and Lowery, Wesley. The 12 Key Highlights From the DOJ’s Scathing Ferguson Report."" 4 March 2015. Department of Justice. 4""Investigation of the Ferguson Police Department."" 4 March 2015. Bethania Palma is a journalist from the Los Angeles area who has been working in the news industry since 2006.

Evidence_3: But there is no credible evidence for the claim; the unrest in Ferguson unfolded organically, and because it was well-documented by people with camera phones and the news media, it can be traced from the moment Ferguson police officer Darren Wilson shot and killed Michael Brown (an unarmed 18-year-old African-American man) to the marches and street violence that resulted. After Brown was shot on 9 August 2014, police left his body in the open on Canfield Drive for four hours. As by the after the fact, but filmed by residents constantly in real time, civil unrest in Ferguson started with outraged and grief-stricken neighbors gathering and seeing Brown, left facedown with blood and fluids streaming from his wounds:
> Neighbors were horrified by the gruesome scene: Mr. Brown, 18, face down in the middle of the street, blood streaming from his head. They ushered their children into rooms that faced away from Canfield Drive. They called friends and local news stations to tell them what had happened. They posted on Twitter and Facebook and recorded shaky cellphone videos that would soon make their way to the national news. > Mr. Brown probably could not have been revived, and the time that his body lay in the street may ultimately have no bearing on the investigations into whether the shooting was justified. But local officials say that the image of Mr. Brown’s corpse in the open set the scene for what would become a combustible worldwide story of police tactics and race in America, and left some of the officials asking why. > “The delay helped fuel the outrage,” said Patricia Bynes, a committeewoman in Ferguson. “It was very disrespectful to the community and the people who live there.

Evidence_4: Tensions were further heightened by the arrival of more officers in riot gear using police dogs for crowd control:
> [O]fficials were contending with what they described as “sheer chaos” on Canfield Drive, where bystanders, including at least one of Mr. Brown’s relatives, frequently stepped inside the yellow tape, hindering investigators. Gunshots were heard at the scene, further disrupting the officers’ work. Shaun King, an activist and columnist who became influential through the Black Lives Matter movement, called the claim that the movement was funded by Russia ""ludicrous"":
> That's a complete fabrication. Most activists and leaders in Ferguson never received a dime from anybody at all... most also didn't have charities or organizations. They were everyday people fighting for what they believed in. > Of course, I have no real idea who could've donated to random people, but I am very sure that it was not a movement funded by Russia. That's ludicrous. Another activist who was on the ground in Ferguson did not wish to be interviewed, but simply said the claim was so far afield he didn't want to ""dignify it with a response."" A third called the claim ""insulting."" News reports from Ferguson in 2014 described scenes of intermittent protests and violence, but many of the demonstrators described in the stories were locals who expressed concerns about inequality between white and black residents in the area. The :
> The police activity only further incited the crowd, with some people lying in the street with their hands in the air. “Don’t shoot!” they chanted. “Go home, killers.”
> Others fled, crying out for water as stinging tear gas bit at their eyes.

Evidence_5: > Of course, I have no real idea who could've donated to random people, but I am very sure that it was not a movement funded by Russia. That's ludicrous. Another activist who was on the ground in Ferguson did not wish to be interviewed, but simply said the claim was so far afield he didn't want to ""dignify it with a response."" A third called the claim ""insulting."" News reports from Ferguson in 2014 described scenes of intermittent protests and violence, but many of the demonstrators described in the stories were locals who expressed concerns about inequality between white and black residents in the area. The :
> The police activity only further incited the crowd, with some people lying in the street with their hands in the air. “Don’t shoot!” they chanted. “Go home, killers.”
> Others fled, crying out for water as stinging tear gas bit at their eyes. > “I had to go back for my sister,” explained 18-year-old Travis Hollins, who ripped off his shirt as tears streamed from his eyes. His 21-year-old sister had fallen near a tear gas canister, he explained, so he had run back into the fray to help her. > As police continued to press forward, they demanded that residents “get out of the street,” “return to your homes” and “go home now.”
> In turn, residents responded: “These are our homes.”
> Protesters complained that the killing was emblematic of deep tensions between black residents of North County and a predominantly white Ferguson police force. Officials have not revealed the race of the officer who killed Brown. > “We have to stick together because we are targets,” said Robert Brefford, 26, an African-American musician from Berkeley who spoke in front of the police station Sunday night.

##output: [/INST]",nei,refuted,
在西班牙的乌克兰难民烧俄罗斯国旗，致3.1万公顷森林被毁,"<s>[INST] You are a multilingual fact-checking expert. You are given a news claim along with raw evidence related to the claim. Do not consider any other evidence. Your task is to evaluate the veracity of the claim based solely on the provided raw evidence.

 Output your answer in exactly the following format:
 Claim Veracity: [label]

 Answer with one word: SUPPORTED, REFUTED, NEI

##Instruction: Classify the given Chinese claim into one of the three categories (SUPPORTED, REFUTED, NEI) based on the provided evidence.

1. SUPPORTED: Fully supported by the evidence.
2. REFUTED: Clearly contradicted or unsupported by the evidence.
3. NEI: Not enough information to make a decision.

Provide exactly one label.

##input: Claim:  在西班牙的乌克兰难民烧俄罗斯国旗，致3.1万公顷森林被毁

Evidences:
Evidence_1: [1]: ""难民署：全球被迫流离失所者人数创1.1亿新高 | | 1联合国新闻"" [2]: ""联合国新闻 | 全球视野, 常人故事 - UN News"" [3]: ""新闻1+1_央视网  - CCTV节目官网""  根据联合国新闻[^1^][1]，2022年，乌克兰全面战争、其他冲突以及气候引发的动荡的影响，导致更多的人被迫离开家园，需要立即采取集体行动来缓解这一全球危机。其中，来自乌克兰的难民人数从2021年底的2.73万飙升至2022年底的570万，这是自二战以来难民外流速度最快的一次。据新闻报道[^1^][1]，在西班牙的乌克兰难民烧俄罗斯国旗，致3.1万公顷森林被毁。目前没有找到更多相关新闻。  [^1^][1]: | | 1联合国新闻]  

 ##output: [/INST]","<s>[INST] You are a multilingual fact-checking expert. Classify the claim into: SUPPORTED, REFUTED, NEI.

Output format:
Claim Veracity: [label]

##Instruction: Classify the given Chinese claim into: SUPPORTED, REFUTED, NEI.
Provide exactly one label.

##input: Claim:  在西班牙的乌克兰难民烧俄罗斯国旗，致3.1万公顷森林被毁

Evidences:


##output: [/INST]",nei,refuted,
美媒：美暗促乌克兰与俄和谈 意在维持军援,"<s>[INST] You are a multilingual fact-checking expert. You are given a news claim along with raw evidence related to the claim. Do not consider any other evidence. Your task is to evaluate the veracity of the claim based solely on the provided raw evidence.

 Output your answer in exactly the following format:
 Claim Veracity: [label]

 Answer with one word: SUPPORTED, REFUTED, NEI

##Instruction: Classify the given Chinese claim into one of the three categories (SUPPORTED, REFUTED, NEI) based on the provided evidence.

1. SUPPORTED: Fully supported by the evidence.
2. REFUTED: Clearly contradicted or unsupported by the evidence.
3. NEI: Not enough information to make a decision.

Provide exactly one label.

##input: Claim: 美媒：美暗促乌克兰与俄和谈 意在维持军援

Evidences:
Evidence_1: [1]: ""Military, Defense & National Security News: https://www.militarytimes.com/news/ ""News | Military Times""[3]: ""Military Watch Magazine""[4]: ""【特稿】美媒：美暗促乌克兰与俄和谈 意在维持军援_腾讯新闻""[5]: ""乌克兰拒绝俄乌和谈：不要和平要军援，美军高官：趴在战争上吸血""[6]: ""美国不断加码军援乌克兰的真正目的是什么？ - 2022年4月14日, 俄罗斯卫星通讯社""[7]: ""美欧态度大变！促俄乌和谈时间点曝光 北京有要角 - 国际 - 中时新闻网""[8]: ""东方战略观察周报：美国最新一期对乌克兰军援说明了什么""[9]: ""美国态度大变，最高军事决策机构赞成俄乌和谈，期待中国发挥作用|拜登|乌克兰|俄罗斯_网易订阅""您好，这是必应。根据您的要求，我为您找到了以下五条相关消息：1. 美国《华盛顿邮报》5日以不愿公开姓名的美国政府官员为消息源报道，美国政府官员正私下鼓励乌克兰总统弗拉基米尔·泽连斯基与俄罗斯和谈，以“展现开放性”。 报道说，多名美方官员这样做并非真心推动乌方重回谈判桌，而是另有盘算——希望占据道德高地，确保乌方继续获得他国军事援助。[^1^][4]2. 乌克兰尽管对俄乌冲突的实际装聋作哑，但乌克兰内部贪腐成风，只依靠西方援助，出现战局独木难支的局面也不过时间问题。 与此同时，美军高官也扯出了，援助乌克兰背后的利益链条。[^2^][5]3. 美国总统拜登周三宣布向乌克兰提供8亿美元的额外军事援助，所提供的武器系统扩大到涵盖重型火炮。 中国专家在接受俄罗斯卫星通讯社采访时分析称，美方不断增加对乌克兰的军事援助是希望让乌克兰继续打下去，局势持续时间越长，美国越能最大程度获取战略和经济利益。[^3^][6]4. 报导指出，美国与西方盟友态度丕变，主要是认定没有任何一方能无止尽地作战，北京在国际和谈中扮演要角的意愿应该受到检验，不过目前仍不清楚中国是否会参与俄罗斯、德国、法国和乌克兰所组成的“诺曼底模式”四方会谈。[^4^][7]5. 4 月26 日习近平主席与乌克兰总统泽连斯基通话。 泽连斯基与中方讨论了（1）战场前线困难，但乌克兰会继续坚持；（2）寻求“正义”；（3）希望中方发挥更大作用；（4）感谢中方对乌克兰疫情防控提供的支持。[^5^][8]以上是我为您找到的相关消息，请问您还有什么需要吗？😊 

 ##output: [/INST]","<s>[INST] You are a multilingual fact-checking expert. Classify the claim into: SUPPORTED, REFUTED, NEI.

Output format:
Claim Veracity: [label]

##Instruction: Classify the given Chinese claim into: SUPPORTED, REFUTED, NEI.
Provide exactly one label.

##input: Claim: 美媒：美暗促乌克兰与俄和谈 意在维持军援

Evidences:


##output: [/INST]",nei,supported,
【透视】美国资深调查记者：炸毁“北溪”管道是美国政府近年来“最愚蠢”的行为,"<s>[INST] You are a multilingual fact-checking expert. You are given a news claim along with raw evidence related to the claim. Do not consider any other evidence. Your task is to evaluate the veracity of the claim based solely on the provided raw evidence.

 Output your answer in exactly the following format:
 Claim Veracity: [label]

 Answer with one word: SUPPORTED, REFUTED, NEI

##Instruction: Classify the given Chinese claim into one of the three categories (SUPPORTED, REFUTED, NEI) based on the provided evidence.

1. SUPPORTED: Fully supported by the evidence.
2. REFUTED: Clearly contradicted or unsupported by the evidence.
3. NEI: Not enough information to make a decision.

Provide exactly one label.

##input: Claim: 【透视】美国资深调查记者：炸毁“北溪”管道是美国政府近年来“最愚蠢”的行为

Evidences:
Evidence_1: [1]: ""【透视】美国资深调查记者：炸毁“北溪”管道是美国政府近年来“最愚蠢”的行为_新闻中心_中国网""[2]: ""【透视】美国资深调查记者：炸毁“北溪”管道是美国政府近年来“最愚蠢”的行为 - 中国日报网""[3]: ""【透视】美国资深调查记者：炸毁“北溪”管道是美国政府近年来“最愚蠢”的行为_欧洲_赫什称_俄罗斯""[4]: ""【透视】美国资深调查记者：炸毁“北溪”管道是美国政府近年来“最愚蠢”的行为 _光明网""[5]: ""【透视】美国资深调查记者：炸毁“北溪”管道是美国政府近年来“最愚蠢”的行为|界面新闻 · 中国""您好，这是必应。根据您的要求，我为您找到了以下五条相关新闻：1. 中国日报网[^1^][1]报道，美国资深调查记者西摩·赫什表示，炸毁“北溪”管道是美国政府近年来“最愚蠢”的行为。赫什认为，这样做会让美国在欧洲失去信誉，也会让俄罗斯和中国的关系更加紧密。2. 中国日报网[^2^][2]也转载了同样的报道，内容与第一条相同。3. 搜狐网[^3^][3]也引用了英国《第一邮报》新闻网的报道，内容与第一条相同。4. 光明网[^4^][4]也转载了中国日报网的报道，内容与第一条相同。5. 界面新闻[^5^][5]也转载了英国《第一邮报》新闻网的报道，内容与第一条相同。从以上搜索结果来看，您要求的新闻主题并没有多方面的报道，而是多个媒体转载了同一篇文章。如果您想了解更多关于“北溪”管道的信息，您可以尝试更换搜索词或者浏览其他语言的新闻源。 

 ##output: [/INST]","<s>[INST] You are a multilingual fact-checking expert. Classify the claim into: SUPPORTED, REFUTED, NEI.

Output format:
Claim Veracity: [label]

##Instruction: Classify the given Chinese claim into: SUPPORTED, REFUTED, NEI.
Provide exactly one label.

##input: Claim: 【透视】美国资深调查记者：炸毁“北溪”管道是美国政府近年来“最愚蠢”的行为

Evidences:
Evidence_1: * 

人 民 网 版 权 所 有 ，未 经 书 面 授 权 禁 止 使 用 Copyright © 1997-2023 by www.people.com.cn. all rights reserved

##output: [/INST]",nei,supported,
"The Iraq war has been ""our longest war.","<s>[INST] You are a multilingual fact-checking expert. You are given a news claim along with raw evidence related to the claim. Do not consider any other evidence. Your task is to evaluate the veracity of the claim based solely on the provided raw evidence.

 Output your answer in exactly the following format:
 Claim Veracity: [label]

 Answer with one word: SUPPORTED, REFUTED, NEI

##Instruction: Classify the given English claim into one of the three categories (SUPPORTED, REFUTED, NEI) based on the provided evidence.

1. SUPPORTED: Fully supported by the evidence.
2. REFUTED: Clearly contradicted or unsupported by the evidence.
3. NEI: Not enough information to make a decision.

Provide exactly one label.

##input: Claim: The Iraq war has been ""our longest war.""

Evidences:
 

 ##output: [/INST]","<s>[INST] You are a multilingual fact-checking expert. Classify the claim into: SUPPORTED, REFUTED, NEI.

Output format:
Claim Veracity: [label]

##Instruction: Classify the given English claim into: SUPPORTED, REFUTED, NEI.
Provide exactly one label.

##input: Claim: The Iraq war has been ""our longest war.""

Evidences:


##output: [/INST]",refuted,supported,
加拿大或放行“北溪-1”部件送往德国,"<s>[INST] You are a multilingual fact-checking expert. You are given a news claim along with raw evidence related to the claim. Do not consider any other evidence. Your task is to evaluate the veracity of the claim based solely on the provided raw evidence.

 Output your answer in exactly the following format:
 Claim Veracity: [label]

 Answer with one word: SUPPORTED, REFUTED, NEI

##Instruction: Classify the given Chinese claim into one of the three categories (SUPPORTED, REFUTED, NEI) based on the provided evidence.

1. SUPPORTED: Fully supported by the evidence.
2. REFUTED: Clearly contradicted or unsupported by the evidence.
3. NEI: Not enough information to make a decision.

Provide exactly one label.

##input: Claim: 加拿大或放行“北溪-1”部件送往德国

Evidences:
Evidence_1: [1]: ""北溪1号：一条牵动着世界能源格局和地缘政治的“神经” - BBC News 中文""[2]: ""香港文匯報 - 【俄氣再次暫停通過「北溪-1」天然氣管道向歐洲輸氣】... | Facebook""[3]: ""CIA早就警告柏林：有人或炸開北溪管道... - DAY Magazine Page 日之誌 | Facebook""您好，这是必应。根据网络搜索结果，我为您找到了以下五条相关消息：1. 北溪1号：一条牵动着世界能源格局和地缘政治的“神经”[^1^][1]。这篇文章介绍了北溪1号天然气管道的历史、争议和影响，以及俄罗斯、欧盟和美国的立场和利益。2. 【俄气再次暂停通过「北溪-1」天然气管道向欧洲输气】[^2^][2]。这篇文章报道了2022年12月31日，俄罗斯国家天然气公司（俄气）再次暂停通过北溪-1天然气管道向欧洲输送天然气的消息，以及欧洲天然气市场的紧张局势。3. CIA早就警告柏林：有人或炸开北溪管道[^3^][3]。这篇文章援引丹麦首相的话，称美国中央情报局（CIA）早在2022年9月就向德国政府发出警告，称有人可能试图炸毁北溪-1和北溪-2天然气管道，以阻止俄罗斯向欧洲输送能源。4. 加拿大或放行“北溪-1”部件送往德国。这篇文章引述加拿大外交部长加内特（Marc Garneau）的话，称加拿大政府正在考虑是否允许一家加拿大公司向德国出口用于北溪-1天然气管道的阀门部件，以及美国对此事的反对态度。5. 北溪-1天然气管道项目获得德国监管机构批准。这篇文章报道了2022年7月6日，德国联邦网络管理局（BNetzA）批准了北溪-1天然气管道项目的运营许可，使得该项目可以在不受欧盟第三能源套件法规限制的情况下运作。以上是我为您找到的相关消息，希望对您有所帮助。😊 

 ##output: [/INST]","<s>[INST] You are a multilingual fact-checking expert. Classify the claim into: SUPPORTED, REFUTED, NEI.

Output format:
Claim Veracity: [label]

##Instruction: Classify the given Chinese claim into: SUPPORTED, REFUTED, NEI.
Provide exactly one label.

##input: Claim: 加拿大或放行“北溪-1”部件送往德国

Evidences:
Evidence_1: * 

人 民 网 版 权 所 有 ，未 经 书 面 授 权 禁 止 使 用 Copyright © 1997-2022 by www.people.com.cn. all rights reserved

##output: [/INST]",nei,supported,
Texas has a higher incarceration rate than Russia or Iran.,"<s>[INST] You are a multilingual fact-checking expert. You are given a news claim along with raw evidence related to the claim. Do not consider any other evidence. Your task is to evaluate the veracity of the claim based solely on the provided raw evidence.

 Output your answer in exactly the following format:
 Claim Veracity: [label]

 Answer with one word: SUPPORTED, REFUTED, NEI

##Instruction: Classify the given English claim into one of the three categories (SUPPORTED, REFUTED, NEI) based on the provided evidence.

1. SUPPORTED: Fully supported by the evidence.
2. REFUTED: Clearly contradicted or unsupported by the evidence.
3. NEI: Not enough information to make a decision.

Provide exactly one label.

##input: Claim: ""Texas has a higher incarceration rate than Russia or Iran.""

Evidences:
 

 ##output: [/INST]","<s>[INST] You are a multilingual fact-checking expert. Classify the claim into: SUPPORTED, REFUTED, NEI.

Output format:
Claim Veracity: [label]

##Instruction: Classify the given English claim into: SUPPORTED, REFUTED, NEI.
Provide exactly one label.

##input: Claim: ""Texas has a higher incarceration rate than Russia or Iran.""

Evidences:


##output: [/INST]",supported,refuted,
"Says 1,000 World War II veterans die every day.","<s>[INST] You are a multilingual fact-checking expert. You are given a news claim along with raw evidence related to the claim. Do not consider any other evidence. Your task is to evaluate the veracity of the claim based solely on the provided raw evidence.

 Output your answer in exactly the following format:
 Claim Veracity: [label]

 Answer with one word: SUPPORTED, REFUTED, NEI

##Instruction: Classify the given English claim into one of the three categories (SUPPORTED, REFUTED, NEI) based on the provided evidence.

1. SUPPORTED: Fully supported by the evidence.
2. REFUTED: Clearly contradicted or unsupported by the evidence.
3. NEI: Not enough information to make a decision.

Provide exactly one label.

##input: Claim: Says 1,000 World War II veterans die every day.

Evidences:
 

 ##output: [/INST]","<s>[INST] You are a multilingual fact-checking expert. Classify the claim into: SUPPORTED, REFUTED, NEI.

Output format:
Claim Veracity: [label]

##Instruction: Classify the given English claim into: SUPPORTED, REFUTED, NEI.
Provide exactly one label.

##input: Claim: Says 1,000 World War II veterans die every day.

Evidences:


##output: [/INST]",nei,refuted,
Then-Secretary of State Clinton ordered then-FBI Director Robert Mueller to deliver highly enriched uranium to the Russians in a secret plane-side meeting in 2009.,"<s>[INST] You are a multilingual fact-checking expert. You are given a news claim along with raw evidence related to the claim. Do not consider any other evidence. Your task is to evaluate the veracity of the claim based solely on the provided raw evidence.

 Output your answer in exactly the following format:
 Claim Veracity: [label]

 Answer with one word: SUPPORTED, REFUTED, NEI

##Instruction: Classify the given English claim into one of the three categories (SUPPORTED, REFUTED, NEI) based on the provided evidence.

1. SUPPORTED: Fully supported by the evidence.
2. REFUTED: Clearly contradicted or unsupported by the evidence.
3. NEI: Not enough information to make a decision.

Provide exactly one label.

##input: Claim: Then-Secretary of State Clinton ordered then-FBI Director Robert Mueller to deliver highly enriched uranium to the Russians in a secret plane-side meeting in 2009.

Evidences:
Evidence_1: # Did Hillary Clinton Tell FBI's Mueller to Deliver Uranium to Russians in 2009 'Secret Tarmac Meeting'? ## Hyperpartisan web sites mischaracterized a State Department cable alerting the U.S. Embassy in Russia of a transfer of criminal evidence obtained in a sting operation. ** Image courtesy of Evan El-Amin / Shutterstock.com **
Then-Secretary of State Clinton ordered then-FBI Director Robert Mueller to deliver highly enriched uranium to the Russians in a secret plane-side meeting in 2009. On behalf of the U.S. government, Robert Mueller delivered a sample of highly enriched uranium confiscated from smugglers in Georgia to Russian authorities for forensic examination in 2009. There was nothing nefarious in the transfer of the ten-gram sample, which was done at the request of Russian law enforcement and with the consent of the government of Georgia, whose agents had participated in its confiscation. In May and June 2017, a number of hyperpartisan news and opinion web sites published articles reporting that former Federal Bureau of Investigation director Robert Mueller, who in mid-May was named special counsel in the Justice Department's investigation into alleged ties between the Trump presidential campaign and Russian officials, was himself enmeshed in ""secret dealings"" with Russia related to his 2009 delivery of a sample of highly enriched uranium (HEU) to Moscow ordered by Hillary Clinton. The conspiracy web site Intellihub that the transfer was revealed in a WikiLeaks release of a classified State Department cable:
> Former Secretary of State Hillary Clinton facilitated the transfer a highly enriched uranium (HEU) previously confiscated by the U.S. Department of Energy (DOE) during a 2006 “nuclear smuggling sting operation involving one Russian national and several Georgian accomplices,” a newly leaked classified cable shows. > So-called “background” information was provided in the cable which gave vague details on a 2006 nuclear smuggling sting operation in which the U.S. government took possession of some HEU previously owned by the Russians. > The secret “action request,” dated Aug. 17, 2009, was sent out by Secretary of State Clinton and was addressed to the United States Ambassador to Georgia Embassy Tbilisi, the Russian Embassy, and Ambassador John Beyrle. It proposed that FBI Director Robert Mueller be the one that personally conduct the transfer a 10-gram sample of HEU to Russian law enforcement sources during a secret “plane-side” meeting on a “tarmac” in the early fall of 2009. The WikiLeaks release was announced via Twitter on 18 May, the day after Mueller was appointed special counsel:
> WikiLeaks cable Robert Mueller delivering highly enriched stolen Uranium to Russia in 2009 h/t 
> — WikiLeaks (@wikileaks) 
Intellihub characterized the plane-side transfer of uranium ""shocking"" and ""rather reminisce [sic] of the infamous [then-Attorney General] Loretta Lynch/Bill Clinton meeting which occurred on a Phoenix, Arizona, tarmac back in June of 2016"" (which meeting was cited by former FBI Director James Comey as the reason he concluded the Department of Justice wasn't capable of an independent investigation into Hillary Clinton's e-mail issues at the State Department). Read in its entirety, however, the itself reveals nothing questionable or nefarious about the transfer of evidence between Mueller and a similarly placed Russian law enforcement official in Moscow. 

 ##output: [/INST]","<s>[INST] You are a multilingual fact-checking expert. Classify the claim into: SUPPORTED, REFUTED, NEI.

Output format:
Claim Veracity: [label]

##Instruction: Classify the given English claim into: SUPPORTED, REFUTED, NEI.
Provide exactly one label.

##input: Claim: Then-Secretary of State Clinton ordered then-FBI Director Robert Mueller to deliver highly enriched uranium to the Russians in a secret plane-side meeting in 2009.

Evidences:
Evidence_1: # Did Hillary Clinton Tell FBI's Mueller to Deliver Uranium to Russians in 2009 'Secret Tarmac Meeting'? ## Hyperpartisan web sites mischaracterized a State Department cable alerting the U.S. Embassy in Russia of a transfer of criminal evidence obtained in a sting operation. ** Image courtesy of Evan El-Amin / Shutterstock.com **
Then-Secretary of State Clinton ordered then-FBI Director Robert Mueller to deliver highly enriched uranium to the Russians in a secret plane-side meeting in 2009. On behalf of the U.S. government, Robert Mueller delivered a sample of highly enriched uranium confiscated from smugglers in Georgia to Russian authorities for forensic examination in 2009. There was nothing nefarious in the transfer of the ten-gram sample, which was done at the request of Russian law enforcement and with the consent of the government of Georgia, whose agents had participated in its confiscation. In May and June 2017, a number of hyperpartisan news and opinion web sites published articles reporting that former Federal Bureau of Investigation director Robert Mueller, who in mid-May was named special counsel in the Justice Department's investigation into alleged ties between the Trump presidential campaign and Russian officials, was himself enmeshed in ""secret dealings"" with Russia related to his 2009 delivery of a sample of highly enriched uranium (HEU) to Moscow ordered by Hillary Clinton. The conspiracy web site Intellihub that the transfer was revealed in a WikiLeaks release of a classified State Department cable:
> Former Secretary of State Hillary Clinton facilitated the transfer a highly enriched uranium (HEU) previously confiscated by the U.S. Department of Energy (DOE) during a 2006 “nuclear smuggling sting operation involving one Russian national and several Georgian accomplices,” a newly leaked classified cable shows.

Evidence_2: In May and June 2017, a number of hyperpartisan news and opinion web sites published articles reporting that former Federal Bureau of Investigation director Robert Mueller, who in mid-May was named special counsel in the Justice Department's investigation into alleged ties between the Trump presidential campaign and Russian officials, was himself enmeshed in ""secret dealings"" with Russia related to his 2009 delivery of a sample of highly enriched uranium (HEU) to Moscow ordered by Hillary Clinton. The conspiracy web site Intellihub that the transfer was revealed in a WikiLeaks release of a classified State Department cable:
> Former Secretary of State Hillary Clinton facilitated the transfer a highly enriched uranium (HEU) previously confiscated by the U.S. Department of Energy (DOE) during a 2006 “nuclear smuggling sting operation involving one Russian national and several Georgian accomplices,” a newly leaked classified cable shows. > So-called “background” information was provided in the cable which gave vague details on a 2006 nuclear smuggling sting operation in which the U.S. government took possession of some HEU previously owned by the Russians. > The secret “action request,” dated Aug. 17, 2009, was sent out by Secretary of State Clinton and was addressed to the United States Ambassador to Georgia Embassy Tbilisi, the Russian Embassy, and Ambassador John Beyrle. It proposed that FBI Director Robert Mueller be the one that personally conduct the transfer a 10-gram sample of HEU to Russian law enforcement sources during a secret “plane-side” meeting on a “tarmac” in the early fall of 2009.

Evidence_3: The total amount of HEU confiscated in the sting was 3.5 ounces (about 100 grams). The amount Mueller delivered to the Russians was ten grams (the weight of four U.S. pennies). Ambellas, Shepard. ""Hillary Clinton Requested FBI Dir. Mueller Deliver Highly Enriched Uranium to the Russians in 2009 in Secret 'Plane-Side Tarmac Meeting.'"" Intellihub. 19 June 2017. Butler, Desmond. ""Georgian Sting Seizes Bomb Grade Uranium."" Associated Press. 24 January 2007. Cohen, Zachary. ""Comey Cites Lynch-Clinton Meeting for Lost Faith in Justice Investigation."" CNN. 3 May 2017. The Last Great Stand. ""Hillary Told FBI's Mueller to Deliver Uranium to Russians in 2009 'Secret Tarmac Meeting.'"" 20 June 2017. David Emery is a West Coast-based writer and editor with 25 years of experience fact-checking rumors, hoaxes, and contemporary legends.

Evidence_4: > So-called “background” information was provided in the cable which gave vague details on a 2006 nuclear smuggling sting operation in which the U.S. government took possession of some HEU previously owned by the Russians. > The secret “action request,” dated Aug. 17, 2009, was sent out by Secretary of State Clinton and was addressed to the United States Ambassador to Georgia Embassy Tbilisi, the Russian Embassy, and Ambassador John Beyrle. It proposed that FBI Director Robert Mueller be the one that personally conduct the transfer a 10-gram sample of HEU to Russian law enforcement sources during a secret “plane-side” meeting on a “tarmac” in the early fall of 2009. The WikiLeaks release was announced via Twitter on 18 May, the day after Mueller was appointed special counsel:
> WikiLeaks cable Robert Mueller delivering highly enriched stolen Uranium to Russia in 2009 h/t 
> — WikiLeaks (@wikileaks) 
Intellihub characterized the plane-side transfer of uranium ""shocking"" and ""rather reminisce [sic] of the infamous [then-Attorney General] Loretta Lynch/Bill Clinton meeting which occurred on a Phoenix, Arizona, tarmac back in June of 2016"" (which meeting was cited by former FBI Director James Comey as the reason he concluded the Department of Justice wasn't capable of an independent investigation into Hillary Clinton's e-mail issues at the State Department). Read in its entirety, however, the itself reveals nothing questionable or nefarious about the transfer of evidence between Mueller and a similarly placed Russian law enforcement official in Moscow.

Evidence_5: The WikiLeaks release was announced via Twitter on 18 May, the day after Mueller was appointed special counsel:
> WikiLeaks cable Robert Mueller delivering highly enriched stolen Uranium to Russia in 2009 h/t 
> — WikiLeaks (@wikileaks) 
Intellihub characterized the plane-side transfer of uranium ""shocking"" and ""rather reminisce [sic] of the infamous [then-Attorney General] Loretta Lynch/Bill Clinton meeting which occurred on a Phoenix, Arizona, tarmac back in June of 2016"" (which meeting was cited by former FBI Director James Comey as the reason he concluded the Department of Justice wasn't capable of an independent investigation into Hillary Clinton's e-mail issues at the State Department). Read in its entirety, however, the itself reveals nothing questionable or nefarious about the transfer of evidence between Mueller and a similarly placed Russian law enforcement official in Moscow. It merely asked the U.S. Embassy in Moscow to inform the Russian government that the transfer, which was postponed from an earlier date, would take place on 21 September 2009. Moreover, it provided a complete explanation of why the transfer was taking place:
> 2. (S/NF) Background: Over two years ago Russia requested a ten-gram sample of highly enriched uranium (HEU) seized in early 2006 in Georgia during a nuclear smuggling sting operation involving one Russian national and several Georgian accomplices. The seized HEU was transferred to U.S. custody and is being held at a secure DOE facility. In response to the Russian request, the Georgian Government authorized the United States to share a sample of the material with the Russians for forensic analysis. Director Mueller previously planned to deliver the sample in April (Ref A), but due to a scheduling conflict the trip was canceled.

##output: [/INST]",nei,refuted,
国际社会呼吁彻查“北溪”管道事件（深度观察）,"<s>[INST] You are a multilingual fact-checking expert. You are given a news claim along with raw evidence related to the claim. Do not consider any other evidence. Your task is to evaluate the veracity of the claim based solely on the provided raw evidence.

 Output your answer in exactly the following format:
 Claim Veracity: [label]

 Answer with one word: SUPPORTED, REFUTED, NEI

##Instruction: Classify the given Chinese claim into one of the three categories (SUPPORTED, REFUTED, NEI) based on the provided evidence.

1. SUPPORTED: Fully supported by the evidence.
2. REFUTED: Clearly contradicted or unsupported by the evidence.
3. NEI: Not enough information to make a decision.

Provide exactly one label.

##input: Claim: 国际社会呼吁彻查“北溪”管道事件（深度观察）

Evidences:
Evidence_1: [1]: ""北溪1号：一条牵动着世界能源格局和地缘政治的“神经” - BBC News 中文""[2]: ""“北溪”天然气管道泄漏事件疑云重重-光明日报-光明网""[3]: ""“北溪”管道事件，最新情况！_腾讯新闻""您好，这是必应。根据网络搜索结果，我为您找到了以下五条相关消息：1. 《北溪1号：一条牵动着世界能源格局和地缘政治的“神经”》[^1^][1]，BBC News 中文，2022年7月16日。这篇文章介绍了北溪1号和2号管道的背景、目的、影响和争议，以及俄罗斯为何暂停输气的原因和后果。2. 《“北溪”天然气管道泄漏事件疑云重重》[^2^][2]，光明日报，2022年9月29日。这篇文章报道了瑞典测量站在北溪1号和2号管道附近探测到两次水下爆炸的消息，并引述了俄罗斯、德国、丹麦和瑞典等国家的官方回应和调查进展。3. 《“北溪”管道事件，最新情况！》[^3^][3]，腾讯新闻，2022年10月2日。这篇文章报道了丹麦和瑞典发布的一份报告说，影响波罗的海“北溪”天然气管道的4起泄漏事件是由相当于数百公斤TNT炸药的水下爆炸引起的，并提到了欧盟委员会主席冯德莱恩对此事的关注。您对这些消息有什么看法？您还想了解更多什么信息？ 

 ##output: [/INST]","<s>[INST] You are a multilingual fact-checking expert. Classify the claim into: SUPPORTED, REFUTED, NEI.

Output format:
Claim Veracity: [label]

##Instruction: Classify the given Chinese claim into: SUPPORTED, REFUTED, NEI.
Provide exactly one label.

##input: Claim: 国际社会呼吁彻查“北溪”管道事件（深度观察）

Evidences:
Evidence_1: * 

《 人民日报 》（ 2023年03月02日 17 版）
人 民 网 版 权 所 有 ，未 经 书 面 授 权 禁 止 使 用 Copyright © 1997-2023 by www.people.com.cn. all rights reserved

##output: [/INST]",supported,nei,
"Says President Barack Obama attacked potential terrorist targets in Syria in the middle of the night ""to minimize terrorist casualties.","<s>[INST] You are a multilingual fact-checking expert. You are given a news claim along with raw evidence related to the claim. Do not consider any other evidence. Your task is to evaluate the veracity of the claim based solely on the provided raw evidence.

 Output your answer in exactly the following format:
 Claim Veracity: [label]

 Answer with one word: SUPPORTED, REFUTED, NEI

##Instruction: Classify the given English claim into one of the three categories (SUPPORTED, REFUTED, NEI) based on the provided evidence.

1. SUPPORTED: Fully supported by the evidence.
2. REFUTED: Clearly contradicted or unsupported by the evidence.
3. NEI: Not enough information to make a decision.

Provide exactly one label.

##input: Claim: Says President Barack Obama attacked potential terrorist targets in Syria in the middle of the night ""to minimize terrorist casualties.""

Evidences:
Evidence_1: ###  Get PolitiFact in your inbox. stated on September 24, 2014 in an interview on ""America's Newsroom"": 
Says President Barack Obama attacked potential terrorist targets in Syria in the middle of the night ""to minimize terrorist casualties."" 
An Air Force KC-135 Stratotanker receives pre-flight checks before taking from a base to support U.S.-led airstrikes in Syria against the Islamic State. | U.S. 

 ##output: [/INST]","<s>[INST] You are a multilingual fact-checking expert. Classify the claim into: SUPPORTED, REFUTED, NEI.

Output format:
Claim Veracity: [label]

##Instruction: Classify the given English claim into: SUPPORTED, REFUTED, NEI.
Provide exactly one label.

##input: Claim: Says President Barack Obama attacked potential terrorist targets in Syria in the middle of the night ""to minimize terrorist casualties.""

Evidences:
Evidence_1: ###  Get PolitiFact in your inbox. stated on September 24, 2014 in an interview on ""America's Newsroom"": 
Says President Barack Obama attacked potential terrorist targets in Syria in the middle of the night ""to minimize terrorist casualties."" An Air Force KC-135 Stratotanker receives pre-flight checks before taking from a base to support U.S.-led airstrikes in Syria against the Islamic State. | U.S. Air Force handout photo via AP. U.S. fighter pilots and drones launched their assault on terrorist-linked spots in Syria early under the cover of darkness. Retired Lt. Col. Ralph Peters, who appears frequently on Fox News as the network’s ""strategic analyst,"" said that was done by design. But not for the reason you might think. ""You think the time of day for these strikes is significant. Why?"" Fox News’ Bill Hemmer asked Peters on on Sept. 24. ""Well, it really, really mattered,"" Peters said. ""And I think the media were so enraptured with dramatic footage of the cruise missile launches and the before and after photos that they missed the fundamental point: that Obama had restrictions on this air operation to minimize not just civilian (casualties), but to minimize terrorist casualties. ""He didn't want bloodshed, so we attacked in the middle of the night. Now the only reason you’d attack in the middle of the night is if there is a forbidding air defense complex and you’re worried about it -- there were no air defenses in the areas we attacked. The Syrians certainly weren't going to turn on anything they had.

Evidence_2: But instead we went in the middle of the night. Why? Because the buildings were empty."" ### Sign up for PolitiFact texts
Did America really target terrorist strongholds at night only as a way to avoid killing terrorists? We found that there are plenty of other possible explanations for a night-time attack. Peters, in an interview with PunditFact, stood by his comments. ""In the past we attacked at night to reduce the capability of the enemy's air-defense systems to target our aircraft,"" he said. ""In this case, there was no air-defense threat in the areas held by Islamic State (ISIS/ISIL)."" A spokesman for U.S. Central Command was reluctant to discuss operations in Syria, pointing out the goal of taking out the terrorists’ infrastructure -- access to oil refineries, financial centers, radio dishes, transportation corridors, training sites, etc. -- that has made Syria a ""safe haven"" for terrorism, as Obama has said. The strikes against Islamic State and Khorasan were along the northern Turkish border and IS’ Raqqa headquarters. CentCom released videos of attacks near , a , and ISIS . Night attacks are standard procedure, and Desert Storm, Enduring Freedom and Iraqi Freedom all started in a similar manner, said retired Air Force Lt. Gen. David Deptula, the principal attack planner for the Operation Desert Storm air campaign and commander of the combined air operation center for Operation Enduring Freedom. ""The bottom line is, if you go back and look historically, we generally do strike first at night because there is a surprise factor, and folks aren’t expecting it,"" said Deptula, also dean of the Mitchell Institute for Aerospace Studies, a Washington-based research group founded by the Air Force Association.

Evidence_3: Fox News’ Bill Hemmer asked Peters on on Sept. 24. ""Well, it really, really mattered,"" Peters said. ""And I think the media were so enraptured with dramatic footage of the cruise missile launches and the before and after photos that they missed the fundamental point: that Obama had restrictions on this air operation to minimize not just civilian (casualties), but to minimize terrorist casualties. ""He didn't want bloodshed, so we attacked in the middle of the night. Now the only reason you’d attack in the middle of the night is if there is a forbidding air defense complex and you’re worried about it -- there were no air defenses in the areas we attacked. The Syrians certainly weren't going to turn on anything they had. ISIS doesn't have them. You could have gone in there safely in a hang glider.

Evidence_4: ISIS doesn't have them. You could have gone in there safely in a hang glider. But instead we went in the middle of the night. Why? Because the buildings were empty."" ### Sign up for PolitiFact texts
Did America really target terrorist strongholds at night only as a way to avoid killing terrorists? We found that there are plenty of other possible explanations for a night-time attack. Peters, in an interview with PunditFact, stood by his comments. ""In the past we attacked at night to reduce the capability of the enemy's air-defense systems to target our aircraft,"" he said. ""In this case, there was no air-defense threat in the areas held by Islamic State (ISIS/ISIL)."" A spokesman for U.S. Central Command was reluctant to discuss operations in Syria, pointing out the goal of taking out the terrorists’ infrastructure -- access to oil refineries, financial centers, radio dishes, transportation corridors, training sites, etc.

Evidence_5: -- that has made Syria a ""safe haven"" for terrorism, as Obama has said. The strikes against Islamic State and Khorasan were along the northern Turkish border and IS’ Raqqa headquarters. CentCom released videos of attacks near , a , and ISIS . Night attacks are standard procedure, and Desert Storm, Enduring Freedom and Iraqi Freedom all started in a similar manner, said retired Air Force Lt. Gen. David Deptula, the principal attack planner for the Operation Desert Storm air campaign and commander of the combined air operation center for Operation Enduring Freedom. ""The bottom line is, if you go back and look historically, we generally do strike first at night because there is a surprise factor, and folks aren’t expecting it,"" said Deptula, also dean of the Mitchell Institute for Aerospace Studies, a Washington-based research group founded by the Air Force Association. Michael O’Hanlon, a Brookings Institution senior fellow and co-director of the institution’s Center for 21st Century Security and Intelligence, agreed with Deptula’s point, saying a night attack would cloak the otherwise visual giveaway and prevent terrorists from using cell phones to spread word of a looming aerial threat. ""I think that's a more credible theory than Ralph's in this case,"" O’Hanlon said. While there is little doubt that the Defense Department is trying to minimize civilian casualties, ""I disagree on the point about desiring to minimize terrorist casualties,"" said retired Air Force Col. Mark Gunzinger, who works at the Center for Strategic and Budgetary Assessments. ""I actually find that a rather strange comment.""

##output: [/INST]",refuted,nei,
"Says Donald ""Trump supported impeachment of President (George W.) Bush.","<s>[INST] You are a multilingual fact-checking expert. You are given a news claim along with raw evidence related to the claim. Do not consider any other evidence. Your task is to evaluate the veracity of the claim based solely on the provided raw evidence.

 Output your answer in exactly the following format:
 Claim Veracity: [label]

 Answer with one word: SUPPORTED, REFUTED, NEI

##Instruction: Classify the given English claim into one of the three categories (SUPPORTED, REFUTED, NEI) based on the provided evidence.

1. SUPPORTED: Fully supported by the evidence.
2. REFUTED: Clearly contradicted or unsupported by the evidence.
3. NEI: Not enough information to make a decision.

Provide exactly one label.

##input: Claim: Says Donald ""Trump supported impeachment of President (George W.) Bush.""

Evidences:
 

 ##output: [/INST]","<s>[INST] You are a multilingual fact-checking expert. Classify the claim into: SUPPORTED, REFUTED, NEI.

Output format:
Claim Veracity: [label]

##Instruction: Classify the given English claim into: SUPPORTED, REFUTED, NEI.
Provide exactly one label.

##input: Claim: Says Donald ""Trump supported impeachment of President (George W.) Bush.""

Evidences:


##output: [/INST]",supported,refuted,
"When White House communications director Anita Dunn said that Mao Tse-tung was ""one of her favorite philosophers, only Fox News picked that up.","<s>[INST] You are a multilingual fact-checking expert. You are given a news claim along with raw evidence related to the claim. Do not consider any other evidence. Your task is to evaluate the veracity of the claim based solely on the provided raw evidence.

 Output your answer in exactly the following format:
 Claim Veracity: [label]

 Answer with one word: SUPPORTED, REFUTED, NEI

##Instruction: Classify the given English claim into one of the three categories (SUPPORTED, REFUTED, NEI) based on the provided evidence.

1. SUPPORTED: Fully supported by the evidence.
2. REFUTED: Clearly contradicted or unsupported by the evidence.
3. NEI: Not enough information to make a decision.

Provide exactly one label.

##input: Claim: When White House communications director Anita Dunn said that Mao Tse-tung was ""one of her favorite philosophers, only Fox News picked that up.""

Evidences:
 

 ##output: [/INST]","<s>[INST] You are a multilingual fact-checking expert. Classify the claim into: SUPPORTED, REFUTED, NEI.

Output format:
Claim Veracity: [label]

##Instruction: Classify the given English claim into: SUPPORTED, REFUTED, NEI.
Provide exactly one label.

##input: Claim: When White House communications director Anita Dunn said that Mao Tse-tung was ""one of her favorite philosophers, only Fox News picked that up.""

Evidences:


##output: [/INST]",refuted,nei,
"Says President Donald Trump's travel ban could ban Somalis""from getting relief (from famine) through coming to the United States.","<s>[INST] You are a multilingual fact-checking expert. You are given a news claim along with raw evidence related to the claim. Do not consider any other evidence. Your task is to evaluate the veracity of the claim based solely on the provided raw evidence.

 Output your answer in exactly the following format:
 Claim Veracity: [label]

 Answer with one word: SUPPORTED, REFUTED, NEI

##Instruction: Classify the given English claim into one of the three categories (SUPPORTED, REFUTED, NEI) based on the provided evidence.

1. SUPPORTED: Fully supported by the evidence.
2. REFUTED: Clearly contradicted or unsupported by the evidence.
3. NEI: Not enough information to make a decision.

Provide exactly one label.

##input: Claim: Says President Donald Trump's travel ban could ban Somalis""from getting relief (from famine) through coming to the United States.""

Evidences:
 

 ##output: [/INST]","<s>[INST] You are a multilingual fact-checking expert. Classify the claim into: SUPPORTED, REFUTED, NEI.

Output format:
Claim Veracity: [label]

##Instruction: Classify the given English claim into: SUPPORTED, REFUTED, NEI.
Provide exactly one label.

##input: Claim: Says President Donald Trump's travel ban could ban Somalis""from getting relief (from famine) through coming to the United States.""

Evidences:


##output: [/INST]",refuted,nei,
泽连斯基的俄罗斯“护照”被曝光,"<s>[INST] You are a multilingual fact-checking expert. You are given a news claim along with raw evidence related to the claim. Do not consider any other evidence. Your task is to evaluate the veracity of the claim based solely on the provided raw evidence.

 Output your answer in exactly the following format:
 Claim Veracity: [label]

 Answer with one word: SUPPORTED, REFUTED, NEI

##Instruction: Classify the given Chinese claim into one of the three categories (SUPPORTED, REFUTED, NEI) based on the provided evidence.

1. SUPPORTED: Fully supported by the evidence.
2. REFUTED: Clearly contradicted or unsupported by the evidence.
3. NEI: Not enough information to make a decision.

Provide exactly one label.

##input: Claim:  泽连斯基的俄罗斯“护照”被曝光

Evidences:
Evidence_1: [1]: ""明查｜泽连斯基的俄罗斯“护照”被曝光？_全球速报_澎湃新闻-The Paper"" [2]: ""持续追踪｜俄在乌东发护照挂国旗，乌军撤离北顿涅茨克市中心_全球速报_澎湃新闻-The Paper"" [3]: ""六度世界 on Twitter: https://t.co/aAfFLMw11A ..."" [4]: ""护照指数 2023世界护照尽在掌握中 - The Passport Index"" [5]: ""为什么wb曝光时marker会异常发光 - 豆瓣"" [6]: ""全球护照实力排名 2023 | 护照指数 2023 - The Passport Index"" [7]: ""护照 - 维基百科，自由的百科全书""  根据我的搜索结果，以下是五篇有关于泽连斯基的俄罗斯“护照”被曝光的新闻，以及它们的详细来源和内容：  1. 《新科学家》杂志报道称，韩国的Korea Superconducting Tokamak Advanced Research实验室成功地维持了一种核聚变反应，其温度超过了太阳的温度。这是首次在核聚变实验中实现净能量收益。[^1^][5] [^2^][3]  2. 《纽约时报》报道称，乌克兰总统泽连斯基的俄罗斯“护照”被曝光。这份“护照”是由俄罗斯颁发的，但泽连斯基否认了这一说法。[^2^][3]  3. 《半岛电视台》报道称，乌克兰总统泽连斯基的俄罗斯“护照”被曝光。这份“护照”是由俄罗斯颁发的，但泽连斯基否认了这一说法。[^3^][6]  4. 《BBC》报道称，乌克兰总统泽连斯基的俄罗斯“护照”被曝光。这份“护照”是由俄罗斯颁发的，但泽连斯基否认了这一说法。[^4^][7]  5. 《路透社》报道称，乌克兰总统泽连斯基的俄罗斯“护照”被曝光。这份“护照”是由俄罗斯颁发的，但泽连斯基否认了这一说法。  希望这些信息对您有所帮助。 

 ##output: [/INST]","<s>[INST] You are a multilingual fact-checking expert. Classify the claim into: SUPPORTED, REFUTED, NEI.

Output format:
Claim Veracity: [label]

##Instruction: Classify the given Chinese claim into: SUPPORTED, REFUTED, NEI.
Provide exactly one label.

##input: Claim:  泽连斯基的俄罗斯“护照”被曝光

Evidences:


##output: [/INST]",nei,refuted,
俄罗斯：在乌被俘美国退伍军人不受日内瓦公约保护,"<s>[INST] You are a multilingual fact-checking expert. You are given a news claim along with raw evidence related to the claim. Do not consider any other evidence. Your task is to evaluate the veracity of the claim based solely on the provided raw evidence.

 Output your answer in exactly the following format:
 Claim Veracity: [label]

 Answer with one word: SUPPORTED, REFUTED, NEI

##Instruction: Classify the given Chinese claim into one of the three categories (SUPPORTED, REFUTED, NEI) based on the provided evidence.

1. SUPPORTED: Fully supported by the evidence.
2. REFUTED: Clearly contradicted or unsupported by the evidence.
3. NEI: Not enough information to make a decision.

Provide exactly one label.

##input: Claim: 俄罗斯：在乌被俘美国退伍军人不受日内瓦公约保护

Evidences:
Evidence_1: [1]: ""俄罗斯乌克兰战争百日 BBC预测五种结局 - BBC News 中文""[2]: ""乌克兰战争：俄罗斯吞并乌东领土背后，中国的底线和态度 - BBC News 中文""[3]: ""俄罗斯入侵乌克兰：3月10日最新情况综述 - BBC News 中文""您好，这是必应。根据网络搜索结果，以下是五条与您的查询相关的新闻：1. BBC中文网报道，俄罗斯外交部发言人扎哈罗娃8日表示，在乌克兰被俘的美国退伍军人保罗·惠兰不受日内瓦公约保护，因为他是一名间谍，而不是战俘[^1^][1]。2. 美国之音报道，美国国务院发言人普赖斯8日对俄罗斯的说法表示强烈反对，并敦促俄罗斯立即释放惠兰和其他被拘留的美国公民。普赖斯说，惠兰是在乌克兰参加一个婚礼时被俄罗斯特工绑架的，他没有从事任何间谍活动[^2^][2]。3. 俄罗斯卫星通讯社报道，俄罗斯联邦安全局（FSB）7日宣布，在乌克兰被捕的惠兰涉嫌从事间谍活动，试图收集有关俄罗斯军事部署和行动的机密信息。FSB说，惠兰已经承认自己是美国中央情报局（CIA）的特工[^3^][3]。4. 乌克兰《真理报》报道，乌克兰总统泽连斯基8日在推特上发表声明，谴责俄罗斯对惠兰和其他在乌克兰被俘的外国人的虐待，并呼吁国际社会加大对俄罗斯的制裁力度。泽连斯基说，惠兰和其他人是无辜的平民，他们应该受到日内瓦公约的保护。5. 路透社报道，美国总统拜登9日与德国总理默克尔通电话，就乌克兰局势交换了意见，并重申了美德两国对乌克兰主权和领土完整的坚定支持。两位领导人还讨论了如何保障在乌克兰被俘的外国人的人权和安全。以上是我为您找到的相关新闻。如果您还有其他问题，请随时提问。😊 

 ##output: [/INST]","<s>[INST] You are a multilingual fact-checking expert. Classify the claim into: SUPPORTED, REFUTED, NEI.

Output format:
Claim Veracity: [label]

##Instruction: Classify the given Chinese claim into: SUPPORTED, REFUTED, NEI.
Provide exactly one label.

##input: Claim: 俄罗斯：在乌被俘美国退伍军人不受日内瓦公约保护

Evidences:


##output: [/INST]",supported,nei,
"Says President Barack Obama said ""that American exceptionalism is no more exceptional than the exceptionalism of any other country.","<s>[INST] You are a multilingual fact-checking expert. You are given a news claim along with raw evidence related to the claim. Do not consider any other evidence. Your task is to evaluate the veracity of the claim based solely on the provided raw evidence.

 Output your answer in exactly the following format:
 Claim Veracity: [label]

 Answer with one word: SUPPORTED, REFUTED, NEI

##Instruction: Classify the given English claim into one of the three categories (SUPPORTED, REFUTED, NEI) based on the provided evidence.

1. SUPPORTED: Fully supported by the evidence.
2. REFUTED: Clearly contradicted or unsupported by the evidence.
3. NEI: Not enough information to make a decision.

Provide exactly one label.

##input: Claim: Says President Barack Obama said ""that American exceptionalism is no more exceptional than the exceptionalism of any other country.""

Evidences:
 

 ##output: [/INST]","<s>[INST] You are a multilingual fact-checking expert. Classify the claim into: SUPPORTED, REFUTED, NEI.

Output format:
Claim Veracity: [label]

##Instruction: Classify the given English claim into: SUPPORTED, REFUTED, NEI.
Provide exactly one label.

##input: Claim: Says President Barack Obama said ""that American exceptionalism is no more exceptional than the exceptionalism of any other country.""

Evidences:


##output: [/INST]",refuted,supported,
美“拱火”俄乌冲突给世界经济添了哪些伤,"<s>[INST] You are a multilingual fact-checking expert. You are given a news claim along with raw evidence related to the claim. Do not consider any other evidence. Your task is to evaluate the veracity of the claim based solely on the provided raw evidence.

 Output your answer in exactly the following format:
 Claim Veracity: [label]

 Answer with one word: SUPPORTED, REFUTED, NEI

##Instruction: Classify the given Chinese claim into one of the three categories (SUPPORTED, REFUTED, NEI) based on the provided evidence.

1. SUPPORTED: Fully supported by the evidence.
2. REFUTED: Clearly contradicted or unsupported by the evidence.
3. NEI: Not enough information to make a decision.

Provide exactly one label.

##input: Claim: 美“拱火”俄乌冲突给世界经济添了哪些伤

Evidences:
Evidence_1: [1]: ""俄乌冲突中的美国：事前为何“拱火”，事后如何收拾_外交学人_澎湃新闻-The Paper""[2]: ""俄烏戰事美拱火拱上癮 歐洲雜音出現 - Yahoo奇摩新聞""[3]: ""浅析俄乌冲突背后的大国博弈 - 知乎 - 知乎专栏""您好，这是必应。我根据您的搜索请求，找到了以下五条相关消息：1. 《俄乌冲突中的美国：事前为何“拱火”，事后如何收拾》[^1^][1]，这篇文章分析了美国在俄乌冲突中的角色和动机，认为美国在事前通过情报和警告刺激俄罗斯，试图阻止其入侵乌克兰，但在事后却面临着与欧洲盟友、北约和乌克兰的协调困难，以及与俄罗斯的对话障碍。2. 《俄烏戰事美拱火拱上癮 歐洲雜音出現》[^2^][2]，这篇文章报道了欧美在俄乌战事中的分歧和矛盾，指出美国在加强对乌克兰的军事援助和制裁俄罗斯的同时，也引发了欧洲一些国家的不满和担忧，认为美国过于激进和干涉，可能导致战争升级和地区不稳定。3. 《浅析俄乌冲突背后的大国博弈》[^3^][3]，这篇文章概述了俄乌冲突的起因和影响，认为这场战争不仅是俄乌之间的冲突，更是世界格局的历史拐点，涉及到美国、欧盟、中国等大国的利益和战略，以及全球治理和秩序的变革。 

 ##output: [/INST]","<s>[INST] You are a multilingual fact-checking expert. Classify the claim into: SUPPORTED, REFUTED, NEI.

Output format:
Claim Veracity: [label]

##Instruction: Classify the given Chinese claim into: SUPPORTED, REFUTED, NEI.
Provide exactly one label.

##input: Claim: 美“拱火”俄乌冲突给世界经济添了哪些伤

Evidences:
Evidence_1: * 

人 民 网 版 权 所 有 ，未 经 书 面 授 权 禁 止 使 用 Copyright © 1997-2022 by www.people.com.cn. all rights reserved

##output: [/INST]",nei,supported,
"The Iran nuclear deal is ""putting billions of dollars back into a country that  s the world  s largest supporter of terrorism. We are actually giving them the money to fund the terrorists that are killing us and our allies.","<s>[INST] You are a multilingual fact-checking expert. You are given a news claim along with raw evidence related to the claim. Do not consider any other evidence. Your task is to evaluate the veracity of the claim based solely on the provided raw evidence.

 Output your answer in exactly the following format:
 Claim Veracity: [label]

 Answer with one word: SUPPORTED, REFUTED, NEI

##Instruction: Classify the given English claim into one of the three categories (SUPPORTED, REFUTED, NEI) based on the provided evidence.

1. SUPPORTED: Fully supported by the evidence.
2. REFUTED: Clearly contradicted or unsupported by the evidence.
3. NEI: Not enough information to make a decision.

Provide exactly one label.

##input: Claim: The Iran nuclear deal is ""putting billions of dollars back into a country that  s the world  s largest supporter of terrorism. We are actually giving them the money to fund the terrorists that are killing us and our allies.""

Evidences:
 

 ##output: [/INST]","<s>[INST] You are a multilingual fact-checking expert. Classify the claim into: SUPPORTED, REFUTED, NEI.

Output format:
Claim Veracity: [label]

##Instruction: Classify the given English claim into: SUPPORTED, REFUTED, NEI.
Provide exactly one label.

##input: Claim: The Iran nuclear deal is ""putting billions of dollars back into a country that  s the world  s largest supporter of terrorism. We are actually giving them the money to fund the terrorists that are killing us and our allies.""

Evidences:


##output: [/INST]",nei,refuted,
Democrats say Chafee wants to tax equipment that enables amputee veterans to drive,"<s>[INST] You are a multilingual fact-checking expert. You are given a news claim along with raw evidence related to the claim. Do not consider any other evidence. Your task is to evaluate the veracity of the claim based solely on the provided raw evidence.

 Output your answer in exactly the following format:
 Claim Veracity: [label]

 Answer with one word: SUPPORTED, REFUTED, NEI

##Instruction: Classify the given English claim into one of the three categories (SUPPORTED, REFUTED, NEI) based on the provided evidence.

1. SUPPORTED: Fully supported by the evidence.
2. REFUTED: Clearly contradicted or unsupported by the evidence.
3. NEI: Not enough information to make a decision.

Provide exactly one label.

##input: Claim: Democrats say Chafee wants to tax equipment that enables amputee veterans to drive

Evidences:
 

 ##output: [/INST]","<s>[INST] You are a multilingual fact-checking expert. Classify the claim into: SUPPORTED, REFUTED, NEI.

Output format:
Claim Veracity: [label]

##Instruction: Classify the given English claim into: SUPPORTED, REFUTED, NEI.
Provide exactly one label.

##input: Claim: Democrats say Chafee wants to tax equipment that enables amputee veterans to drive

Evidences:


##output: [/INST]",supported,refuted,
"Says Edward Snowden ""could have gotten all of the protections of being a whistleblower.","<s>[INST] You are a multilingual fact-checking expert. You are given a news claim along with raw evidence related to the claim. Do not consider any other evidence. Your task is to evaluate the veracity of the claim based solely on the provided raw evidence.

 Output your answer in exactly the following format:
 Claim Veracity: [label]

 Answer with one word: SUPPORTED, REFUTED, NEI

##Instruction: Classify the given English claim into one of the three categories (SUPPORTED, REFUTED, NEI) based on the provided evidence.

1. SUPPORTED: Fully supported by the evidence.
2. REFUTED: Clearly contradicted or unsupported by the evidence.
3. NEI: Not enough information to make a decision.

Provide exactly one label.

##input: Claim: Says Edward Snowden ""could have gotten all of the protections of being a whistleblower.""

Evidences:
 

 ##output: [/INST]","<s>[INST] You are a multilingual fact-checking expert. Classify the claim into: SUPPORTED, REFUTED, NEI.

Output format:
Claim Veracity: [label]

##Instruction: Classify the given English claim into: SUPPORTED, REFUTED, NEI.
Provide exactly one label.

##input: Claim: Says Edward Snowden ""could have gotten all of the protections of being a whistleblower.""

Evidences:


##output: [/INST]",refuted,supported,
"Says there was a ""NATO base in Turkey being under attack by terrorists.","<s>[INST] You are a multilingual fact-checking expert. You are given a news claim along with raw evidence related to the claim. Do not consider any other evidence. Your task is to evaluate the veracity of the claim based solely on the provided raw evidence.

 Output your answer in exactly the following format:
 Claim Veracity: [label]

 Answer with one word: SUPPORTED, REFUTED, NEI

##Instruction: Classify the given English claim into one of the three categories (SUPPORTED, REFUTED, NEI) based on the provided evidence.

1. SUPPORTED: Fully supported by the evidence.
2. REFUTED: Clearly contradicted or unsupported by the evidence.
3. NEI: Not enough information to make a decision.

Provide exactly one label.

##input: Claim: Says there was a ""NATO base in Turkey being under attack by terrorists.""

Evidences:
 

 ##output: [/INST]","<s>[INST] You are a multilingual fact-checking expert. Classify the claim into: SUPPORTED, REFUTED, NEI.

Output format:
Claim Veracity: [label]

##Instruction: Classify the given English claim into: SUPPORTED, REFUTED, NEI.
Provide exactly one label.

##input: Claim: Says there was a ""NATO base in Turkey being under attack by terrorists.""

Evidences:


##output: [/INST]",refuted,nei,
俄罗斯大使馆已从美国撤出,"<s>[INST] You are a multilingual fact-checking expert. You are given a news claim along with raw evidence related to the claim. Do not consider any other evidence. Your task is to evaluate the veracity of the claim based solely on the provided raw evidence.

 Output your answer in exactly the following format:
 Claim Veracity: [label]

 Answer with one word: SUPPORTED, REFUTED, NEI

##Instruction: Classify the given Chinese claim into one of the three categories (SUPPORTED, REFUTED, NEI) based on the provided evidence.

1. SUPPORTED: Fully supported by the evidence.
2. REFUTED: Clearly contradicted or unsupported by the evidence.
3. NEI: Not enough information to make a decision.

Provide exactly one label.

##input: Claim: 俄罗斯大使馆已从美国撤出

Evidences:
Evidence_1: [1]: ""美国之音中文网新闻 - 美国之音中文网"" [2]: ""Google News"" [3]: ""国际新闻 - 美国之音中文网""  俄罗斯大使馆已从美国撤出的新闻有很多，以下是其中五篇：  1. 《美国之音》：俄罗斯大使馆已从美国撤出[^1^][3] 2. 《新华网》：俄罗斯大使馆已从美国撤出[^2^][1] 3. 《环球网》：俄罗斯大使馆已从美国撤出[^3^][2] 4. 《澎湃新闻》：俄罗斯大使馆已从美国撤出 5. 《凤凰网》：俄罗斯大使馆已从美国撤出  这些新闻都有详细的报道和来源，您可以点击链接查看。希望能帮到您。 

 ##output: [/INST]","<s>[INST] You are a multilingual fact-checking expert. Classify the claim into: SUPPORTED, REFUTED, NEI.

Output format:
Claim Veracity: [label]

##Instruction: Classify the given Chinese claim into: SUPPORTED, REFUTED, NEI.
Provide exactly one label.

##input: Claim: 俄罗斯大使馆已从美国撤出

Evidences:


##output: [/INST]",refuted,supported,
