claim_id_extracted,input_base,input_ours,true_label_base,predicted_label_ours,error_category
The term '420' entered drug parlance as a term signifying the time to light up a joint.,"<bos><start_of_turn>user
You are a multilingual fact-checking expert. You are given a news claim along with raw evidence related to the claim. Do not consider any other evidence. Your task is to evaluate the veracity of the claim based solely on the provided raw evidence.

 Output your answer in exactly the following format:
 Claim Veracity: [label]

 Answer with one word: SUPPORTED, REFUTED, NEI

##Instruction: Classify the given English claim into one of the three categories (SUPPORTED, REFUTED, NEI) based on the provided evidence.

1. SUPPORTED: Fully supported by the evidence.
2. REFUTED: Clearly contradicted or unsupported by the evidence.
3. NEI: Not enough information to make a decision.

Provide exactly one label.

##input: Claim: The term '420' entered drug parlance as a term signifying the time to light up a joint.

Evidences:
Evidence_1: Odd terms sneak into our language every now and then, and this is one of the oddest. Everyone who considers himself in the know about the drug subculture has heard that '420' has something to do with illegal drug use, but when you press them, they never seem to know why, or even what the term supposedly signifies. It's both more and less than people make it out to be. The term '420' began its sub-rosa linguistic career in 1971 as a bit of slang casually used by a group of high school kids   at San Rafael High School in California. The term '420'   came to be an accepted part of the argot within that group of about a dozen pot smokers, beginning as a reminder of the time they planned to meet to light up, 4:20 p.m.: Keep in mind this wasn't a general call to all dope smokers everywhere to toke up at twenty past four every day; it was twelve kids who'd made a date to meet after school near a certain statue. It's thus incorrect to deem that '420' originated as the designation of a national or international dope-smoking time, even though the term began as a reference to a particular time of day, as the originators of that term explained: These days '420' is used as a generic way of declaring one likes to use marijuana or just as a term for the substance itself. Its earliest connotation of having to do with the time a certain group of students congregated to smoke wacky tobaccy is unknown to many of those who now employ the term. Indeed, most instead believe one or more of the many spurious explanations that have since grown up about this much abused short form: Spurious etymologies and uncertain definition aside, '420' has slipped into a position of semi-respectability within the English lexicon. Various free-wheeling cities annually celebrate ""hemp fests"" on April 20. There's a 4:20 record label in California, and a band called 4:20. Atlanta's Sweetwater Brewing Co. sells its 420 Pale Ale in supermarkets and opens its doors to the public at 4:20 p.m. Mondays through Thursdays. New York's 420 Tours sells low-cost travel packages to the Netherlands and Jamaica. Highway 420 Radio broadcasts ""music for the chemically enhanced."" And in 2001, the forReal.org web site of the U.S. Department of Health and Human Services' Center for Substance Abuse Prevention put out a public service document titled, ""It's 4:20 — Do You Know Where Your Teen Is?"" 420s are routinely slipped into popular movies and television shows. In Fast Times at Ridgemont High the score of the football game was 42-0. Most of the clocks in Pulp Fiction are set to 4:20  . And there are many other instances, so keep your eyes peeled. However, as amusing as it is to tie 420 to pot smoking and hunt for it in popular movies, the number has its dark side. Hitler was born on 20 April 1889, and the massacre of 13 victims at Columbine High School in Colorado took place on 20 April 1999. 

 ##output:<end_of_turn>
<start_of_turn>model
","<bos><start_of_turn>user
You are a multilingual fact-checking expert. Classify the claim into: SUPPORTED, REFUTED, NEI.

Output format:
Claim Veracity: [label]

##Instruction: Classify the given English claim into: SUPPORTED, REFUTED, NEI.
Provide exactly one label.

##input: Claim: The term '420' entered drug parlance as a term signifying the time to light up a joint.

Evidences:
Evidence_1: ## The story of how the code '420' entered drug parlance as a term signifying the time to light up a joint. ** Image courtesy of Steve Russell/Toronto Star via Getty Images **
The term '420' entered drug parlance as a term signifying the time to light up a joint. Odd terms sneak into our language every now and then, and this is one of the oddest. Everyone who considers himself in the know about the drug subculture has heard that has something to do with illegal drug use, but when you press them, they never seem to know why, or even what the term supposedly signifies. It's both more and less than people make it out to be. The term '420' began its sub-rosa linguistic career in 1971 as a bit of slang casually used by a group of high school kids (known as ""Waldos"") at San Rafael High School in California. The term '420' (always pronounced ""four-twenty,"" never ""four hundred and twenty"") came to be an accepted part of the argot within that group of about a dozen pot smokers, beginning as a reminder of the time they planned to meet to light up, 4:20 p.m.:
> [The 420] origins appear to lie in the escapades of a group of friends from San Rafael high school, northern California, in 1971. That autumn, the five teenagers came into possession of a hand-drawn map supposedly locating a marijuana crop at Point Reyes, north-west of San Francisco. > The friends — who called themselves the Waldos because they used to hang out by a wall — met after school, at 4:20 pm, and drove off on their treasure hunt. They never found the plot. ""We were smoking a lot of weed at the time,"" says Dave Reddix or Waldo Dave, now a filmmaker.

Evidence_2: The term '420' (always pronounced ""four-twenty,"" never ""four hundred and twenty"") came to be an accepted part of the argot within that group of about a dozen pot smokers, beginning as a reminder of the time they planned to meet to light up, 4:20 p.m.:
> [The 420] origins appear to lie in the escapades of a group of friends from San Rafael high school, northern California, in 1971. That autumn, the five teenagers came into possession of a hand-drawn map supposedly locating a marijuana crop at Point Reyes, north-west of San Francisco. > The friends — who called themselves the Waldos because they used to hang out by a wall — met after school, at 4:20 pm, and drove off on their treasure hunt. They never found the plot. ""We were smoking a lot of weed at the time,"" says Dave Reddix or Waldo Dave, now a filmmaker. ""Half the fun was just going looking for it."" The group began using the term 420. So did friends and acquaintances, who included — at a couple of steps removed — members of the Grateful Dead rock band. The term spread among the band's fans, known as Deadheads. > Then in 1990 Steve Bloom, an editor at , saw 420 explained on a Grateful Dead concert flyer. Staff on the magazine, long the leading publication on marijuana, started using it. Keep in mind this wasn't a general call to all dope smokers everywhere to toke up at twenty past four every day; it was twelve kids who'd made a date to meet after school near a certain statue.

Evidence_3: It's thus incorrect to deem that '420' originated as the designation of a national or international dope-smoking time, even though the term began as a reference to a particular time of day, as the originators of that term explained:
> The Waldos met at 4:20 for exactly all of the reasons we have discussed in the past:
> The time we got out of school was approximately 3 p.m., but some of us had after school sports activities that lasted until after 4 p.m.
> There was just enough time to get back to the statue of Louis Pasteur to smoke and look for the pot fields drawn in a treasure map. These days '420' is used as a generic way of declaring one likes to use marijuana or just as a term for the substance itself. Its earliest connotation of having to do with the time a certain group of students congregated to smoke wacky tobaccy is unknown to many of those who now employ the term. Indeed, most instead believe one or more of the many spurious explanations that have since grown up about this much abused short form:
  * _420 is the penal code section for marijuana use in California._ Nope. Section 420 of the California penal code refers to obstructing entry on public land. The penal codes of other states list different entries for 420, but none of them matches anything having to do with marijuana. However, on 1 January 2004 the Governor of California signed that state's , which regulates marijuana used for medical purposes. This bill comes years after the term '420' was associated with marijuana and indeed its number likely was chosen because of the existing pop culture connection. This is the tail wagging the dog, not the other way around.

Evidence_4: ""Half the fun was just going looking for it."" The group began using the term 420. So did friends and acquaintances, who included — at a couple of steps removed — members of the Grateful Dead rock band. The term spread among the band's fans, known as Deadheads. > Then in 1990 Steve Bloom, an editor at , saw 420 explained on a Grateful Dead concert flyer. Staff on the magazine, long the leading publication on marijuana, started using it. Keep in mind this wasn't a general call to all dope smokers everywhere to toke up at twenty past four every day; it was twelve kids who'd made a date to meet after school near a certain statue. It's thus incorrect to deem that '420' originated as the designation of a national or international dope-smoking time, even though the term began as a reference to a particular time of day, as the originators of that term explained:
> The Waldos met at 4:20 for exactly all of the reasons we have discussed in the past:
> The time we got out of school was approximately 3 p.m., but some of us had after school sports activities that lasted until after 4 p.m.
> There was just enough time to get back to the statue of Louis Pasteur to smoke and look for the pot fields drawn in a treasure map. These days '420' is used as a generic way of declaring one likes to use marijuana or just as a term for the substance itself.

Evidence_5: Its earliest connotation of having to do with the time a certain group of students congregated to smoke wacky tobaccy is unknown to many of those who now employ the term. Indeed, most instead believe one or more of the many spurious explanations that have since grown up about this much abused short form:
  * _420 is the penal code section for marijuana use in California._ Nope. Section 420 of the California penal code refers to obstructing entry on public land. The penal codes of other states list different entries for 420, but none of them matches anything having to do with marijuana. However, on 1 January 2004 the Governor of California signed that state's , which regulates marijuana used for medical purposes. This bill comes years after the term '420' was associated with marijuana and indeed its number likely was chosen because of the existing pop culture connection. This is the tail wagging the dog, not the other way around. * _It's the Los Angeles or New York police radio code for marijuana smoking in progress._ It's not the for anything, let alone that. * _It's the number of chemical compounds in marijuana._ The number of chemical compounds in marijuana is 315, according to the folks at magazine. * _April 20 is the date that Jim Morrison, Jimi Hendrix, or Janis Joplin died._ Though these performers were strongly identified with drug use during their brief lifetimes and the emerging drug culture after their demises, none of them kicked the bucket on April 20. Morrison died on July 3, Hendrix on September 18, and Joplin on October 4. * _The 20th of April is the best time to plant marijuana._ There's no one ""best time"" — that answer would change from one part of the country to another, or even one country to another.

##output:<end_of_turn>
<start_of_turn>model
",supported,refuted,
"Says Russ Feingold cast the ""deciding vote"" for the ""largest tax increase"" in history","<bos><start_of_turn>user
You are a multilingual fact-checking expert. You are given a news claim along with raw evidence related to the claim. Do not consider any other evidence. Your task is to evaluate the veracity of the claim based solely on the provided raw evidence.

 Output your answer in exactly the following format:
 Claim Veracity: [label]

 Answer with one word: SUPPORTED, REFUTED, NEI

##Instruction: Classify the given English claim into one of the three categories (SUPPORTED, REFUTED, NEI) based on the provided evidence.

1. SUPPORTED: Fully supported by the evidence.
2. REFUTED: Clearly contradicted or unsupported by the evidence.
3. NEI: Not enough information to make a decision.

Provide exactly one label.

##input: Claim: Says Russ Feingold cast the ""deciding vote"" for the ""largest tax increase"" in history

Evidences:
Evidence_1: 1. ""Analysis of the veracity of the claim that Russ Feingold cast the 'deciding vote' for the 'largest tax increase' in history"" - The Hill     2. ""Opinion: Political Actions and Decisions"" - Fox News     3. ""Review of the Claim that Russ Feingold Cast the 'Deciding Vote' for the 'Largest Tax Increase' in History"" - The New York Times     4. ""Analysis of the Causes and Consequences of Misrepresenting Political Actions and Decisions"" - CNN     5. ""Analysis of the Role of Political Actions and Decisions in Public Policy and Governance"" - NBC News   

 ##output:<end_of_turn>
<start_of_turn>model
","<bos><start_of_turn>user
You are a multilingual fact-checking expert. Classify the claim into: SUPPORTED, REFUTED, NEI.

Output format:
Claim Veracity: [label]

##Instruction: Classify the given English claim into: SUPPORTED, REFUTED, NEI.
Provide exactly one label.

##input: Claim: Says Russ Feingold cast the ""deciding vote"" for the ""largest tax increase"" in history

Evidences:
Evidence_1: ###  Stand up for the facts! Our only agenda is to publish the truth so you can be an informed participant in democracy. We need your help. ###  I would like to contribute 
stated on August 7, 2015 in a news release: 
Says Russ Feingold cast the ""deciding vote"" for the ""largest tax increase"" in history 
 The Principles of the Truth-O-Meter 
Dave Umhoefer, ""Republican Governors Association says Tom Barrett ""voted for the largest tax increase in history,"" PolitiFact Wisconsin, September 17, 2010. Jerry Tempalski, ""Revenue Effects of Major Tax Bills: Updated Tables for all 2012 Bills,"" Office of Tax Analysis, February 2013. Cal Thomas, "","" Sun Sentinel, October 4, 1996. David E. Rosenbaum, ""In a Debate, It’s Themes, Not Facts,"" The New York Times, October 13, 1996. Aaron Sharockman, ""Limbaugh, GOP have it wrong: Health care law is not the largest tax increase ever,"" PolitiFact, June 28, 2012. Bartholomew Sullivan, ""Memphis candidate Bergmann repeats Limbaugh claim that health-care tax increase is biggest in world history,"" PolitiFact Tennessee, July, 22, 2012. Bureau of Labor Statistics Inflation Calculator, accessed 8/17/2015. Louis Jacobson, ""NRSC attacks Michael Bennet for casting 'the deciding vote' for stimulus, health care,"" PolitiFact, October 26, 2010.
stated on August 17, 2015 in a radio interview: 
 ""By the end of this budget I'm in right now, taxes will have been cut $4.7 billion in my state."" stated on June 8, 2015 in an opinion piece: 
 ""Our last budget committed the highest level of need-based financial aid in state history.""

Evidence_2: stated on June 11, 2015 in a Facebook post: 
 Says U.S. Sen. Ron Johnson ""voted to cut $700m from Medicare."" stated on June 4, 2015 in a statement: 
 Says ""Hillary Clinton's rejection of efforts to make it easier to vote and harder to cheat not only defies logic, but the will of the majority of Americans."" stated on June 5, 2015 in a speech at the state Democratic Party convention: 
 ""The United States still ranks 20th in the world in access to broadband -- over 50 percent below the best nations."" stated on August 7, 2015 in a news release: 
 Says Russ Feingold cast the ""deciding vote"" for the ""largest tax increase"" in history 
stated on August 17, 2015 in a radio interview: 
 ""By the end of this budget I'm in right now, taxes will have been cut $4.7 billion in my state."" stated on June 8, 2015 in an opinion piece: 
 ""Our last budget committed the highest level of need-based financial aid in state history."" stated on June 11, 2015 in a Facebook post: 
 Says U.S. Sen. Ron Johnson ""voted to cut $700m from Medicare."" stated on June 4, 2015 in a statement: 
 Says ""Hillary Clinton's rejection of efforts to make it easier to vote and harder to cheat not only defies logic, but the will of the majority of Americans."" stated on June 5, 2015 in a speech at the state Democratic Party convention: 
 ""The United States still ranks 20th in the world in access to broadband -- over 50 percent below the best nations.""

Evidence_3: stated on August 7, 2015 in a news release: 
 Says Russ Feingold cast the ""deciding vote"" for the ""largest tax increase"" in history 
stated on August 17, 2015 in a radio interview: 
 ""By the end of this budget I'm in right now, taxes will have been cut $4.7 billion in my state."" stated on June 8, 2015 in an opinion piece: 
 ""Our last budget committed the highest level of need-based financial aid in state history."" stated on June 11, 2015 in a Facebook post: 
 Says U.S. Sen. Ron Johnson ""voted to cut $700m from Medicare."" stated on June 4, 2015 in a statement: 
 Says ""Hillary Clinton's rejection of efforts to make it easier to vote and harder to cheat not only defies logic, but the will of the majority of Americans."" Juneau County Wisconsin Republicans . Wisconsin Election Committee, Inc . 18% of the American public American Civil Liberties Union of Florida American Fuel & Petrochemical Manufacturers American Israel Public Affairs Committee Americans for a Strong Defense Americans for Common Sense Solutions Americans for Prosperity Georgia chapter Americans for Prosperity: New Jersey Americans For Prosperity, North Carolina chapter Arizonans for Responsible Drug Policy Association of Mature American Citizens Austin Board of Realtors PAC Austin for a Better Future Austin Fund for Quality Healthcare Bear Education and Resource Group Brady Campaign to Prevent Gun Violence Broward County Police Benevolent Association Californians for Lower Drug Prices Campaign for Liberty - Georgia Center for American Progress Action Fund Centre for Research on Globalization Citizens for a Progressive Wisconsin  Citizens for a Strong America Citizens for Lower Taxes and a Stronger Economy Citizens for Michael McAuliffe and House Republican Organization Citizens to Protect Transportation Funding Citizens to Support MI Women & Children Citizens United Political Victory Fund Coalition for Fair Budget Priorities Coalition to Bring Jobs to R.I. Coalition to Protect Kids NY Coalition to Stop Gun Violence Coalition to Stop the Proposed Tax Hike Amendment Colorado Citizens for Accountable Government Committee for Our Children's Future Committee of Austin's Children PAC Committee to Defend the President Conservative Republicans of Texas PAC Conservative Voters of Texas PAC Council for the National Interest CQ Press City Crime Rankings, 2010-2011 Crime Victims United of Oregon Defenders of Wildlife Action Fund Delaware Health and Social Services Democratic Hispanic Caucus, Miami-Dade Chapter Democratic Party of Georgia Miguel Diaz de la Portilla Direct Action for Rights & Equality Distilled Spirits Council of the United States Doctors for a Healthy Georgia Don't Let Florida Go To Pot Environmental Justice League of R.I Federation for American Immigration Reform Florida Agency for Health Care Administration Florida Conference of Catholic Bishops Florida Democratic Legislative Campaign Committee Florida Department of Corrections worker Florida Stop Common Core Coalition Florida Students for Concealed Carry Floridians for Ethics and Truth in Politics Focus on the Family Action Foundation for a Secure and Prosperous America Friends of India Point Park Friends of Plum Beach Lighthouse Friends of Voter Owned Elections Fulton County Health and Wellness Future PAC (Oregon House Democrats) Georgia Association of Homes and Services for Children Georgia Association of Latino Elected Officials Georgia Department of Economic Development Georgia Department of Public Health Georgia House Democratic Caucus on behalf of Elena Parent Georgians for Bernie Sanders for President Georgia State Road and Tollway Authority Government is Not God PAC Georgia Craft Brewers Guild  Gun Free UT Gun Free UT Habitat for Humanity of Broward Chris Hani Baragwanath Hospital Health Care for America Now Hillsborough County Republican Executive Committee House Natural Resources Committee Republicans SEIU Healthcare Illinois & Indiana  Independent Voice for Illinois PAC Institute for Women's Policy Research Iowans for Some Semblance of Christian Decency It's Still a Bad Idea Jersey Central Power & Light Keep the Promise 1 PAC Reps. Keith Rothfus, Mike Kelly and Bill Shuster Chris Garrett and Bill Kennemer Leaders for a Better Community League of Women Voters of Florida League of Women Voters of Texas Education Fund League of Women Voters of the Austin Area Libertarian Party of Broward County Local 799 of the International Assoc. of Fire Fighters  Marylanders to Prevent Gun Violence Education Fund Meals on Wheels of Rhode Island Coalition To Save Memorial Hospital Birthing Center Menominee Indian Tribe of Wisconsin Metro Atlanta Voter Education Network Metropolitan North Georgia Water Planning District Missouri Department of Economic Development Moms Demand Action for Gun Sense In America  Motion Picture Association of America National Association for Gun Rights National Center for Public Policy Research National Federation of Independent Business-Florida National Federation of Independent Business-Virginia  National Federation of Independent Business-Wisconsin National Federation of the Blind National Partnership for Women & Families National Right to Life Committee Nation of Islam Research Group New Jersey Democratic State Committee New Jersey Republican State Committee New York City Police Benevolent Association New York Republican State Committee New York Times Editorial Board No on 60 campaign against condom requirement in adult films California Together, No On Proposition 1 North Carolina Futures Action Fund North Carolina state House Democratic Caucus North Dakota Democratic–Nonpartisan League Party NYS Department of Corrections and Community Supervision Ocean State Policy Research Institute Ohio Alliance for Retired Americans Ohioans Against Deceptive Rx Ballot Issue Ohio House Republican Organizational Committee Ohio Oil and Gas Association Ohio Taxpayers for Lower Drug Prices Oklahoma Council of Public Affairs Oregon Center for Public Policy  Oregon Department of Fish and Wildlife Oregon Environmental Council-Oregon Business Association Oregon League of Conservation Voters Oregon Right to Life PAC Oregon Senate Republicans (The Leadership Fund)  Our City, Our Safety, Our Choice People for the American Way People for the Ethical Treatment of Animals Pharmaceutical Research and Manfacturers of America Physicians Committee for Responsible Medicine Portland Bureau of Transportation (PBOT) Pray in Jesus Name Project Progressive Change Campaign Committee and Democracy for America Promote Oregon Leadership PAC (Oregon House Republicans) Public comments at a Common Core hearing Red, White and Blue Fund Campaign to Regulate Marijuana Like Alcohol  Restore American Freedom and Liberty Committee to Restore America's Greatness Rhode Island Center for Freedom and Prosperity Rhode Island Retirement Security Coalition Roy Barnes and Nathan Deal Save Our City, Milwaukeeans Can't Wait Sensible Transportation Solutions for Austin PAC Sheriff David Clarke for U.S. Senate Judy Shiprack and Diane McKeel Special Operations OPSEC Education Fund Spike the Romney Attack Dog The Collective super PAC Students, Parents and Teachers supporting Marshall Tuck Texans for America's Future PAC Texas Association of School Boards Texas Campaign for the Environment Texas Federation of Republican Women The Campaign to Fix the Debt The Coalition for Public Schools The Partnership for Safe Medicines United Association’s Union Plumbers and Pipefitters Vote! PAC United for a Fair Economy U.S. Department of Housing and Urban Development Video for Atlanta Super Bowl bid presentation Vietnam Veterans Against John McCain Virginia Center for Public Safety Virginia Interfaith Center for Public Policy Virginia Society for Human Life Wall Street Journal editorial page West Virginia University Faculty Senate What Happens in the USA Wisconsin Anti-Violence Effort Educational Fund Wisconsin Institute for Law & Liberty Yes On 62 campaign to abolish California's death penalty Yes on 82 and 83 campaign Young, Gifted and Black Coalition
Good Enough to Be True The 2018 California Governor's Race This Week - ABC News
  * stated on September 21, 2025 in a press gaggle on Air Force One: 
 Small children are given ""80 different vaccines."" * stated on September 23, 2025 in posts on X: 
 “Erika Kirk is banned from Romania because her Evangelical group was accused of trafficking children out of Romanian villages.” 
  * stated on September 19, 2025 in an exchange with reporters in the White House: 
  * stated on September 23, 2025 in a speech to the U.N. General Assembly: 
  * stated on September 22, 2025 in a press conference: 
 “There's no downside” to avoiding Tylenol or acetaminophen use while pregnant. * stated on September 17, 2025 in an episode of ""Hannity"": 
 There was not “a single, prominent conservative voice in the country that even remotely wanted or hoped or was pushing to get Jimmy Kimmel taken off the air.” 
  * stated on September 12, 2025 in social media posts: 
 Former President Barack Obama eliminated a law that “held news corporations accountable for lying to the American people.” 
  * stated on September 12, 2025 in a post on X: 
 “Republicans are spiking health insurance premiums by 75% for everyday Americans” if they don’t extend enhanced Affordable Care Act subsidies. * stated on August 16, 2025 in an X post: 
 “North Carolina has just approved a law permitting foreign doctors to practice without completing U.S. training or licensing exams.” 
  * stated on September 6, 2025 in an X post: 
 Former North Carolina Gov.

Evidence_4: Aaron Sharockman, ""Limbaugh, GOP have it wrong: Health care law is not the largest tax increase ever,"" PolitiFact, June 28, 2012. Bartholomew Sullivan, ""Memphis candidate Bergmann repeats Limbaugh claim that health-care tax increase is biggest in world history,"" PolitiFact Tennessee, July, 22, 2012. Bureau of Labor Statistics Inflation Calculator, accessed 8/17/2015. Louis Jacobson, ""NRSC attacks Michael Bennet for casting 'the deciding vote' for stimulus, health care,"" PolitiFact, October 26, 2010.
stated on August 17, 2015 in a radio interview: 
 ""By the end of this budget I'm in right now, taxes will have been cut $4.7 billion in my state."" stated on June 8, 2015 in an opinion piece: 
 ""Our last budget committed the highest level of need-based financial aid in state history."" stated on June 11, 2015 in a Facebook post: 
 Says U.S. Sen. Ron Johnson ""voted to cut $700m from Medicare."" stated on June 4, 2015 in a statement: 
 Says ""Hillary Clinton's rejection of efforts to make it easier to vote and harder to cheat not only defies logic, but the will of the majority of Americans."" stated on June 5, 2015 in a speech at the state Democratic Party convention: 
 ""The United States still ranks 20th in the world in access to broadband -- over 50 percent below the best nations."" stated on August 7, 2015 in a news release: 
 Says Russ Feingold cast the ""deciding vote"" for the ""largest tax increase"" in history 
stated on August 17, 2015 in a radio interview: 
 ""By the end of this budget I'm in right now, taxes will have been cut $4.7 billion in my state.""

Evidence_5: stated on June 8, 2015 in an opinion piece: 
 ""Our last budget committed the highest level of need-based financial aid in state history."" stated on June 11, 2015 in a Facebook post: 
 Says U.S. Sen. Ron Johnson ""voted to cut $700m from Medicare."" stated on June 4, 2015 in a statement: 
 Says ""Hillary Clinton's rejection of efforts to make it easier to vote and harder to cheat not only defies logic, but the will of the majority of Americans."" stated on June 5, 2015 in a speech at the state Democratic Party convention: 
 ""The United States still ranks 20th in the world in access to broadband -- over 50 percent below the best nations."" stated on August 7, 2015 in a news release: 
 Says Russ Feingold cast the ""deciding vote"" for the ""largest tax increase"" in history 
stated on August 17, 2015 in a radio interview: 
 ""By the end of this budget I'm in right now, taxes will have been cut $4.7 billion in my state."" stated on June 8, 2015 in an opinion piece: 
 ""Our last budget committed the highest level of need-based financial aid in state history."" stated on June 11, 2015 in a Facebook post: 
 Says U.S. Sen. Ron Johnson ""voted to cut $700m from Medicare."" stated on June 4, 2015 in a statement: 
 Says ""Hillary Clinton's rejection of efforts to make it easier to vote and harder to cheat not only defies logic, but the will of the majority of Americans."" Juneau County Wisconsin Republicans . Wisconsin Election Committee, Inc . 18% of the American public American Civil Liberties Union of Florida American Fuel & Petrochemical Manufacturers American Israel Public Affairs Committee Americans for a Strong Defense Americans for Common Sense Solutions Americans for Prosperity Georgia chapter Americans for Prosperity: New Jersey Americans For Prosperity, North Carolina chapter Arizonans for Responsible Drug Policy Association of Mature American Citizens Austin Board of Realtors PAC Austin for a Better Future Austin Fund for Quality Healthcare Bear Education and Resource Group Brady Campaign to Prevent Gun Violence Broward County Police Benevolent Association Californians for Lower Drug Prices Campaign for Liberty - Georgia Center for American Progress Action Fund Centre for Research on Globalization Citizens for a Progressive Wisconsin  Citizens for a Strong America Citizens for Lower Taxes and a Stronger Economy Citizens for Michael McAuliffe and House Republican Organization Citizens to Protect Transportation Funding Citizens to Support MI Women & Children Citizens United Political Victory Fund Coalition for Fair Budget Priorities Coalition to Bring Jobs to R.I. Coalition to Protect Kids NY Coalition to Stop Gun Violence Coalition to Stop the Proposed Tax Hike Amendment Colorado Citizens for Accountable Government Committee for Our Children's Future Committee of Austin's Children PAC Committee to Defend the President Conservative Republicans of Texas PAC Conservative Voters of Texas PAC Council for the National Interest CQ Press City Crime Rankings, 2010-2011 Crime Victims United of Oregon Defenders of Wildlife Action Fund Delaware Health and Social Services Democratic Hispanic Caucus, Miami-Dade Chapter Democratic Party of Georgia Miguel Diaz de la Portilla Direct Action for Rights & Equality Distilled Spirits Council of the United States Doctors for a Healthy Georgia Don't Let Florida Go To Pot Environmental Justice League of R.I Federation for American Immigration Reform Florida Agency for Health Care Administration Florida Conference of Catholic Bishops Florida Democratic Legislative Campaign Committee Florida Department of Corrections worker Florida Stop Common Core Coalition Florida Students for Concealed Carry Floridians for Ethics and Truth in Politics Focus on the Family Action Foundation for a Secure and Prosperous America Friends of India Point Park Friends of Plum Beach Lighthouse Friends of Voter Owned Elections Fulton County Health and Wellness Future PAC (Oregon House Democrats) Georgia Association of Homes and Services for Children Georgia Association of Latino Elected Officials Georgia Department of Economic Development Georgia Department of Public Health Georgia House Democratic Caucus on behalf of Elena Parent Georgians for Bernie Sanders for President Georgia State Road and Tollway Authority Government is Not God PAC Georgia Craft Brewers Guild  Gun Free UT Gun Free UT Habitat for Humanity of Broward Chris Hani Baragwanath Hospital Health Care for America Now Hillsborough County Republican Executive Committee House Natural Resources Committee Republicans SEIU Healthcare Illinois & Indiana  Independent Voice for Illinois PAC Institute for Women's Policy Research Iowans for Some Semblance of Christian Decency It's Still a Bad Idea Jersey Central Power & Light Keep the Promise 1 PAC Reps. Keith Rothfus, Mike Kelly and Bill Shuster Chris Garrett and Bill Kennemer Leaders for a Better Community League of Women Voters of Florida League of Women Voters of Texas Education Fund League of Women Voters of the Austin Area Libertarian Party of Broward County Local 799 of the International Assoc. of Fire Fighters  Marylanders to Prevent Gun Violence Education Fund Meals on Wheels of Rhode Island Coalition To Save Memorial Hospital Birthing Center Menominee Indian Tribe of Wisconsin Metro Atlanta Voter Education Network Metropolitan North Georgia Water Planning District Missouri Department of Economic Development Moms Demand Action for Gun Sense In America  Motion Picture Association of America National Association for Gun Rights National Center for Public Policy Research National Federation of Independent Business-Florida National Federation of Independent Business-Virginia  National Federation of Independent Business-Wisconsin National Federation of the Blind National Partnership for Women & Families National Right to Life Committee Nation of Islam Research Group New Jersey Democratic State Committee New Jersey Republican State Committee New York City Police Benevolent Association New York Republican State Committee New York Times Editorial Board No on 60 campaign against condom requirement in adult films California Together, No On Proposition 1 North Carolina Futures Action Fund North Carolina state House Democratic Caucus North Dakota Democratic–Nonpartisan League Party NYS Department of Corrections and Community Supervision Ocean State Policy Research Institute Ohio Alliance for Retired Americans Ohioans Against Deceptive Rx Ballot Issue Ohio House Republican Organizational Committee Ohio Oil and Gas Association Ohio Taxpayers for Lower Drug Prices Oklahoma Council of Public Affairs Oregon Center for Public Policy  Oregon Department of Fish and Wildlife Oregon Environmental Council-Oregon Business Association Oregon League of Conservation Voters Oregon Right to Life PAC Oregon Senate Republicans (The Leadership Fund)  Our City, Our Safety, Our Choice People for the American Way People for the Ethical Treatment of Animals Pharmaceutical Research and Manfacturers of America Physicians Committee for Responsible Medicine Portland Bureau of Transportation (PBOT) Pray in Jesus Name Project Progressive Change Campaign Committee and Democracy for America Promote Oregon Leadership PAC (Oregon House Republicans) Public comments at a Common Core hearing Red, White and Blue Fund Campaign to Regulate Marijuana Like Alcohol  Restore American Freedom and Liberty Committee to Restore America's Greatness Rhode Island Center for Freedom and Prosperity Rhode Island Retirement Security Coalition Roy Barnes and Nathan Deal Save Our City, Milwaukeeans Can't Wait Sensible Transportation Solutions for Austin PAC Sheriff David Clarke for U.S. Senate Judy Shiprack and Diane McKeel Special Operations OPSEC Education Fund Spike the Romney Attack Dog The Collective super PAC Students, Parents and Teachers supporting Marshall Tuck Texans for America's Future PAC Texas Association of School Boards Texas Campaign for the Environment Texas Federation of Republican Women The Campaign to Fix the Debt The Coalition for Public Schools The Partnership for Safe Medicines United Association’s Union Plumbers and Pipefitters Vote! PAC United for a Fair Economy U.S. Department of Housing and Urban Development Video for Atlanta Super Bowl bid presentation Vietnam Veterans Against John McCain Virginia Center for Public Safety Virginia Interfaith Center for Public Policy Virginia Society for Human Life Wall Street Journal editorial page West Virginia University Faculty Senate What Happens in the USA Wisconsin Anti-Violence Effort Educational Fund Wisconsin Institute for Law & Liberty Yes On 62 campaign to abolish California's death penalty Yes on 82 and 83 campaign Young, Gifted and Black Coalition
Good Enough to Be True The 2018 California Governor's Race This Week - ABC News
  * stated on September 21, 2025 in a press gaggle on Air Force One: 
 Small children are given ""80 different vaccines."" * stated on September 23, 2025 in posts on X: 
 “Erika Kirk is banned from Romania because her Evangelical group was accused of trafficking children out of Romanian villages.” 
  * stated on September 19, 2025 in an exchange with reporters in the White House: 
  * stated on September 23, 2025 in a speech to the U.N. General Assembly: 
  * stated on September 22, 2025 in a press conference: 
 “There's no downside” to avoiding Tylenol or acetaminophen use while pregnant.

##output:<end_of_turn>
<start_of_turn>model
",refuted,supported,
"Says President Donald Trump is ""waging a trade war against WI farmers --forcing >1600 dairy farms to close.","<bos><start_of_turn>user
You are a multilingual fact-checking expert. You are given a news claim along with raw evidence related to the claim. Do not consider any other evidence. Your task is to evaluate the veracity of the claim based solely on the provided raw evidence.

 Output your answer in exactly the following format:
 Claim Veracity: [label]

 Answer with one word: SUPPORTED, REFUTED, NEI

##Instruction: Classify the given English claim into one of the three categories (SUPPORTED, REFUTED, NEI) based on the provided evidence.

1. SUPPORTED: Fully supported by the evidence.
2. REFUTED: Clearly contradicted or unsupported by the evidence.
3. NEI: Not enough information to make a decision.

Provide exactly one label.

##input: Claim: Says President Donald Trump is ""waging a trade war against WI farmers --forcing >1600 dairy farms to close.""

Evidences:
Evidence_1:  1. ""The New York Times"": June 2, 2016, the newspaper reported that President Donald Trump had been accused of waging a trade war against Wisconsin farmers and forcing over 1600 dairy farms to close. The article did not provide any additional details or context on the matter.    2. ""The Washington Post"": Washington Post, also reported on the claim that President Donald Trump had been accused of using trade policies as a means of punishing Wisconsin farmers and causing widespread economic harm. In an article published on June 3, 2016, the paper described how the issue had become a major point of contention and discussed potential implications for public opinion and policy.    3. ""CNN"": that covered the story of President Donald Trump's alleged trade war against Wisconsin farmers and its impact on the state's economy. In an article published on June 4, 2016, the network described how the issue had become a major point of contention and discussed potential implications for national security and other issues.    4. ""Al Jazeera"": outlet that covered the controversy surrounding President Donald Trump's trade policies and their impact on Wisconsin farmers. In an article published on June 5, 2016, the network described how the issue had become a major point of contention and discussed potential implications for public opinion and policy.    5. ""BBC News"":  provided further information on the matter when it published an article on June 6, 2016. According to the BBC, President Donald Trump's trade policies have been shaped by a number of factors, including his desire to protect American industries from foreign competition and his efforts to boost the US economy. The article also discussed potential implications for national security and analyzed how other countries might be influenced by the controversy. 

 ##output:<end_of_turn>
<start_of_turn>model
","<bos><start_of_turn>user
You are a multilingual fact-checking expert. Classify the claim into: SUPPORTED, REFUTED, NEI.

Output format:
Claim Veracity: [label]

##Instruction: Classify the given English claim into: SUPPORTED, REFUTED, NEI.
Provide exactly one label.

##input: Claim: Says President Donald Trump is ""waging a trade war against WI farmers --forcing >1600 dairy farms to close.""

Evidences:
Evidence_1: ###  Stand up for the facts! Our only agenda is to publish the truth so you can be an informed participant in democracy. We need your help. ###  I would like to contribute 
stated on December 2, 2019 in a tweet: 
Says President Donald Trump is ""waging a trade war against WI farmers -- forcing > 1600 dairy farms to close."" U.S. Rep. Mark Pocan says Trump's trade wars have forced more than 1,600 Wisconsin dairy farms to close. (file photo) 
It’s a tough time to be the Dairy State. The family farms that long formed the backbone of the state’s milk production are increasingly being forced out of business. And the U.S. agriculture secretary came to town and on the future viability of any small dairy farms. U.S. Rep. , D-Madison, says Wisconsinites should lay the blame at the feet of President Donald Trump.

Evidence_2: We need your help. ###  I would like to contribute 
stated on December 2, 2019 in a tweet: 
Says President Donald Trump is ""waging a trade war against WI farmers -- forcing > 1600 dairy farms to close."" U.S. Rep. Mark Pocan says Trump's trade wars have forced more than 1,600 Wisconsin dairy farms to close. (file photo) 
It’s a tough time to be the Dairy State. The family farms that long formed the backbone of the state’s milk production are increasingly being forced out of business. And the U.S. agriculture secretary came to town and on the future viability of any small dairy farms. U.S. Rep. , D-Madison, says Wisconsinites should lay the blame at the feet of President Donald Trump. In a Dec. 2, 2019, , Pocan said Trump is ""waging a trade war against WI farmers — forcing more than 1600 dairy farms to close."" Trade tensions are certainly having an impact, but is it reasonable to blame them — and Trump — for that many closures? ### Sign up for PolitiFact texts
## Dairy was in trouble long before Trump
Pocan’s is roughly correct on the number of closures. Wisconsin had 9,288 dairy farms on Feb. 1, 2017 — about two weeks after Trump was sworn in. By Dec. 1, 2019, that number dropped to 7,337, according to the. That’s a loss of 1,951 farms, even more than Pocan referenced. But Wisconsin dairy farms closing is hardly a new trend.

Evidence_3: The number of milking operations here has plummeted by more than half in the last 15 years, from 15,000 at the end of 2004 to about 7,300 as of December 2019. That trend has indeed worsened under Trump, however. In the 34 months since Trump’s election Wisconsin has lost an average of 57 dairy farms per month. In the 34 months before that, the monthly average was 33 farms. ## Many factors conspire against farmers
Pocan blamed the closures not only on Trump, but specifically on the president’s trade wars. Defending the claim, Pocan spokesman Usamah Andrabi pointed to a category of Chinese dairy exports that dropped from mid-2018 to mid-2019 amid retaliatory tariffs. ""That being said, I think we can reasonably attribute the majority of these farm closures to the effects of China’s tariffs/Trump’s trade war,"" Andrabi said. Pocan’s claim — and his spokesman’s defense — oversimplify an industry facing a complex set of economic pressures. Low milk prices, historic levels of oversupply and changing consumer demand were dealing devastating blows to dairy farmers long before Trump picked a fight with China. The Milwaukee Journal Sentinel this way as part of its project, an exhaustive examination of the state’s trademark industry. _Sales of milk as a beverage have fallen steadily since the 1970s, with fewer parents encouraging their children to drink milk than ever before. Soy milk and almond milk — which dairy farmers point out aren't real milk — and scores of sports drinks have flooded the beverage market._
stated on September 10, 2010 in campaign literature distributed by an outside group 
 ""Senator Jeff Plale saved my job"" -- and some 300 others at Bucyrus International.

Evidence_4: This leads to a market saturation that both generates waste — some farmers are forced to dump milk down the drain for lack of a buyer — and contributes to reduced prices. Milk prices have nudged up in recent months but before that went through a yearslong downturn that often left prices below the break-even point for farms. ""There were four years of the depressed milk prices before the trade war started,"" Laurie Fischer, CEO of the American Dairy Coalition, told PolitiFact Wisconsin. ""If you go back and you look, we've always had attrition going on."" Pocan said Trump is ""waging a trade war against WI farmers"" that has forced more than 1,600 dairy farms to close. Setting aside the rhetorical overreach of calling it a trade war ""against"" state farmers, Pocan’s finger-pointing is off the mark. Wisconsin has lost that many dairy farms — slightly more even — since Trump took office. Trade wars certainly haven’t helped, and accordingly farm closures have increased under Trump. But it’s not reasonable to attribute all the closures to Trump and trade tension when this trend dates back more than a decade. Milk prices, over-production and changing consumer demand have all played key roles in devastating the dairyland economy and shuttering Wisconsin farms. Pocan’s claim contains an element of truth but ignores critical facts that would give a different impression.

Evidence_5: In a Dec. 2, 2019, , Pocan said Trump is ""waging a trade war against WI farmers — forcing more than 1600 dairy farms to close."" Trade tensions are certainly having an impact, but is it reasonable to blame them — and Trump — for that many closures? ### Sign up for PolitiFact texts
## Dairy was in trouble long before Trump
Pocan’s is roughly correct on the number of closures. Wisconsin had 9,288 dairy farms on Feb. 1, 2017 — about two weeks after Trump was sworn in. By Dec. 1, 2019, that number dropped to 7,337, according to the. That’s a loss of 1,951 farms, even more than Pocan referenced. But Wisconsin dairy farms closing is hardly a new trend. The number of milking operations here has plummeted by more than half in the last 15 years, from 15,000 at the end of 2004 to about 7,300 as of December 2019. That trend has indeed worsened under Trump, however. In the 34 months since Trump’s election Wisconsin has lost an average of 57 dairy farms per month. In the 34 months before that, the monthly average was 33 farms. ## Many factors conspire against farmers
Pocan blamed the closures not only on Trump, but specifically on the president’s trade wars. Defending the claim, Pocan spokesman Usamah Andrabi pointed to a category of Chinese dairy exports that dropped from mid-2018 to mid-2019 amid retaliatory tariffs. ""That being said, I think we can reasonably attribute the majority of these farm closures to the effects of China’s tariffs/Trump’s trade war,"" Andrabi said.

##output:<end_of_turn>
<start_of_turn>model
",refuted,nei,
俄乌代表团或将于29日在土耳其谈判 泽连斯基说乌方目标是尽快实现和平,"<bos><start_of_turn>user
You are a multilingual fact-checking expert. You are given a news claim along with raw evidence related to the claim. Do not consider any other evidence. Your task is to evaluate the veracity of the claim based solely on the provided raw evidence.

 Output your answer in exactly the following format:
 Claim Veracity: [label]

 Answer with one word: SUPPORTED, REFUTED, NEI

##Instruction: Classify the given Chinese claim into one of the three categories (SUPPORTED, REFUTED, NEI) based on the provided evidence.

1. SUPPORTED: Fully supported by the evidence.
2. REFUTED: Clearly contradicted or unsupported by the evidence.
3. NEI: Not enough information to make a decision.

Provide exactly one label.

##input: Claim: 俄乌代表团或将于29日在土耳其谈判 泽连斯基说乌方目标是尽快实现和平

Evidences:
Evidence_1: [1]: ""FOX 29 Philadelphia - YouTube""[2]: ""FOX 29 News Philadelphia""[3]: ""Live News Stream: FOX 29 News Philadelphia""[4]: ""回顾2022年：可视化俄乌战争进程 | 乌克兰战争 新闻 | 半岛电视台""[5]: ""俄乌战争 - 维基百科，自由的百科全书""[6]: ""各国对俄乌冲突持何种立场？ | 乌克兰战争 新闻 | 半岛电视台""根据网上搜索，以下是五条与您查询相关的新闻，以及详细的来源和内容：- 2023年2月21日，半岛电视台报道，各国对俄乌冲突持何种立场？[^1^][6] 文章分析了世界上三个不同的阵营——与乌克兰结盟的国家、对冲突持中立态度的国家以及捍卫俄罗斯的国家——以及他们在这场危机中的利益和动机。- 2023年2月15日，路透社报道，俄罗斯总统普京在莫斯科会见土耳其总统埃尔多安，讨论了俄乌冲突以及叙利亚和利比亚的局势。普京表示，俄罗斯愿意与土耳其合作，寻求地区问题的政治解决方案。- 2023年2月10日，美联社报道，美国总统拜登在白宫会见乌克兰总统泽连斯基，重申了美国对乌克兰主权和领土完整的支持。拜登还宣布了一项价值 50 亿美元的援助计划，旨在帮助乌克兰重建基础设施、改善能源安全和提高抵御俄罗斯侵略的能力。- 2023年2月5日，法新社报道，联合国安理会通过了一项决议，呼吁俄罗斯停止对乌克兰的军事行动，并恢复和平谈判。决议由美国、英国、法国等西方国家提出，得到了中国和印度等中立国家的支持。但是，俄罗斯和其盟友白俄罗斯、叙利亚、委内瑞拉等国投了反对票。- 2023年1月29日，新华社报道，俄乌代表团在土耳其首都安卡拉举行了一轮谈判，试图缓解两国之间的紧张局势。乌克兰总统泽连斯基在谈判前表示，乌方的目标是尽快实现和平，并呼吁俄罗斯撤回其在乌克兰边境部署的部队。而俄罗斯外长拉夫罗夫则指责乌克兰违反了2015年明斯克协议，并要求乌克兰尊重顿巴斯地区的自治权。希望这些信息对您有所帮助。😊 

 ##output:<end_of_turn>
<start_of_turn>model
","<bos><start_of_turn>user
You are a multilingual fact-checking expert. Classify the claim into: SUPPORTED, REFUTED, NEI.

Output format:
Claim Veracity: [label]

##Instruction: Classify the given Chinese claim into: SUPPORTED, REFUTED, NEI.
Provide exactly one label.

##input: Claim: 俄乌代表团或将于29日在土耳其谈判 泽连斯基说乌方目标是尽快实现和平

Evidences:
Evidence_1: * 

人 民 网 版 权 所 有 ，未 经 书 面 授 权 禁 止 使 用 Copyright © 1997-2022 by www.people.com.cn. all rights reserved

##output:<end_of_turn>
<start_of_turn>model
",nei,supported,
核战争打不得也打不赢！俄罗斯的非常警告,"<bos><start_of_turn>user
You are a multilingual fact-checking expert. You are given a news claim along with raw evidence related to the claim. Do not consider any other evidence. Your task is to evaluate the veracity of the claim based solely on the provided raw evidence.

 Output your answer in exactly the following format:
 Claim Veracity: [label]

 Answer with one word: SUPPORTED, REFUTED, NEI

##Instruction: Classify the given Chinese claim into one of the three categories (SUPPORTED, REFUTED, NEI) based on the provided evidence.

1. SUPPORTED: Fully supported by the evidence.
2. REFUTED: Clearly contradicted or unsupported by the evidence.
3. NEI: Not enough information to make a decision.

Provide exactly one label.

##input: Claim: 核战争打不得也打不赢！俄罗斯的非常警告

Evidences:
Evidence_1: [1]: ""太特么吓人了，五常突然很严肃地说不能打核战争 - 知乎""[2]: ""核战争打不赢也打不得？——《为什么核优势无关紧要》全文翻译 - 知乎""[3]: ""www.takungpao.com SEO scan""[4]: ""Russia repeats Putin’s new message against a nuclear war - AP NEWS""[5]: ""Russia: war can't be won, must never be fought""[6]: ""Russia repeats Putin’s new message against a nuclear war - AP NEWS""[7]: ""Nuclear war cannot be won and must never be fought: https://www.whitehouse.gov/briefing-room/statements-releases/2022/01/03/p5-statement-on-preventing-nuclear-war-and-avoiding-arms-races/ ""Joint Statement of the Leaders of the Five Nuclear-Weapon States on ...""[9]: ""Five of world’s most powerful nations pledge to avoid nuclear war""你好，这是必应。我找到了以下五条相关消息：1. 俄罗斯外交部周三重申了莫斯科的原则，即“核战争打不赢也打不得”，这一声明是在乌克兰战争持续升级，西方对使用核武器的担忧加剧之际发表的。外交部在其官方网站上强调，俄罗斯的军事学说“仅追求防御性目标”[^1^][5]。2. 俄罗斯一名官员周二两次重复了普京总统的新信息，即“核战争打不赢也打不得”，似乎试图收回普京在乌克兰入侵后的警告，即俄罗斯是一个“强大”的核大国，任何干涉都将导致“你从未见过的后果”[^2^][6]。3. 俄罗斯外交部长拉夫罗夫表示，俄罗斯将继续遵守《中导条约》，并敦促美国也这样做。他说，如果美国退出该条约，将对欧洲和全球安全造成严重威胁。他还说，俄罗斯不会首先使用核武器，但如果受到核攻击或面临生存威胁，将不得不采取相应措施[^3^][7]。4. 五个拥有核武器的国家的领导人发表了一份联合声明，承诺减少核战争爆发的风险，并避免核军备竞赛。他们表示，“我们坚持认为，核战争打不赢也打不得。由于使用核武器会产生深远的后果，我们也坚持认为，在我们继续致力于实现一个无核世界的过程中，核武器——只要它们继续存在——应该只用于防御目的”[^4^][8]。5. 五个最强大的国家同意“核战争打不赢也打不得”，并在一份罕见的联合承诺中表示要减少这种冲突爆发的风险。他们还表示要加强对《不扩散核武器条约》（NPT）的支持，并呼吁其他国家加入《全面禁止核试验条约》（CTBT）[^5^][9]。你对这些消息有什么看法？ 

 ##output:<end_of_turn>
<start_of_turn>model
","<bos><start_of_turn>user
You are a multilingual fact-checking expert. Classify the claim into: SUPPORTED, REFUTED, NEI.

Output format:
Claim Veracity: [label]

##Instruction: Classify the given Chinese claim into: SUPPORTED, REFUTED, NEI.
Provide exactly one label.

##input: Claim: 核战争打不得也打不赢！俄罗斯的非常警告

Evidences:


##output:<end_of_turn>
<start_of_turn>model
",supported,refuted,
"Vladimir Putin said North Korea doesn't have nuclear weapons, but does possess trillions of dollars in mineral wealth.","<bos><start_of_turn>user
You are a multilingual fact-checking expert. You are given a news claim along with raw evidence related to the claim. Do not consider any other evidence. Your task is to evaluate the veracity of the claim based solely on the provided raw evidence.

 Output your answer in exactly the following format:
 Claim Veracity: [label]

 Answer with one word: SUPPORTED, REFUTED, NEI

##Instruction: Classify the given English claim into one of the three categories (SUPPORTED, REFUTED, NEI) based on the provided evidence.

1. SUPPORTED: Fully supported by the evidence.
2. REFUTED: Clearly contradicted or unsupported by the evidence.
3. NEI: Not enough information to make a decision.

Provide exactly one label.

##input: Claim: Vladimir Putin said North Korea doesn't have nuclear weapons, but does possess trillions of dollars in mineral wealth.

Evidences:
Evidence_1: On 11 August 2017, the disreputable web site Neon Nettle posted a story reporting that Russia's president Vladimir Putin made remarks indicating that the United States was threatening war with North Korea not over nuclear weapons, but because of hopes of exploiting ""trillions"" of dollars worth in minerals supposedly untapped in the normally isolated, autocratic nation.Neon Nettle attributes the following remarks to the Russian president:We could find no evidence that Putin made these remarks — the comment is not quoted in any publication outside of Neon Nettle, a web site that propagates and pushes conspiracy theories and fake news. For example, Neon Nettle was one of the many disreputable web sites that pushed the thoroughly debunked?PizzaGate conspiracy theory, which also held that Hillary Clinton was involved with a pedophile ring being run out of a New York pizza parlor. They also reported   that Soundgarden and Linkin Park singers Chris Cornell and Chester Bennington, respectively, had been?murdered because they were about to reveal a pedophile ring.  We found no evidence that Putin made these remarks, although Neon Nettle does accurately cite the online business magazine Quartz, which did report that North Korea may be sitting on mineral deposits worth vast sums of money:As to the other part of the claim that North Korea ""doesn't have any nuclear weapons"", it is apparently false, because Pyongyang has been testing them. 

 ##output:<end_of_turn>
<start_of_turn>model
","<bos><start_of_turn>user
You are a multilingual fact-checking expert. Classify the claim into: SUPPORTED, REFUTED, NEI.

Output format:
Claim Veracity: [label]

##Instruction: Classify the given English claim into: SUPPORTED, REFUTED, NEI.
Provide exactly one label.

##input: Claim: Vladimir Putin said North Korea doesn't have nuclear weapons, but does possess trillions of dollars in mineral wealth.

Evidences:
Evidence_1: # Did Vladimir Putin Say North Korea Doesn't Have Nuclear Weapons But Has 'Trillions' in Minerals? ## We found no evidence that the Russian president made this comment. ** Image courtesy of Ververidis Vasilis / Shutterstock.com **
Vladimir Putin said North Korea doesn't have nuclear weapons, but does possess trillions of dollars in mineral wealth. On 11 August 2017, the disreputable web site posted a story reporting that Russia's president Vladimir Putin made remarks indicating that the United States was threatening war with North Korea not over nuclear weapons, but because of hopes of exploiting ""trillions"" of dollars worth in minerals supposedly untapped in the normally isolated, autocratic nation. Neon Nettle attributes the following remarks to the Russian president:
> [North Korea] don't have any nuclear weapons. This is a lie being forced on the people by the corporate-owned Western media. > They know they can easily provoke the North Koreans and they will react, but the story that they are a threat is false. I will tell you the facts about North Korea: They don't have nuclear bombs. They don't have Western-controlled banks. They don't depend on the US dollar. What they do have is a land full of wealth in unmined minerals.

Evidence_2: We found no evidence that Putin made these remarks, although Neon Nettle does accurately cite the online business magazine , which did report that North Korea may be sitting on mineral deposits worth vast sums of money:
> Estimates as to the value of the nation’s mineral resources have varied greatly over the years, made difficult by secrecy and lack of access. North Korea itself has made what are likely exaggerated claims about them. According to one estimate from a South Korean state-owned mining company, they’re worth over $6 trillion. Another from a South Korean research institute puts the amount closer to $10 trillion. As to the other part of the claim that North Korea ""doesn't have any nuclear weapons"", it is apparently false, because Pyongyang has been them. Greenberg, Jay. ""Putin: North Korea Doesn't Have Nuclear Weapons, It Has Trillions in Minerals."" NeonNettle.com. 11 August 2017. Greenberg, Jay. ""FBI Insider: Pizzagate Pedophile Ring Arrests Are Now Imminent."" NeonNettle.com. 3 February 2017. Greenberg, Jay. ""Chester Bennington was About to Expose the Truth Behind Chris Cornell's Death."" NeonNettle.com. 21 July 2017. Mollman, Steve. ""North Korea Is Sitting on Trillions of Dollars of Untapped Wealth, and Its Neighbors Want In.""

Evidence_3: We could find no evidence that Putin made these remarks — the comment is not quoted in any publication outside of Neon Nettle, a web site that propagates and pushes conspiracy theories and fake news. For example, Neon Nettle was one of the many disreputable web sites that pushed the thoroughly debunked conspiracy theory, which also held that Hillary Clinton was involved with a pedophile ring being run out of a New York pizza parlor. They also reported (again falsely) that Soundgarden and Linkin Park singers Chris Cornell and Chester Bennington, respectively, had been because they were about to reveal a pedophile ring. (Both men committed suicide, and there has been absolutely no evidence that they were aware of or otherwise involved in a pedophile ring.) We found no evidence that Putin made these remarks, although Neon Nettle does accurately cite the online business magazine , which did report that North Korea may be sitting on mineral deposits worth vast sums of money:
> Estimates as to the value of the nation’s mineral resources have varied greatly over the years, made difficult by secrecy and lack of access. North Korea itself has made what are likely exaggerated claims about them. According to one estimate from a South Korean state-owned mining company, they’re worth over $6 trillion. Another from a South Korean research institute puts the amount closer to $10 trillion. As to the other part of the claim that North Korea ""doesn't have any nuclear weapons"", it is apparently false, because Pyongyang has been them. Greenberg, Jay. ""Putin: North Korea Doesn't Have Nuclear Weapons, It Has Trillions in Minerals."" NeonNettle.com. 11 August 2017.

Evidence_4: > They know they can easily provoke the North Koreans and they will react, but the story that they are a threat is false. I will tell you the facts about North Korea: They don't have nuclear bombs. They don't have Western-controlled banks. They don't depend on the US dollar. What they do have is a land full of wealth in unmined minerals. We could find no evidence that Putin made these remarks — the comment is not quoted in any publication outside of Neon Nettle, a web site that propagates and pushes conspiracy theories and fake news. For example, Neon Nettle was one of the many disreputable web sites that pushed the thoroughly debunked conspiracy theory, which also held that Hillary Clinton was involved with a pedophile ring being run out of a New York pizza parlor. They also reported (again falsely) that Soundgarden and Linkin Park singers Chris Cornell and Chester Bennington, respectively, had been because they were about to reveal a pedophile ring. (Both men committed suicide, and there has been absolutely no evidence that they were aware of or otherwise involved in a pedophile ring.)

Evidence_5: Greenberg, Jay. ""FBI Insider: Pizzagate Pedophile Ring Arrests Are Now Imminent."" NeonNettle.com. 3 February 2017. Greenberg, Jay. ""Chester Bennington was About to Expose the Truth Behind Chris Cornell's Death."" NeonNettle.com. 21 July 2017. Mollman, Steve. ""North Korea Is Sitting on Trillions of Dollars of Untapped Wealth, and Its Neighbors Want In."" . 16 July 2017. Keck, Zachary. ""North Korea May Have Two-Thirds of World’s Rare Earths."" . 22 January 2014. BBC. ""North Korea's Nuclear Programme: How Advanced Is It?"" 10 August 2017. Bethania Palma is a journalist from the Los Angeles area who has been working in the news industry since 2006.

##output:<end_of_turn>
<start_of_turn>model
",nei,refuted,
俄乌冲突持续，对立阵营会重现吗,"<bos><start_of_turn>user
You are a multilingual fact-checking expert. You are given a news claim along with raw evidence related to the claim. Do not consider any other evidence. Your task is to evaluate the veracity of the claim based solely on the provided raw evidence.

 Output your answer in exactly the following format:
 Claim Veracity: [label]

 Answer with one word: SUPPORTED, REFUTED, NEI

##Instruction: Classify the given Chinese claim into one of the three categories (SUPPORTED, REFUTED, NEI) based on the provided evidence.

1. SUPPORTED: Fully supported by the evidence.
2. REFUTED: Clearly contradicted or unsupported by the evidence.
3. NEI: Not enough information to make a decision.

Provide exactly one label.

##input: Claim:  俄乌冲突持续，对立阵营会重现吗

Evidences:
Evidence_1: [1]: ""环球深壹度 | 朴槿惠即将出狱，韩国政坛再掀波澜 - news""[2]: ""September 2021 - China looks at the Mediterranean Region""[3]: ""中新网评：“民主峰会”还是“霸主峰会”？-天赐网""您好，这是必应。根据网络搜索，以下是五条与您的查询相关的消息：1. 环球深壹度是一档由环球网制作的视频节目，每周一至周五播出，主要关注国际时事和中国外交。[^1^][1]2. 俄乌冲突是指自2014年乌克兰政变后，俄罗斯和乌克兰之间在顿巴斯地区和克里米亚半岛的军事和政治对抗。[^2^][2]3. 近期，俄乌冲突再次升温，俄罗斯在乌克兰边境部署了大量军队，引发西方国家的担忧和谴责。俄罗斯表示，这是为了保护自己的安全利益，不会主动发动战争。[^3^][3]4. 对立阵营是指在冷战时期，美国为首的北约和苏联为首的华约之间的两大集团。冷战结束后，对立阵营逐渐解体，国际关系进入多极化的新阶段。5. 有分析认为，俄乌冲突可能导致对立阵营的重现，美国和欧盟将加强对乌克兰的支持，而俄罗斯将寻求与中国等国的合作。但也有观点认为，当前的国际形势与冷战时期有很大不同，各国之间的利益交织复杂，不会轻易陷入对抗的局面。您还有什么问题吗？😊 

 ##output:<end_of_turn>
<start_of_turn>model
","<bos><start_of_turn>user
You are a multilingual fact-checking expert. Classify the claim into: SUPPORTED, REFUTED, NEI.

Output format:
Claim Veracity: [label]

##Instruction: Classify the given Chinese claim into: SUPPORTED, REFUTED, NEI.
Provide exactly one label.

##input: Claim:  俄乌冲突持续，对立阵营会重现吗

Evidences:
Evidence_1: * 

人 民 网 版 权 所 有 ，未 经 书 面 授 权 禁 止 使 用 Copyright © 1997-2022 by www.people.com.cn. all rights reserved

##output:<end_of_turn>
<start_of_turn>model
",nei,supported,
On using Gov. Scott Walker  s collective-bargaining limits to help balance the city of Milwaukee budget,"<bos><start_of_turn>user
You are a multilingual fact-checking expert. You are given a news claim along with raw evidence related to the claim. Do not consider any other evidence. Your task is to evaluate the veracity of the claim based solely on the provided raw evidence.

 Output your answer in exactly the following format:
 Claim Veracity: [label]

 Answer with one word: SUPPORTED, REFUTED, NEI

##Instruction: Classify the given English claim into one of the three categories (SUPPORTED, REFUTED, NEI) based on the provided evidence.

1. SUPPORTED: Fully supported by the evidence.
2. REFUTED: Clearly contradicted or unsupported by the evidence.
3. NEI: Not enough information to make a decision.

Provide exactly one label.

##input: Claim: On using Gov. Scott Walker  s collective-bargaining limits to help balance the city of Milwaukee budget

Evidences:
Evidence_1: 1. ""Scott Walker's Collective-Bargaining Limits"" - The Hill     2. ""Milwaukee City Budget and Scott Walker's Limits"" - CNN     3. ""Scott Walker's Limits on Collective Bargaining and Milwaukee Budget"" - NBC News     4. ""Scott Walker's Collective Bargaining Limits and Milwaukee Budget"" - Fox News     5. ""Scott Walker's Collective Bargaining Limits and Milwaukee Budget: York Times   

 ##output:<end_of_turn>
<start_of_turn>model
","<bos><start_of_turn>user
You are a multilingual fact-checking expert. Classify the claim into: SUPPORTED, REFUTED, NEI.

Output format:
Claim Veracity: [label]

##Instruction: Classify the given English claim into: SUPPORTED, REFUTED, NEI.
Provide exactly one label.

##input: Claim: On using Gov. Scott Walker  s collective-bargaining limits to help balance the city of Milwaukee budget

Evidences:
Evidence_1: ###  Stand up for the facts! Our only agenda is to publish the truth so you can be an informed participant in democracy. We need your help. ###  I would like to contribute 
stated on October 26, 2011: 
On using Gov. Scott Walker’s collective-bargaining limits to help balance the city of Milwaukee budget 
When Republican Gov. Scott Walker unveiled his controversial curbs on collective bargaining, Milwaukee Mayor Tom Barrett blasted away. Milwaukee, Barrett said, could get health and pension concessions from public employees at the bargaining table without and trying to . The mayor, who ran against Walker in the 2010 election, by Senate Democrats to flee to Illinois to block a quorum on Walker’s bill. Eight months later, the Democratic mayor took advantage of a key plank in Walker’s bill to help save millions on health insurance costs and balance without having to negotiate with city unions. In the past, the city would have had to negotiate such a change. Not after Walker’s move. As the Milwaukee Common Council considers Barrett’s budget proposal, and some in labor launch barbs at him, it seems like a good time to roll out the Flip-O-Meter. First, our requisite reminder: The Flip-O-Meter measures whether a political figure has changed positions. It does not evaluate whether any move is good politics or good policy.

Evidence_2: But he made clear he believed he could have used the ""rough and tumble"" of collective bargaining with unions to get concessions similar to what Walker wanted. Impact on city budget: Barrett predicted that Milwaukee’s budget would come out a big loser due to the aid cuts in Walker’s two-year budget. He that the combination of aid cuts, rising expenses, a levy freeze and exempting public safety workers from benefit changes ""just makes our structural deficit explode."" Walker said just the opposite, and he was right: By August, city estimates showed a potential gain of at least $11 million from the two separate state budget bills. Most of the savings, the Journal Sentinel reported in August, could come from health care benefit changes that Barrett didn't have to negotiate with unions -- thanks to Walker’s changes. So we saw Barrett criticizing the bill in pretty stark terms -- inaccurately in one case. But he liked some of it, and even wanted more. Here’s where this gets interesting. Paying more: The mayor -- early and often -- said public employees would , , and the public wanted them to pay more. It’s notable that Barrett said that even before the big public unions publicly said they would if he dropped the limits on bargaining. With an eye on solving his own budget problems, Barrett said Feb. 22, 2011, that he’d support city employees paying the same higher contributions as state workers. He even for paving the way by getting a ""mandate"" in his election win for raising state pension and health contributions. And the mayor sought to push state lawmakers to go even further than Walker, who had proposed exempting public safety unions from the collective bargaining limits. He lawmakers to subject police and fire unions to the same bargaining limits as other public employee unions so the sacrifice could be shared among all workers.

Evidence_3: Barrett minced no words. He said the law enforcement retirement and health benefits were "" The mayor went further. As the standoff with AWOL Democrats continued over Walker’s bill, Barrett called Feb. 24, 2011, for an to Walker’s bill. Specifically, he said the GOP should set aside the sharp limits on union bargaining and just vote on requiring the benefits changes. As the Journal Sentinel reported, Barrett would ""impose the health care and pension changes and extend those changes to all public employees, leaving the rest of the budget-repair bill's provisions for separate debate later."" He also to require city of Milwaukee workers to pay 12 percent of their health premiums -- just as Walker was proposing for state employees and some municipal workers not in Milwaukee. Mandate the benefits changes at a specific level? That would mean having the state dictate what amount Milwaukee workers should pay. That’s a far cry from local collective bargaining and would have taken away some flexibility on letting some communities decide what to impose. Was Barrett sending out mixed signals -- criticizing excessive excessive limits on collective bargaining, while he endorsed scrapping them for health care, one of the biggest-ticket items? Barrett told us his statements were not meant to endorse limits on health care bargaining. When we asked how else his proposal would have imposed greater health contributions on local workers, he said he was only trying to goad GOP legislators and Walker into a separate vote on the limits. Enough with the words. Now let’s look at Barrett’s deeds in summer and fall of 2011, when it came time to decide whether to use the ""tools.""

Evidence_4: That’s a far cry from local collective bargaining and would have taken away some flexibility on letting some communities decide what to impose. Was Barrett sending out mixed signals -- criticizing excessive excessive limits on collective bargaining, while he endorsed scrapping them for health care, one of the biggest-ticket items? Barrett told us his statements were not meant to endorse limits on health care bargaining. When we asked how else his proposal would have imposed greater health contributions on local workers, he said he was only trying to goad GOP legislators and Walker into a separate vote on the limits. Enough with the words. Now let’s look at Barrett’s deeds in summer and fall of 2011, when it came time to decide whether to use the ""tools."" In September 2011, as he prepared his budget proposal, Barrett was free to impose more health-care cost sharing because the GOP had removed it as a mandatory subject of bargaining by the budget-repair bill. He did so, at basically the same level as the bill required for state employees (12 percent). It was a big key to balancing his budget while avoiding major cuts. He also followed through on his promise to get the police and fire unions -- with whom he still has to bargain -- to agree or to consider paying more towards health insurance. He also offered them a wage increase for 2012. Police supervisors and firefighters ratified the deal; rejected it. Barrett shied away from crediting Walker, citing the city’s past success getting employee unions to agree to pay more. This sequence of events rubbed the city’s biggest labor union the wrong way.

Evidence_5: In the past, the city would have had to negotiate such a change. Not after Walker’s move. As the Milwaukee Common Council considers Barrett’s budget proposal, and some in labor launch barbs at him, it seems like a good time to roll out the Flip-O-Meter. First, our requisite reminder: The Flip-O-Meter measures whether a political figure has changed positions. It does not evaluate whether any move is good politics or good policy. Some will see a change as being open to new ideas, others as political pandering. Now, a brief history lesson: On Feb. 11, 2011, Walker introduced what became Act 10, the historic budget-repair bill that required state employees to pay more for health insurance and pensions, as part of his move to take away most collective bargaining rights from most public workers. Protesters flocked to Madison and occupied the Capitol rotunda for weeks. The bill also extended the state-employee benefit cuts to local municipalities and schools by taking health and pension out of bargaining for most unions at the local level as well. The law requires local communities whose employees are in the state health plan for local governments to move to start charging employees 12 percent toward health care premiums. Milwaukee is not in that plan, so it was free to set whatever level of cost sharing it wanted.

##output:<end_of_turn>
<start_of_turn>model
",supported,nei,
"Оперативный штаб Краснодарского края, громкий звук, похожий на взрыв, жители Краснодара, ночью 15 июня, выходом самолета на сверхзвуковую скорость.","<bos><start_of_turn>user
You are a multilingual fact-checking expert. You are given a news claim along with raw evidence related to the claim. Do not consider any other evidence. Your task is to evaluate the veracity of the claim based solely on the provided raw evidence.

 Output your answer in exactly the following format:
 Claim Veracity: [label]

 Answer with one word: SUPPORTED, REFUTED, NEI

##Instruction: Classify the given Russian claim into one of the three categories (SUPPORTED, REFUTED, NEI) based on the provided evidence.

1. SUPPORTED: Fully supported by the evidence.
2. REFUTED: Clearly contradicted or unsupported by the evidence.
3. NEI: Not enough information to make a decision.

Provide exactly one label.

##input: Claim: Оперативный штаб Краснодарского края, громкий звук, похожий на взрыв, жители Краснодара, ночью 15 июня, выходом самолета на сверхзвуковую скорость.

Evidences:
Evidence_1: [1]: ""Оперштаб Кубани: взрыва ночью в Краснодаре связан с переходом ..."" [2]: ""Похожий на взрыв звук, испугавший жителей Краснодара, оказался ..."" [3]: ""Оперштаб Кубани объяснил причину громкого звука, напугавшего жителей ..."" [4]: ""В оперштабе Краснодара объяснили похожие на взрыв громкие звуки""  Добрый день! Ночью 15 июня жители Краснодара услышали громкий звук, похожий на взрыв. В оперативном штабе Краснодарского края заявили, что он связан с преодолением самолетом звукового барьера. По данным оперативного штаба Кубани, шум был связан с переходом самолета на гиперзвуковую скорость[^1^][1] [^2^][3].   Вот пять новостей на эту тему: 1. [Оперштаб Кубани: взрыва ночью в Краснодаре связан с переходом самолета на сверхзвук](https://bing.com/search?q=%d0%9e%d0%bf%d0%b5%d1%80%d0%b0%d1%82%d0%b8%d0%b2%d0%bd%d1%8b%d0%b9+%d1%88%d1%82%d0%b0%d0%b1+%d0%9a%d1%80%d0%b0%d1%81%d0%bd%d0%be%d0%b4%d0%b0%d1%80%d1%81%d0%ba%d0%be%d0%b3%d0%be+%d0%ba%d1%80%d0%b0%d1%8f%2c+%d0%b3%d1%80%d0%be%d0%bc%d0%ba%d0%b8%d0%b9+%d0%b7%d0%b2%d1%83%d0%ba%2c+%d0%bf%d0%be%d1%85%d0%be%d0%b6%d0%B8%D0%B9+%D0%B2%D1%8B%D1%80%D1%8B%D0%B2&qs=n&form=QBRE&sp=-1&pq=%D0%B3%D1&sc=8-2&sk=&cvid=6C7A4F5E6F5C4A7E9B6F7C5E5C7A4F5E) - Оперштаб Кубани объяснил причину громкого звука, напугавшего жителей Краснодара. 2. [В оперштабе Краснодара объяснили похожие на взрыв громкие звуки](https://lenta.ru/news/2023/06/15/krasnodar_oper/) - В оперштабе Краснодара объяснили похожие на взрыв громкие звуки. 3. [Жители Краснодара услышали громкий звук, похожий на взрыв](https://www.mk.ru/incident/2023/06/15/zhiteli-krasnodara-uslyshali-gromkiy-zvuk-pohozhiy-na-vzryv.html) - Жители Краснодара услышали громкий звук, похожий на взрыв. 4. [В Краснодаре жители услышали громкий звук, напоминающий взрыв](https://www.interfax.ru/russia/846654) - В Краснодаре жители услышали громкий звук, напоминающий взрыв. 5. [В Кубани объяснили громки 

 ##output:<end_of_turn>
<start_of_turn>model
","<bos><start_of_turn>user
You are a multilingual fact-checking expert. Classify the claim into: SUPPORTED, REFUTED, NEI.

Output format:
Claim Veracity: [label]

##Instruction: Classify the given Russian claim into: SUPPORTED, REFUTED, NEI.
Provide exactly one label.

##input: Claim: Оперативный штаб Краснодарского края, громкий звук, похожий на взрыв, жители Краснодара, ночью 15 июня, выходом самолета на сверхзвуковую скорость.

Evidences:
Evidence_1: # В оперштабе Краснодара объяснили похожие на взрыв громкие звуки
В оперштабе Краснодара объяснили громкие звуки выходом самолета на сверхзвуковую скорость
 (Редактор отдела «Интернет и СМИ») 
Фото: Quatrox Production / Shutterstock / Fotodom
Оперативный штаб в своем -канале объяснил громкий звук, похожий на взрыв, который услышали жители ночью 15 июня. По информации оперштаба, он был связан с выходом самолета на сверхзвуковую скорость. Украинский -канал опубликовал пост, в котором утверждается, что ночью 15 июня в Краснодаре раздались мощные звуки, предположительно в результате взрыва беспилотников. «Громкий звук (похожий на взрыв), который услышали жители Краснодара ночью 15 июня, связан с преодолением самолетом звукового барьера», — говорится в сообщении. В операштабе отметили, что по информации Единой дежурной диспетчерской службы (ЕДДС), а также оперативных служб, в Краснодаре и близлежащих районах не зафиксировано сведений о вспышках, разрушениях или каких-либо посторонних аппаратах. Там также уточнили, что пожар около поселка Плодородный произошел из-за возгорания мусора, он не связан с услышанным местными жителями звуком и оперативно потушен. Информация о том, что жители Краснодара услышали громкий звук, похожий на взрыв от беспилотников, широко распространилась в СМИ и социальный сетях. В частности, сообщения о возможном взрыве в городе опубликовали , , , . Позже ряд СМИ, в частности , , опубликовали заявление оперштаба Краснодара о том, что громкий звук, раздавшийся ночью в городе, был связан с выходом самолета на сверхзвуковую скорость. _Материал подготовлен при участии ресурса по борьбе с фейками «Лапша Медиа»_
### Стало известно о жертвах ночной атаки беспилотников ВСУ под Москвой ### На Украине попросили западные сервисы убрать контент на русском из рекомендаций ### Российские подростки отделались штрафом за избиение полицейских ### На Украине предрекли закрытие сотен ресторанов ### Силуанов объяснил снижение порога для уплаты НДС в шесть раз ### Задержан бывший вице-губернатор российского региона ### Победивший рак популярный комик призвал сдать один анализ ### Футболист «Балтики» обвинил судью матча с ЦСКА в предвзятости ### Дочь Синди Кроуфорд снялась топлес ### В США задались вопросом «Почему Россия больше не может производить самолеты?» 
Добро пожаловать в реальный мир.

Evidence_2: В операштабе отметили, что по информации Единой дежурной диспетчерской службы (ЕДДС), а также оперативных служб, в Краснодаре и близлежащих районах не зафиксировано сведений о вспышках, разрушениях или каких-либо посторонних аппаратах. Там также уточнили, что пожар около поселка Плодородный произошел из-за возгорания мусора, он не связан с услышанным местными жителями звуком и оперативно потушен. Информация о том, что жители Краснодара услышали громкий звук, похожий на взрыв от беспилотников, широко распространилась в СМИ и социальный сетях. В частности, сообщения о возможном взрыве в городе опубликовали , , , . Позже ряд СМИ, в частности , , опубликовали заявление оперштаба Краснодара о том, что громкий звук, раздавшийся ночью в городе, был связан с выходом самолета на сверхзвуковую скорость. _Материал подготовлен при участии ресурса по борьбе с фейками «Лапша Медиа»_
### Стало известно о жертвах ночной атаки беспилотников ВСУ под Москвой ### На Украине попросили западные сервисы убрать контент на русском из рекомендаций ### Российские подростки отделались штрафом за избиение полицейских ### На Украине предрекли закрытие сотен ресторанов ### Силуанов объяснил снижение порога для уплаты НДС в шесть раз ### Задержан бывший вице-губернатор российского региона ### Победивший рак популярный комик призвал сдать один анализ ### Футболист «Балтики» обвинил судью матча с ЦСКА в предвзятости ### Дочь Синди Кроуфорд снялась топлес ### В США задались вопросом «Почему Россия больше не может производить самолеты?» 
Добро пожаловать в реальный мир. ### Сыграйте в любимую игру прямо на Ленте.ру
В приступе ностальгии по бумажным газетам с непременным кроссвордом на последней странице мы подумали: а почему бы и на «Ленте.ру» не сделать раздел с играми? И сделали! * #### Секреты Замка - три в ряд
  * #### Ball Sort Puzzle - Color Sort
  * #### Words of Wonders - Слова Чудес


Все пожелания и отзывы, как обычно, присылайте на

##output:<end_of_turn>
<start_of_turn>model
",refuted,supported,
泽连斯基与法、土总统分别通话 佩斯科夫说俄西关系将长期处于对抗状态,"<bos><start_of_turn>user
You are a multilingual fact-checking expert. You are given a news claim along with raw evidence related to the claim. Do not consider any other evidence. Your task is to evaluate the veracity of the claim based solely on the provided raw evidence.

 Output your answer in exactly the following format:
 Claim Veracity: [label]

 Answer with one word: SUPPORTED, REFUTED, NEI

##Instruction: Classify the given Chinese claim into one of the three categories (SUPPORTED, REFUTED, NEI) based on the provided evidence.

1. SUPPORTED: Fully supported by the evidence.
2. REFUTED: Clearly contradicted or unsupported by the evidence.
3. NEI: Not enough information to make a decision.

Provide exactly one label.

##input: Claim: 泽连斯基与法、土总统分别通话 佩斯科夫说俄西关系将长期处于对抗状态

Evidences:
Evidence_1: [1]: ""International Monetary Fund - Live - IMF""[2]: ""Central Bank Digital Currency Tracker - Atlantic Council""[3]: ""SHANGHAI SK TOWER""[4]: ""弗拉基米尔·泽连斯基 - 维基百科，自由的百科全书""[5]: ""乌战：泽连斯基说中国立场模棱两可 与习近平说话有点难""[6]: ""现任乌克兰总统泽连斯基上任以来表现如何？ - 知乎""您好，这是必应。我找到了以下五条相关消息：- 泽连斯基与马克龙通话，讨论了乌克兰东部局势和明斯克协议的执行，以及法国在欧盟和北约中的支持[^1^][4]。- 泽连斯基与埃尔多安通话，感谢土耳其对乌克兰主权和领土完整的支持，以及在黑海地区维护和平与稳定的作用[^1^][4]。- 佩斯科夫说俄罗斯与西方国家的关系将长期处于对抗状态，因为西方不愿意尊重俄罗斯的利益和主权[^2^][5]。- 法国总统马克龙指俄罗斯正在成为中国的附庸，呼吁欧洲加强自身的防务能力和战略自主[^3^][6]。- 泽连斯基说中国在乌克兰问题上的立场模棱两可，与习近平说话有点难，希望中国能够更积极地支持乌克兰的主权和领土完整。您还想了解什么？😊 

 ##output:<end_of_turn>
<start_of_turn>model
","<bos><start_of_turn>user
You are a multilingual fact-checking expert. Classify the claim into: SUPPORTED, REFUTED, NEI.

Output format:
Claim Veracity: [label]

##Instruction: Classify the given Chinese claim into: SUPPORTED, REFUTED, NEI.
Provide exactly one label.

##input: Claim: 泽连斯基与法、土总统分别通话 佩斯科夫说俄西关系将长期处于对抗状态

Evidences:
Evidence_1: * 

人 民 网 版 权 所 有 ，未 经 书 面 授 权 禁 止 使 用 Copyright © 1997-2022 by www.people.com.cn. all rights reserved

##output:<end_of_turn>
<start_of_turn>model
",nei,supported,
普京：“不友好”国家和地区购俄天然气须用卢布结算,"<bos><start_of_turn>user
You are a multilingual fact-checking expert. You are given a news claim along with raw evidence related to the claim. Do not consider any other evidence. Your task is to evaluate the veracity of the claim based solely on the provided raw evidence.

 Output your answer in exactly the following format:
 Claim Veracity: [label]

 Answer with one word: SUPPORTED, REFUTED, NEI

##Instruction: Classify the given Chinese claim into one of the three categories (SUPPORTED, REFUTED, NEI) based on the provided evidence.

1. SUPPORTED: Fully supported by the evidence.
2. REFUTED: Clearly contradicted or unsupported by the evidence.
3. NEI: Not enough information to make a decision.

Provide exactly one label.

##input: Claim: 普京：“不友好”国家和地区购俄天然气须用卢布结算

Evidences:
Evidence_1: [1]: ""普京：“不友好”国家和地区购俄天然气须用卢布结算-新华网""[2]: ""普京：“不友好”国家和地区购俄天然气须用卢布结算_新闻频道_央视网(cctv.com)""[3]: ""俄罗斯将48个国家和地区列入不友好名单 - 观察者网""你好，这是必应。根据你的搜索请求，我找到了以下五条相关消息：1. 新华网报道，俄罗斯总统普京23日宣布，俄方向欧盟成员国等“不友好”国家和地区供应天然气时将改用卢布结算。此举触发欧洲地区能源危机可能加剧的担忧，欧洲天然气价格应声上涨[^1^][1]。2. 央视网报道，普京说，俄方将在最短时间内实施综合措施，首先是向对俄“不友好”国家和地区供应天然气时改用卢布结算。他说，俄罗斯政府和中央银行应在一周内制定相关方案[^2^][2]。3. 观察者网报道，俄罗斯外交部3日发布了一份包含48个国家和地区的不友好名单，其中包括美国、英国、法国、德国、日本等西方主要国家。这些国家和地区将受到俄罗斯的限制措施，包括禁止雇佣俄罗斯公民和第三国公民[^3^][3]。4. 人民网报道，普京在宣布改用卢布结算的同时，也表示俄罗斯将继续按照先前所签合同规定的数量和价格供应天然气，并没有违反任何义务。他说，这是为了保护俄罗斯的利益和主权。5. 环球时报报道，普京的决定引发了欧洲各国的不满和担忧。欧盟委员会主席冯德莱恩表示，欧盟将采取一切必要措施来保护欧洲市场的稳定和安全。她说，欧盟将与其他能源供应商合作，寻找替代方案。你对这些消息有什么看法？你想了解更多关于哪个话题？ 

 ##output:<end_of_turn>
<start_of_turn>model
","<bos><start_of_turn>user
You are a multilingual fact-checking expert. Classify the claim into: SUPPORTED, REFUTED, NEI.

Output format:
Claim Veracity: [label]

##Instruction: Classify the given Chinese claim into: SUPPORTED, REFUTED, NEI.
Provide exactly one label.

##input: Claim: 普京：“不友好”国家和地区购俄天然气须用卢布结算

Evidences:


##output:<end_of_turn>
<start_of_turn>model
",supported,refuted,
乌克兰总统要求俄罗斯把亚洲土地还给亚洲人,"<bos><start_of_turn>user
You are a multilingual fact-checking expert. You are given a news claim along with raw evidence related to the claim. Do not consider any other evidence. Your task is to evaluate the veracity of the claim based solely on the provided raw evidence.

 Output your answer in exactly the following format:
 Claim Veracity: [label]

 Answer with one word: SUPPORTED, REFUTED, NEI

##Instruction: Classify the given Chinese claim into one of the three categories (SUPPORTED, REFUTED, NEI) based on the provided evidence.

1. SUPPORTED: Fully supported by the evidence.
2. REFUTED: Clearly contradicted or unsupported by the evidence.
3. NEI: Not enough information to make a decision.

Provide exactly one label.

##input: Claim:  乌克兰总统要求俄罗斯把亚洲土地还给亚洲人

Evidences:
Evidence_1: [1]: ""Ukraine in maps: the war with Russia - BBC News"" [2]: ""Home - BBC News"" [3]: ""The latest news as Russian president Vladimir Putin could soon decide ...""  乌克兰总统泽连斯基在2022年12月13日的一次新闻发布会上表示，俄罗斯应该把亚洲土地还给亚洲人[^1^][1]。这是在乌克兰与俄罗斯之间的紧张关系升级之后，泽连斯基发表的言论。目前，乌克兰和俄罗斯之间的关系非常紧张，自2014年以来，乌克兰一直在与俄罗斯进行冲突[^2^][2]。  以下是五篇相关新闻的详细内容和来源：  1. 《BBC》：[乌克兰在地图上：追踪与俄罗斯的战争] 。文章介绍了乌克兰与俄罗斯之间的战争，并提供了最新的发展情况。 2. 《BBC》：[主页 - BBC新闻] 。BBC新闻提供了最新的全球和英国新闻，以及本地和区域性的视角。 3. 《美国今日》：[乌克兰-俄罗斯边境危机：普京可能很快做出决定] 。文章介绍了普京和边境冲突的最新情况。  希望这些信息能够帮到您。 

 ##output:<end_of_turn>
<start_of_turn>model
","<bos><start_of_turn>user
You are a multilingual fact-checking expert. Classify the claim into: SUPPORTED, REFUTED, NEI.

Output format:
Claim Veracity: [label]

##Instruction: Classify the given Chinese claim into: SUPPORTED, REFUTED, NEI.
Provide exactly one label.

##input: Claim:  乌克兰总统要求俄罗斯把亚洲土地还给亚洲人

Evidences:


##output:<end_of_turn>
<start_of_turn>model
",nei,refuted,
安理会任何行动都要真正有利于化解乌克兰危机,"<bos><start_of_turn>user
You are a multilingual fact-checking expert. You are given a news claim along with raw evidence related to the claim. Do not consider any other evidence. Your task is to evaluate the veracity of the claim based solely on the provided raw evidence.

 Output your answer in exactly the following format:
 Claim Veracity: [label]

 Answer with one word: SUPPORTED, REFUTED, NEI

##Instruction: Classify the given Chinese claim into one of the three categories (SUPPORTED, REFUTED, NEI) based on the provided evidence.

1. SUPPORTED: Fully supported by the evidence.
2. REFUTED: Clearly contradicted or unsupported by the evidence.
3. NEI: Not enough information to make a decision.

Provide exactly one label.

##input: Claim: 安理会任何行动都要真正有利于化解乌克兰危机

Evidences:
Evidence_1: [1]: ""自俄乌冲突以来 安理会首次一致通过关于乌克兰的声明_凤凰网""[2]: ""安理会就乌克兰局势举行紧急会议 | | 1联合国新闻""[3]: ""详讯：联合国安理会未通过关于乌克兰局势的决议草案_新闻频道_央视网(cctv.com)""您好，这是必应。我没有找到与您的查询“安理会任何行动都要真正有利于化解乌克兰危机”完全匹配的新闻。但是，我找到了一些与安理会和乌克兰危机相关的新闻，也许您会感兴趣。以下是三条相关新闻的标题和摘要：- 自俄乌冲突以来 安理会首次一致通过关于乌克兰的声明[^1^][1]：据俄新社报道，自俄罗斯联邦展开特别军事行动以来，联合国安理会第一次一致通过了关于乌克兰的声明。美国常驻联合国代表托马斯-格林菲尔德（Thomas-Greenfield）在会后表示，这一声明是“一个重要的信号”，表明安理会成员对乌克兰主权和领土完整的支持。- 安理会就乌克兰局势举行紧急会议[^2^][2]：联合国安理会今晚就乌克兰问题举行紧急会议。主管政治和建设和平事务的副秘书长迪卡洛（Rosemary DiCarlo）“怀着极大的关切和悲痛”通报了乌克兰境内和周边地区正在发生的危险局势。迪卡洛表示，秘书长古特雷斯在今天的声明中呼吁所有各方保持最大限度的克制，并避免任何可能导致事态进一步恶化的行动。- 详讯：联合国安理会未通过关于乌克兰局势的决议草案[^3^][3]：联合国安理会25日未通过一项关于乌克兰局势的决议草案。联合国秘书长古特雷斯随后表示，联合国不会放弃寻找解决乌克兰危机的办法。这一草案由美国和欧盟成员国提出，呼吁俄罗斯停止对乌克兰的军事威胁，并遵守明斯克协议。但是，俄罗斯否决了这一草案。以上是我找到的相关新闻，请问您还有什么问题吗？😊 

 ##output:<end_of_turn>
<start_of_turn>model
","<bos><start_of_turn>user
You are a multilingual fact-checking expert. Classify the claim into: SUPPORTED, REFUTED, NEI.

Output format:
Claim Veracity: [label]

##Instruction: Classify the given Chinese claim into: SUPPORTED, REFUTED, NEI.
Provide exactly one label.

##input: Claim: 安理会任何行动都要真正有利于化解乌克兰危机

Evidences:
Evidence_1: * 

《 人民日报 》（ 2022年02月27日 03 版）
人 民 网 版 权 所 有 ，未 经 书 面 授 权 禁 止 使 用 Copyright © 1997-2022 by www.people.com.cn. all rights reserved

##output:<end_of_turn>
<start_of_turn>model
",supported,nei,
俄方导弹击中北约地下指挥中心致40名高级军官丧生,"<bos><start_of_turn>user
You are a multilingual fact-checking expert. You are given a news claim along with raw evidence related to the claim. Do not consider any other evidence. Your task is to evaluate the veracity of the claim based solely on the provided raw evidence.

 Output your answer in exactly the following format:
 Claim Veracity: [label]

 Answer with one word: SUPPORTED, REFUTED, NEI

##Instruction: Classify the given Chinese claim into one of the three categories (SUPPORTED, REFUTED, NEI) based on the provided evidence.

1. SUPPORTED: Fully supported by the evidence.
2. REFUTED: Clearly contradicted or unsupported by the evidence.
3. NEI: Not enough information to make a decision.

Provide exactly one label.

##input: Claim:  俄方导弹击中北约地下指挥中心致40名高级军官丧生

Evidences:
Evidence_1: 1. 消息来源：俄罗斯卫星通讯社（Russian Satellite News Agency，简称RNS）    内容：据RNS报道，俄罗斯一枚导弹袭击了北约地下指挥中心，造成40名高级军官丧生。  2. 消息来源：英国广播公司（BBC）    内容：BBC报道称，俄罗斯一枚导弹袭击了北约地下指挥中心，导致40名高级军官丧生。  3. 消息来源：美国有线电视新闻网（CNN）    内容：CNN报道称，俄罗斯一枚导弹袭击了北约地下指挥中心，造成40名高级军官丧生。   

 ##output:<end_of_turn>
<start_of_turn>model
","<bos><start_of_turn>user
You are a multilingual fact-checking expert. Classify the claim into: SUPPORTED, REFUTED, NEI.

Output format:
Claim Veracity: [label]

##Instruction: Classify the given Chinese claim into: SUPPORTED, REFUTED, NEI.
Provide exactly one label.

##input: Claim:  俄方导弹击中北约地下指挥中心致40名高级军官丧生

Evidences:


##output:<end_of_turn>
<start_of_turn>model
",nei,refuted,
"Сербія, всупереч повідомленням з РФ, не евакуює посольство: поїхали з Києва ще в березні","<bos><start_of_turn>user
You are a multilingual fact-checking expert. You are given a news claim along with raw evidence related to the claim. Do not consider any other evidence. Your task is to evaluate the veracity of the claim based solely on the provided raw evidence.

 Output your answer in exactly the following format:
 Claim Veracity: [label]

 Answer with one word: SUPPORTED, REFUTED, NEI

##Instruction: Classify the given Ukrainian claim into one of the three categories (SUPPORTED, REFUTED, NEI) based on the provided evidence.

1. SUPPORTED: Fully supported by the evidence.
2. REFUTED: Clearly contradicted or unsupported by the evidence.
3. NEI: Not enough information to make a decision.

Provide exactly one label.

##input: Claim: Сербія, всупереч повідомленням з РФ, не евакуює посольство: поїхали з Києва ще в березні

Evidences:
Evidence_1: Сербія, всупереч повідомленням з РФ, не евакуює посольство: поїхали з Києва ще в березні ПРАПОР СЕРБІЇ, ФОТО PIXABAY 

 ##output:<end_of_turn>
<start_of_turn>model
","<bos><start_of_turn>user
You are a multilingual fact-checking expert. Classify the claim into: SUPPORTED, REFUTED, NEI.

Output format:
Claim Veracity: [label]

##Instruction: Classify the given Ukrainian claim into: SUPPORTED, REFUTED, NEI.
Provide exactly one label.

##input: Claim: Сербія, всупереч повідомленням з РФ, не евакуює посольство: поїхали з Києва ще в березні

Evidences:
Evidence_1: Однак, як уточнив у коментарі ""Європейській правді"" речник МЗС України Олег Ніколенко, **насправді закриття сербського посольства відбулося відразу після повномасштабного вторгнення РФ**. ""Співробітники посольства Сербії виїхали із України на початку березня. Відтоді сербські дипломати продовжують працювати з Белграда"", - заявив Ніколенко. Seek to live, currently behind live
  * , opens subtitles settings dialog


This is a modal window. Beginning of dialog window. Escape will cancel and close the window. Reset restore all settings to the default values
Не виключено, що новина про закриття посольства Сербії була запущена у інформаційний простір свідомо, для створення враження про посилення загроз для Києва. Нагадаємо, що раніше про плани евакуації частини співробітників свого посольства у Києві заявив Казахстан. Щоправда, там заявляли, що посольство продовжить свою роботу. Шановні читачі, просимо дотримуватись 
 Віруюча Оліслагерс, рекордсменка Великої Британії та дочка зірки НФЛ: чим відомі суперниці Магучіх і Левченко 
 Прем’єр Хорватії вважає, що Сербія перебуває на межі громадянської війни 
 У Белграді пройшов багатотисячний протест з вимогою дострокових виборів 
 Костюк перемогла білоруску і вийшла в 1/8 фіналу престижного турніру в Пекіні 
 У Румунії сталась велика пожежа в готелі, ймовірно, є загиблі 
 Американська кров пролита на українській землі. Як донька Кіта Келлога Меган Моббс повертає імена загиблим в Україні 
 Росіяни вночі атакували 32-ма дронами, є влучання у 8 локаціях: атака триває 
 Нафта відреагувала на збільшення експорту з Курдистану і плани видобутку ОПЕК 
 Глава Євроради переконує ЄС розблокувати процес вступу України в обхід Угорщини – ЗМІ 
 2 загиблих і 20 поранених унаслідок російських атак у чотирьох областях України 
 В ЄС зросла кількість придбаних нових авто: найпопулярніші моделі серпня

Evidence_2: Низка російських, а згодом і українських ЗМІ поширили хибну інформацію про тимчасове закриття посольства Сербії в Україні. Як повідомляє """", першими така інформація з'явилася на російських сайтах, зокрема , та на сайті телеканалу . Зазначимо, що названі видання є підконтрольними російській владі та системно використовуються в інформаційних спецопераціях. ""Посольство Сербії сьогодні було тимчасово закрите. З України виїхало троє дипломатів та ще один співробітник посольства, вони безпечно евакуювалися"",- пише EADaily, стверджуючи, що цитує повідомлення сербського МЗС. Варто зауважити що сьогодні, 16 жовтня, Белград не поширював такої заяви. Також усі видання посилаються на повідомлення з сайту посольства Сербії в Україні. Там дійсно оприлюднено інформацію про тимчасове закриття посольства та перенесення роботи до Белграда, без зазначення дати публікації. Однак, як уточнив у коментарі ""Європейській правді"" речник МЗС України Олег Ніколенко, **насправді закриття сербського посольства відбулося відразу після повномасштабного вторгнення РФ**. ""Співробітники посольства Сербії виїхали із України на початку березня. Відтоді сербські дипломати продовжують працювати з Белграда"", - заявив Ніколенко. Seek to live, currently behind live
  * , opens subtitles settings dialog


This is a modal window.

##output:<end_of_turn>
<start_of_turn>model
",supported,refuted,
"Says Hillary Clinton campaign chairman John Podesta  s email password was ""password.","<bos><start_of_turn>user
You are a multilingual fact-checking expert. You are given a news claim along with raw evidence related to the claim. Do not consider any other evidence. Your task is to evaluate the veracity of the claim based solely on the provided raw evidence.

 Output your answer in exactly the following format:
 Claim Veracity: [label]

 Answer with one word: SUPPORTED, REFUTED, NEI

##Instruction: Classify the given English claim into one of the three categories (SUPPORTED, REFUTED, NEI) based on the provided evidence.

1. SUPPORTED: Fully supported by the evidence.
2. REFUTED: Clearly contradicted or unsupported by the evidence.
3. NEI: Not enough information to make a decision.

Provide exactly one label.

##input: Claim: Says Hillary Clinton campaign chairman John Podesta  s email password was ""password.""

Evidences:
Evidence_1: 1. ""Hillary Clinton campaign chairman John Podesta's email password was 'password.'"" - This news article discusses the revelation that John Podesta, the chairman of Hillary Clinton's presidential campaign, had a simple password for his email account. The source for this article is not specified.  Content: revelation that John Podesta, the chairman of Hillary Clinton's presidential campaign, had a simple password for his email account. The article does not provide any additional information about the specific details or scope of the incident.    2. ""Hillary Clinton campaign chairman John Podesta's email password was 'password.'"" - This news article discusses the revelation that John Podesta, the chairman of Hillary Clinton's presidential campaign, had a simple password for his email account. The source for this article is not specified.  Content: revelation that John Podesta, the chairman of Hillary Clinton's presidential campaign, had a simple password for his email account. The article does not provide any additional information about the specific details or scope of the incident.    3. ""Hillary Clinton campaign chairman John Podesta's email password was 'password.'"" - This news article discusses the revelation that John Podesta, the chairman of Hillary Clinton's presidential campaign, had a simple password for his email account. The source for this article is not specified.  Content: revelation that John Podesta, the chairman of Hillary Clinton's presidential campaign, had a simple password for his email account. The article does not provide any additional information about the specific details or scope of the incident.    4. ""Hillary Clinton campaign chairman John Podesta's email password was 'password.'"" - This news article discusses the revelation that John Podesta, the chairman of Hillary Clinton's presidential campaign, had a simple password for his email account. The source for this article is not specified.  Content: revelation that John Podesta, the chairman of Hillary Clinton's presidential campaign, had a simple password for his email account. The article does not provide any additional information about the specific details or scope of the incident.    5. ""Hillary Clinton campaign chairman John Podesta's email password was 'password.'"" - This news article discusses the revelation that John Podesta, the chairman of Hillary Clinton's presidential campaign, had a simple password for his email account. The source for this article is not specified.  Content: revelation that John Podesta, the chairman of Hillary Clinton's presidential campaign, had a simple password for his email account. The article does not provide any additional information about the specific details or scope of the incident. 

 ##output:<end_of_turn>
<start_of_turn>model
","<bos><start_of_turn>user
You are a multilingual fact-checking expert. Classify the claim into: SUPPORTED, REFUTED, NEI.

Output format:
Claim Veracity: [label]

##Instruction: Classify the given English claim into: SUPPORTED, REFUTED, NEI.
Provide exactly one label.

##input: Claim: Says Hillary Clinton campaign chairman John Podesta  s email password was ""password.""

Evidences:
Evidence_1: ###  Stand up for the facts! Our only agenda is to publish the truth so you can be an informed participant in democracy. We need your help. ###  I would like to contribute 
stated on January 8, 2017 in an interview: 
Says Hillary Clinton campaign chairman John Podesta’s email password was ""password."" John Podesta, chairman of Hillary Clinton's 2016 presidential campaign, accompanied Clinton on a trip to Milwaukee for a debate she had with fellow Democratic presidential candidate Bernie Sanders on Feb. 11, 2016. (Milwaukee Journal Sentinel/Rick Wood) 
The first question posed to on the Jan. 8, 2017 of CBS’ ""Face the Nation"" was on what President-elect believes about Russian efforts to meddle in the presidential election. Priebus, the Wisconsinite who is chairman of the and Trump’s pick for White House chief of staff, responded with a catchy claim. The reference was to the unauthorized release of thousands of emails of , an Illinoisan who was chairman of the campaign of the Democratic nominee, . ""The reason this particular hack was so large wasn’t necessarily because the effort was so great by the Russians. It was that it was so easy,"" he said. ""I mean, John Podesta’s password into his system -- do you know what his password was? ."" Priebus didn’t offer any evidence to host John Dickerson and we didn’t hear back from Trump’s transition team or the Republican National Committee on our requests for information to back Priebus’ claim. ### Sign up for PolitiFact texts
But there doesn’t appear to be any evidence to support what he said.

Evidence_2: → None of the emails published on WikiLeaks show Podesta’s email password. → Among the cyber analysts examining the phishing emails used to infiltrate Podesta’s and others’ accounts, none have made similar claims. → Podesta was using a Gmail account, and Google doesn’t allow users to make their passwords . Repeating a claim that originated with WikiLeaks’ Julian Assange, Priebus said the email password of Podesta, Clinton’s presidential campaign chairman, was . His claim is catchy, but we’ve seen no material evidence to back it. Says Hillary Clinton campaign chairman John Podesta’s email password was ""password."" The Principles of the Truth-O-Meter 
CBS News, ""Face the Nation"" Reince Priebus (2:00), Jan. 8, 2017
PunditFact, ""Claim that John Podesta's email password was 'password' lacks evidence,"" Jan. 6, 2017
PolitiFact National, ""It's True: WikiLeaks dumped Podesta emails hour after Trump video surfaced,"" Dec. 18, 2016
PolitiFact National, ""10 misleading Trump attack lines from the WikiLeaks email dump,"" Oct. 17, 2016
The Week, ""No, Clinton aide John Podesta was not hacked because he used 'password' as his email password,"" Jan. 5, 2017
Vox, ""How John Podesta’s email got hacked, and how to not let it happen to you,"" Oct. 28, 2016
New York Times, ""The Perfect Weapon: How Russian Cyberpower Invaded the U.S.,"" Dec. 13, 2016 
stated on July 19, 2023 in an Instagram post: 
 A wind turbine must “spin continually for over four years just to replace the energy it took to manufacture it.” 
stated on July 15, 2023 in un video en TikTok: 
 ""Biden elimina ‘tráfico sexual de menores’ como una de las prioridades del Departamento de Justicia de su gobierno”. stated on July 17, 2023 in an Instagram post: 
 ""Florida to ban mRNA vaccines as credible evidence of biological weapons."" stated on August 26, 2023 in a Facebook post: 
 Video suggests Canada wildfires were deliberately set to advance “smart cities” push. stated on August 26, 2023 in a video: 
 Women vaccinated against COVID-19 face ""unknown side effects that could perpetually go down through the lineage"" to their children. stated on August 25, 2023 in a Facebook post: 
 As of Aug. 25, ""Luis Rubiales has resigned as the president of the Spanish Football Federation."" stated on August 24, 2023 in an Instagram post: 
 The World Health Organization said there is ""a possible causal relationship"" between COVID-19 vaccines and multiple sclerosis. stated on August 9, 2023 in a Facebook post: 
 Video shows military planes over Nashville ""dispersing materials into the atmosphere"" for geoengineering.

Evidence_3: Here’s how the New York Times on what happened to Podesta:
Russian hackers sent a ""phishing"" email -- which aims to get the recipient to click on a deceptive link that gives hackers access to their information -- to Podesta’s personal Google mail account in March 2016. The email said Podesta needed to change his password immediately in order to protect his account. Podesta correctly perceived that the email might be a hoax and sought advice from other campaign staffers. In a response, one campaign staffer meant to tell Podesta that the email was illegitimate, but wrote legitimate -- prompting Podesta to change his password. ""With another click,"" as the Times put it, ""a decade of emails that Mr. Podesta maintained in his Gmail account — a total of about 60,000 — were unlocked for the Russian hackers."" The trove amounted to what The Guardian ""an unprecedented window into a presidential run."" Trump used the emails as fodder for attacks on Clinton -- a number of which PolitiFact National to need context or misinterpreted what the emails actually showed. Podesta would later say that WikiLeaks began publishing his emails about an hour after the October 2016 release of an ""Access Hollywood"" tape that showed Trump making lewd comments about women during a 2005 interview. His claim by PolitiFact National. stated on August 18, 2025 in a Truth Social post 
 “We are now the only country in the world that uses mail-in voting.” 
Two days before the Priebus interview, our partners at PunditFact a claim by . He has a ""Watters World"" a segment that appears on Fox News Channel’s ""The O’Reilly Factor,"" which is hosted by conservative talk show host . Watters’ claim was essentially the same as Priebus'. He said Podesta’s email password was , a claim that originated with WikiLeaks’ Julian Assange.

Evidence_4: The reference was to the unauthorized release of thousands of emails of , an Illinoisan who was chairman of the campaign of the Democratic nominee, . ""The reason this particular hack was so large wasn’t necessarily because the effort was so great by the Russians. It was that it was so easy,"" he said. ""I mean, John Podesta’s password into his system -- do you know what his password was? ."" Priebus didn’t offer any evidence to host John Dickerson and we didn’t hear back from Trump’s transition team or the Republican National Committee on our requests for information to back Priebus’ claim. ### Sign up for PolitiFact texts
But there doesn’t appear to be any evidence to support what he said. Here’s how the New York Times on what happened to Podesta:
Russian hackers sent a ""phishing"" email -- which aims to get the recipient to click on a deceptive link that gives hackers access to their information -- to Podesta’s personal Google mail account in March 2016. The email said Podesta needed to change his password immediately in order to protect his account. Podesta correctly perceived that the email might be a hoax and sought advice from other campaign staffers. In a response, one campaign staffer meant to tell Podesta that the email was illegitimate, but wrote legitimate -- prompting Podesta to change his password. ""With another click,"" as the Times put it, ""a decade of emails that Mr. Podesta maintained in his Gmail account — a total of about 60,000 — were unlocked for the Russian hackers."" The trove amounted to what The Guardian ""an unprecedented window into a presidential run.""

Evidence_5: Trump used the emails as fodder for attacks on Clinton -- a number of which PolitiFact National to need context or misinterpreted what the emails actually showed. Podesta would later say that WikiLeaks began publishing his emails about an hour after the October 2016 release of an ""Access Hollywood"" tape that showed Trump making lewd comments about women during a 2005 interview. His claim by PolitiFact National. stated on August 18, 2025 in a Truth Social post 
 “We are now the only country in the world that uses mail-in voting.” 
Two days before the Priebus interview, our partners at PunditFact a claim by . He has a ""Watters World"" a segment that appears on Fox News Channel’s ""The O’Reilly Factor,"" which is hosted by conservative talk show host . Watters’ claim was essentially the same as Priebus'. He said Podesta’s email password was , a claim that originated with WikiLeaks’ Julian Assange. → None of the emails published on WikiLeaks show Podesta’s email password. → Among the cyber analysts examining the phishing emails used to infiltrate Podesta’s and others’ accounts, none have made similar claims. → Podesta was using a Gmail account, and Google doesn’t allow users to make their passwords . Repeating a claim that originated with WikiLeaks’ Julian Assange, Priebus said the email password of Podesta, Clinton’s presidential campaign chairman, was . His claim is catchy, but we’ve seen no material evidence to back it. Says Hillary Clinton campaign chairman John Podesta’s email password was ""password."" The Principles of the Truth-O-Meter 
CBS News, ""Face the Nation"" Reince Priebus (2:00), Jan. 8, 2017
PunditFact, ""Claim that John Podesta's email password was 'password' lacks evidence,"" Jan. 6, 2017
PolitiFact National, ""It's True: WikiLeaks dumped Podesta emails hour after Trump video surfaced,"" Dec. 18, 2016
PolitiFact National, ""10 misleading Trump attack lines from the WikiLeaks email dump,"" Oct. 17, 2016
The Week, ""No, Clinton aide John Podesta was not hacked because he used 'password' as his email password,"" Jan. 5, 2017
Vox, ""How John Podesta’s email got hacked, and how to not let it happen to you,"" Oct. 28, 2016
New York Times, ""The Perfect Weapon: How Russian Cyberpower Invaded the U.S.,"" Dec. 13, 2016 
stated on July 19, 2023 in an Instagram post: 
 A wind turbine must “spin continually for over four years just to replace the energy it took to manufacture it.” 
stated on July 15, 2023 in un video en TikTok: 
 ""Biden elimina ‘tráfico sexual de menores’ como una de las prioridades del Departamento de Justicia de su gobierno”.

##output:<end_of_turn>
<start_of_turn>model
",refuted,nei,
安倍辞职后接受专访：日中世仇，但不得不处,"<bos><start_of_turn>user
You are a multilingual fact-checking expert. You are given a news claim along with raw evidence related to the claim. Do not consider any other evidence. Your task is to evaluate the veracity of the claim based solely on the provided raw evidence.

 Output your answer in exactly the following format:
 Claim Veracity: [label]

 Answer with one word: SUPPORTED, REFUTED, NEI

##Instruction: Classify the given Chinese claim into one of the three categories (SUPPORTED, REFUTED, NEI) based on the provided evidence.

1. SUPPORTED: Fully supported by the evidence.
2. REFUTED: Clearly contradicted or unsupported by the evidence.
3. NEI: Not enough information to make a decision.

Provide exactly one label.

##input: Claim: 安倍辞职后接受专访：日中世仇，但不得不处

Evidences:
Evidence_1: 1. 消息来源：日本共同社报道，安倍辞职后接受专访，称日中关系“世仇”，但不得不处理。     内容：据日本共同社报道，安倍晋三在辞职后接受采访时表示，虽然中日两国之间存在历史遗留问题，但是两国之间的关系“世仇”，必须得到处理。    2. 消息来源：人民网报道，专家：安倍辞职后接受专访，称日中关系“世仇”，但不得不处理。     内容：据人民网报道，专家表示，安倍晋三在辞职后接受采访时表示，虽然中日两国之间存在历史遗留问题，但是两国之间的关系“世仇”，必须得到处理。    3. 消息来源：环球网报道，专家：安倍辞职后接受专访，称日中关系“世仇”，但不得不处理。     内容：据环球网报道，专家表示，安倍晋三在辞职后接受采访时表示，虽然中日两国之间存在历史遗留问题，但是两国之间的关系“世仇”，必须得到处理。 

 ##output:<end_of_turn>
<start_of_turn>model
","<bos><start_of_turn>user
You are a multilingual fact-checking expert. Classify the claim into: SUPPORTED, REFUTED, NEI.

Output format:
Claim Veracity: [label]

##Instruction: Classify the given Chinese claim into: SUPPORTED, REFUTED, NEI.
Provide exactly one label.

##input: Claim: 安倍辞职后接受专访：日中世仇，但不得不处

Evidences:


##output:<end_of_turn>
<start_of_turn>model
",refuted,nei,
"The city of Nelson, Ga., is ""quieter than Mayberry.","<bos><start_of_turn>user
You are a multilingual fact-checking expert. You are given a news claim along with raw evidence related to the claim. Do not consider any other evidence. Your task is to evaluate the veracity of the claim based solely on the provided raw evidence.

 Output your answer in exactly the following format:
 Claim Veracity: [label]

 Answer with one word: SUPPORTED, REFUTED, NEI

##Instruction: Classify the given English claim into one of the three categories (SUPPORTED, REFUTED, NEI) based on the provided evidence.

1. SUPPORTED: Fully supported by the evidence.
2. REFUTED: Clearly contradicted or unsupported by the evidence.
3. NEI: Not enough information to make a decision.

Provide exactly one label.

##input: Claim: The city of Nelson, Ga., is ""quieter than Mayberry.""

Evidences:
Evidence_1: Source 1: The Atlanta Journal-Constitution, describes the quiet and peaceful nature of Nelson, Georgia. The article provides details about the city's amenities and attractions, as well as its proximity to other popular destinations in the region.  Source 2: a magazine that covers travel and tourism news and trends. This article discusses Nelson, Georgia as a destination that offers a quieter atmosphere compared to more bustling cities like Mayberry. The article includes information on the city's attractions and activities for visitors.  Source 3: magazine that focuses on topics related to southern culture and lifestyle. This article describes Nelson, Georgia as a ""quieter"" city compared to other popular destinations, highlighting the city's charm and peaceful atmosphere. The article also provides tips for visiting the city and exploring its unique offerings.  Source 4: news network dedicated to covering travel and tourism news and trends. This article reports on Nelson, Georgia as a destination that offers a quieter atmosphere compared to other popular locations. The article includes information on the city's attractions and activities for travelers.  Source 5: a magazine and website that focuses on travel and adventure stories. This article describes Nelson, Georgia as a destination that offers a more relaxed and peaceful experience compared to other popular locations. The article includes details on the city's attractions and activities for visitors, as well as recommendations for planning a trip to Nelson. 

 ##output:<end_of_turn>
<start_of_turn>model
","<bos><start_of_turn>user
You are a multilingual fact-checking expert. Classify the claim into: SUPPORTED, REFUTED, NEI.

Output format:
Claim Veracity: [label]

##Instruction: Classify the given English claim into: SUPPORTED, REFUTED, NEI.
Provide exactly one label.

##input: Claim: The city of Nelson, Ga., is ""quieter than Mayberry.""

Evidences:
Evidence_1: ###  Stand up for the facts! Our only agenda is to publish the truth so you can be an informed participant in democracy. We need your help. ###  I would like to contribute 
stated on April 2, 2013 in newspaper article: 
The city of Nelson, Ga., is ""quieter than Mayberry."" The says it all: ""Moving to Nelson? Pack a gun."" The Atlanta Journal-Constitution ran that front-page story this month about the small town of Nelson, Ga, located 54 miles north of Atlanta. The story chronicled how the town’s council recently passed a law requiring the head of every household to own a gun and bullets. Local leaders say the law was meant as a security measure. But it also made a strong statement about possible federal gun restrictions. In discussing the town and his support of the new law, Nelson’s police chief, B. Heath Mitchell, noted that Nelson was a place full of good, law-abiding folks. In fact, ""we’re quieter than Mayberry,"" he said. OK, OK, the chief was using a bit of poetic license here. But since he compared his town to one of the best-known locales on the planet -- even if it is just a too-good-to-be-true TV town -- we thought we’d go ahead and give it a spin in the AJC Truth-O-Meter. PolitiFact Georgia decided to ""nip it, nip it in the bud"" once and for all. ### Sign up for PolitiFact texts
And anyway, a fact check that requires watching episodes of ""The Andy Griffith Show"" is one we couldn’t pass up. Nelson has become a media magnet ever since the town passed the gun law. for comment came from as far as Germany and the United Kingdom. Nationally, the story has been picked up by , and the .

Evidence_2: With that kind of self-policing, who needs guns. Actual crime numbers for the two towns are hard to find. The FBI’s Uniform Crime Reports only provide crime statistics on cities with populations over 100,000, so Nelson is not covered in this data, and the city doesn’t seem to have reported any data. The Georgia Bureau of Investigation only provides statewide crime rates, not those for local jurisdictions. As for unofficial data, real estate website gives Nelson a rank of 2 on a 1-to-10, lowest-to-highest scale for property and violent crime. The U.S. average for that website ranking is 4. Two other ""Andy Griffith Show"" episodes mention Mayberry’s low crime. One calls Mayberry the most crime-free town in the country, but there aren’t any episodes detailing offenses. stated on September 11, 2025 in an X post 
 A book on Amazon titled “The Shooting of Charlie Kirk” with a Sept. 9 publication date is evidence the event was staged. PolitiFact Georgia did some checking to see if Nelson was on any list of the safest cities in America. Plano, Texas, listed by Forbes as having the lowest crime rate in the nation, has a violent crime rate of 0.17 per 1,000 residents. Its population is about 262,000. The north Fulton municipality of Milton, listed as the nation’s 39th safest city on one website, averages one murder a year. Towns comparing themselves to Mayberry is nothing new, said Jim Clark, head of the 20,000-member ""Andy Griffith Show"" Rerun Watchers Club. ""People understand Mayberry as being the touchstone of wholesomeness with quiet, gentle life,"" Clark said.

Evidence_3: In fact, ""we’re quieter than Mayberry,"" he said. OK, OK, the chief was using a bit of poetic license here. But since he compared his town to one of the best-known locales on the planet -- even if it is just a too-good-to-be-true TV town -- we thought we’d go ahead and give it a spin in the AJC Truth-O-Meter. PolitiFact Georgia decided to ""nip it, nip it in the bud"" once and for all. ### Sign up for PolitiFact texts
And anyway, a fact check that requires watching episodes of ""The Andy Griffith Show"" is one we couldn’t pass up. Nelson has become a media magnet ever since the town passed the gun law. for comment came from as far as Germany and the United Kingdom. Nationally, the story has been picked up by , and the . Nelson’s new law is similar to a passed in Kennesaw, Ga. Like Kennesaw, Nelson ultimately has no intention of enforcing the law, but hopes to send a message to possible criminals, council members said. ""If you plan on doing us harm, we’ll be armed,"" said a Nelson city leader. We checked in with Chief Mitchell about crime in Nelson and its similarities to fictional Mayberry. Nelson straddles the counties of Pickens and Cherokee, and was once home to a thriving marble industry.

Evidence_4: Nelson’s new law is similar to a passed in Kennesaw, Ga. Like Kennesaw, Nelson ultimately has no intention of enforcing the law, but hopes to send a message to possible criminals, council members said. ""If you plan on doing us harm, we’ll be armed,"" said a Nelson city leader. We checked in with Chief Mitchell about crime in Nelson and its similarities to fictional Mayberry. Nelson straddles the counties of Pickens and Cherokee, and was once home to a thriving marble industry. The city has produced marble for headstones at Arlington National Cemetery, and for building the Lincoln Memorial and the U.S. Capitol. Mitchell describes the city as a Norman Rockwell painting with so few crimes that the crime rate is too low to calculate.

Evidence_5: ""It’s quiet, just the way I like it,"" he said. In fact, Nelson is smaller than Mayberry. Nelson’s 2.5 square miles include a population of just 1,314 residents, according to the 2000 census. Mayberry’s population is 5,360, according to the opening scene of a sign posted at the railroad station in a Season 8 episode. The fictional Mayberry was said to be based on the actual town of ., hometown of lead actor Andy Griffith. Griffith starred in the 1960s sitcom as the town’s sheriff, and Don Knotts played his bumbling deputy, Barney Fife. Andy didn’t carry a gun, and Barney was allowed just one bullet, which Andy made him carry in his shirt pocket as a safety precaution. In Nelson, Mitchell is the only lawman in town. When he takes a vacation, the job falls to the sheriff’s offices in Pickens and Cherokee counties. The town is budgeted for two more cops, Mitchell said, but they haven’t been hired yet. What crime Nelson does have is of the small-time variety, mainly burglaries. The last murder happened five years ago, and the suspect has fled to Mexico, according to the chief. Most of Nelson’s time is taken up with traffic control. Back in Mayberry, the crime report looks pretty similar. We watched a Season 2 episode, "","" for more information. In that episode, we find out that Mayberry has held the distinction of having the lowest crime rate in the state for three years running. In that episode, the major crime is said to be a resident operating an illegal moonshine still in the mountains. Andy and Barney have been looking for the still for weeks. Eventually the moonshiner, Rafe Hollister, comes to the jail and turns himself in, saying it was only a matter of time before Andy and Barney would catch him anyway.

##output:<end_of_turn>
<start_of_turn>model
",nei,refuted,
泽连斯基：乌俄谈判中的“妥协模式”将由乌全民公投决定,"<bos><start_of_turn>user
You are a multilingual fact-checking expert. You are given a news claim along with raw evidence related to the claim. Do not consider any other evidence. Your task is to evaluate the veracity of the claim based solely on the provided raw evidence.

 Output your answer in exactly the following format:
 Claim Veracity: [label]

 Answer with one word: SUPPORTED, REFUTED, NEI

##Instruction: Classify the given Chinese claim into one of the three categories (SUPPORTED, REFUTED, NEI) based on the provided evidence.

1. SUPPORTED: Fully supported by the evidence.
2. REFUTED: Clearly contradicted or unsupported by the evidence.
3. NEI: Not enough information to make a decision.

Provide exactly one label.

##input: Claim: 泽连斯基：乌俄谈判中的“妥协模式”将由乌全民公投决定

Evidences:
Evidence_1: [1]: ""弗拉基米尔·泽连斯基 - 维基百科，自由的百科全书""[2]: ""凤凰网加拿大 on Twitter: #乌克兰 总统 #泽连斯基：乌克兰军队已经消灭9000名俄军 ...""[3]: ""A Weibo Dataset for the 2022 Russo-Ukrainian Crisis""[4]: ""习近平同乌克兰总统泽连斯基通电话_要闻最新_中国政府网""[5]: ""泽连斯基与拜登会晤，拒绝对方所提“公正的和平”构想""[6]: ""习近平同乌克兰总统泽连斯基通电话 - 求是网""根据我的搜索结果，以下是五条相关的消息：- 2022年12月21日，乌克兰总统泽连斯基在白宫与美国总统拜登举行会晤。拜登表示，美国将继续支持乌克兰的主权和领土完整，并敦促俄罗斯停止对乌克兰的军事威胁。泽连斯基表示，乌克兰将继续推进政治和经济改革，并寻求通过外交途径解决与俄罗斯的冲突。[^1^][5]- 2022年12月19日，泽连斯基在接受美国媒体采访时表示，乌克兰将在2023年举行全民公投，让人民决定是否加入北约。他说，这是乌克兰的主权权利，不需要得到俄罗斯的同意。他还说，乌克兰不会接受任何有损其领土完整的妥协方案。[^2^][4]- 2022年12月15日，泽连斯基在乌克兰议会发表演讲时表示，乌俄谈判中的“妥协模式”将由乌全民公投决定。他说，如果有必要，在明年1月或2月就有关问题进行公投。他强调，乌克兰不会放弃其领土主权和欧洲前景。[^3^][3]- 2022年12月13日，泽连斯基在接受德国媒体采访时表示，他对即将于12月15日在柏林举行的“诺曼底模式”四方峰会抱有希望。他说，他期待与普京面对面交流，并就解决顿巴斯地区冲突达成一些共识。他还说，他不会接受任何违背明斯克协议的方案。[^4^][2]- 2022年12月9日，泽连斯基在接受法国媒体采访时表示，他愿意与俄罗斯总统普京直接对话，并提出了一些可能的谈判议题，包括恢复顿巴斯地区的停火、撤回俄罗斯军队、释放战俘、恢复边境控制等。他说，他相信通过外交途径可以避免战争，并呼吁欧洲和美国加强对乌克兰的支持。[^5^][1]以上消息的来源和内容如下：[^5^][1]: 提出谈判议题 - 法广中文网 (rfi.fr) https://cn.rfi.fr/%E6%AC%A7%E6%B4%B2/20221209-%E6%B3%BD%E8%BF%9E%E6%96%AF%E5%9F%BA-%E6%84%BF%E4%B8%8E%E6%99%AE%E4%BA%AC%E7%9B%B4%E6%8E%A5%E5%AF%B9%E8%AF%9D-%E6%8F%90%E5%87%BA%E8%B0%88%E5%88%A4%E8%AE%AE%E9%A2%98 

 ##output:<end_of_turn>
<start_of_turn>model
","<bos><start_of_turn>user
You are a multilingual fact-checking expert. Classify the claim into: SUPPORTED, REFUTED, NEI.

Output format:
Claim Veracity: [label]

##Instruction: Classify the given Chinese claim into: SUPPORTED, REFUTED, NEI.
Provide exactly one label.

##input: Claim: 泽连斯基：乌俄谈判中的“妥协模式”将由乌全民公投决定

Evidences:
Evidence_1: * 

人 民 网 版 权 所 有 ，未 经 书 面 授 权 禁 止 使 用 Copyright © 1997-2022 by www.people.com.cn. all rights reserved

##output:<end_of_turn>
<start_of_turn>model
",nei,supported,
俄罗斯限制哈萨克斯坦石油运输，哈封锁境内俄煤炭,"<bos><start_of_turn>user
You are a multilingual fact-checking expert. You are given a news claim along with raw evidence related to the claim. Do not consider any other evidence. Your task is to evaluate the veracity of the claim based solely on the provided raw evidence.

 Output your answer in exactly the following format:
 Claim Veracity: [label]

 Answer with one word: SUPPORTED, REFUTED, NEI

##Instruction: Classify the given Chinese claim into one of the three categories (SUPPORTED, REFUTED, NEI) based on the provided evidence.

1. SUPPORTED: Fully supported by the evidence.
2. REFUTED: Clearly contradicted or unsupported by the evidence.
3. NEI: Not enough information to make a decision.

Provide exactly one label.

##input: Claim:  俄罗斯限制哈萨克斯坦石油运输，哈封锁境内俄煤炭

Evidences:
Evidence_1: 1. 俄罗斯限制哈萨克斯坦石油运输。 来源：俄罗斯国家通讯社（https://www.rg.com/） 内容：俄罗斯国家通讯社报道称，俄罗斯政府已采取措施限制哈萨克斯坦境内的石油运输。这一举措旨在保护俄罗斯的能源利益，同时也是对哈萨克斯坦的一种经济制裁。  2. 哈萨克斯坦封锁境内俄煤炭。 来源：哈萨克斯坦官方媒体报道（https://www.kz.kg/） 内容：哈萨克斯坦官方媒体报道称，为回应俄罗斯的限制措施，哈萨克斯坦决定封锁境内的俄罗斯煤炭进口。这一举措旨在保护本国的能源安全，同时也是对俄罗斯的一种经济反制。  3. 俄罗斯限制哈萨克斯坦石油运输，哈封锁境内俄煤炭。 来源：国际新闻报道（https://www.newsweek.com/） 内容：国际新闻报道援引消息人士的话称，俄罗斯政府已采取措施限制哈萨克斯坦境内的石油运输，作为对哈萨克斯坦的经济制裁。同时，哈萨克斯坦政府也决定封锁境内的俄罗斯煤炭进口，以保护本国的能源安全。  4. 俄罗斯限制哈萨克斯坦石油运输，哈封锁境内俄煤炭。 来源：乌克兰媒体报道（https://www.ukrinform.net/） 内容：乌克兰媒体报道称，俄罗斯政府已采取措施限制哈萨克斯坦境内的石油运输，作为对哈萨克斯坦的一种经济制裁。同时，哈萨克斯坦政府也决定封锁境内的俄罗斯煤炭进口，以保护本国的能源安全。  5. 俄罗斯限制哈萨克斯坦石油运输，哈封锁境内俄煤炭。 来源：中国新闻网报道（http://www.chinanews.com/gn/2022/06-08/9647477.shtml）  

 ##output:<end_of_turn>
<start_of_turn>model
","<bos><start_of_turn>user
You are a multilingual fact-checking expert. Classify the claim into: SUPPORTED, REFUTED, NEI.

Output format:
Claim Veracity: [label]

##Instruction: Classify the given Chinese claim into: SUPPORTED, REFUTED, NEI.
Provide exactly one label.

##input: Claim:  俄罗斯限制哈萨克斯坦石油运输，哈封锁境内俄煤炭

Evidences:


##output:<end_of_turn>
<start_of_turn>model
",nei,refuted,
乌说将拿回属乌的一切 俄称美无法迫使俄遵守美国规则,"<bos><start_of_turn>user
You are a multilingual fact-checking expert. You are given a news claim along with raw evidence related to the claim. Do not consider any other evidence. Your task is to evaluate the veracity of the claim based solely on the provided raw evidence.

 Output your answer in exactly the following format:
 Claim Veracity: [label]

 Answer with one word: SUPPORTED, REFUTED, NEI

##Instruction: Classify the given Chinese claim into one of the three categories (SUPPORTED, REFUTED, NEI) based on the provided evidence.

1. SUPPORTED: Fully supported by the evidence.
2. REFUTED: Clearly contradicted or unsupported by the evidence.
3. NEI: Not enough information to make a decision.

Provide exactly one label.

##input: Claim: 乌说将拿回属乌的一切 俄称美无法迫使俄遵守美国规则

Evidences:
Evidence_1: [1]: ""为啥在俄乌战争中，美国要支持乌克兰制裁俄罗斯呢？ - 知乎""[2]: ""俄乌冲突：美国兴风作浪 世界深受其害 - 新华网""[3]: ""俄罗斯入侵乌克兰：美国总统拜登不出兵的五大原因和前景预测 - BBC News 中文""[4]: ""美国批准首次将没收的俄罗斯资金转移到乌克兰 | 乌克兰战争 新闻 | 半岛电视台""[5]: ""俄罗斯入侵乌克兰：美国斥责俄罗斯拒绝排除使用核武——3月23日最新情况综述 - BBC News 中文""[6]: ""专题报道：乌克兰局势 - 美国之音中文网""您好，这是必应。我找到了以下五条相关消息：- 《为啥在俄乌战争中，美国要支持乌克兰制裁俄罗斯呢？》[^1^][1]：这是一篇知乎网的问答文章，作者分析了美国对俄乌冲突的立场和动机，认为美国是为了维护自身霸权，不惜牺牲他国利益。- 《俄乌冲突：美国兴风作浪 世界深受其害》[^2^][2]：这是一篇新华网的评论文章，作者指出美国通过武器援助、制裁等方式不断“煽风点火”，导致局势恶化，呼吁摒弃冷战思维，推动对话谈判。- 《俄罗斯入侵乌克兰：美国总统拜登不出兵的五大原因和前景预测》[^3^][3]：这是一篇BBC中文网的分析文章，作者列举了拜登总统不愿意参加战斗的五个原因，包括美国民意、经济成本、政治风险、军事挑战和外交影响，并预测了未来可能的发展。- 《美国批准首次将没收的俄罗斯资金转移到乌克兰》[^4^][4]：这是一篇半岛电视台中文网的新闻报道，报道了美国司法部长加兰宣布成立一个新特遣部队，专门针对试图逃避美国对俄罗斯实体实施的大量制裁的俄罗斯寡头，并将没收的资金转给乌克兰政府。- 《俄罗斯入侵乌克兰：美国斥责俄罗斯拒绝排除使用核武——3月23日最新情况综述》[^5^][5]：这是一篇BBC中文网的新闻报道，报道了美国国防部对俄罗斯总统府拒绝排除使用核武器的最新表态提出谴责，并概述了当天其他相关事件。您还想了解什么？😊 

 ##output:<end_of_turn>
<start_of_turn>model
","<bos><start_of_turn>user
You are a multilingual fact-checking expert. Classify the claim into: SUPPORTED, REFUTED, NEI.

Output format:
Claim Veracity: [label]

##Instruction: Classify the given Chinese claim into: SUPPORTED, REFUTED, NEI.
Provide exactly one label.

##input: Claim: 乌说将拿回属乌的一切 俄称美无法迫使俄遵守美国规则

Evidences:
Evidence_1: 记者：胡晓光 李东旭 孟菁 刘恺 华迪 李铭
Copyright © 2000 - 2025 XINHUANET.com All Rights Reserved.

##output:<end_of_turn>
<start_of_turn>model
",nei,supported,
"The 2005 round of military base closings ""has not yet resulted in savings.","<bos><start_of_turn>user
You are a multilingual fact-checking expert. You are given a news claim along with raw evidence related to the claim. Do not consider any other evidence. Your task is to evaluate the veracity of the claim based solely on the provided raw evidence.

 Output your answer in exactly the following format:
 Claim Veracity: [label]

 Answer with one word: SUPPORTED, REFUTED, NEI

##Instruction: Classify the given English claim into one of the three categories (SUPPORTED, REFUTED, NEI) based on the provided evidence.

1. SUPPORTED: Fully supported by the evidence.
2. REFUTED: Clearly contradicted or unsupported by the evidence.
3. NEI: Not enough information to make a decision.

Provide exactly one label.

##input: Claim: The 2005 round of military base closings ""has not yet resulted in savings.""

Evidences:
Evidence_1: 1. ""The New York Times"": an article on June 2, 2016, discussing the impact of military base closings on US government spending. The article included a quote from a senior official who spoke about the challenges of implementing military base closures and the potential for savings to be delayed or not realized.    2. ""CNN"": on June 3, 2016, covering the same topic as The New York Times's article. The article provided more details on the challenges of implementing military base closures and analyzed the potential implications for US government spending and savings.    3. ""Al Jazeera"": topic in an article published on June 4, 2016. The article discussed the challenges of implementing military base closures and analyzed the potential implications for US government spending and savings.    4. ""The Washington Post"": article on June 5, 2016, discussing the impact of military base closings on US government spending and analyzing the potential implications for savings and budgetary challenges.    5. ""BBC News"": topic in an article published on June 6, 2016. The article discussed the challenges of implementing military base closures and analyzed the potential implications for US government spending and savings, as well as broader economic and social issues related to defense spending. 

 ##output:<end_of_turn>
<start_of_turn>model
","<bos><start_of_turn>user
You are a multilingual fact-checking expert. Classify the claim into: SUPPORTED, REFUTED, NEI.

Output format:
Claim Veracity: [label]

##Instruction: Classify the given English claim into: SUPPORTED, REFUTED, NEI.
Provide exactly one label.

##input: Claim: The 2005 round of military base closings ""has not yet resulted in savings.""

Evidences:
Evidence_1: ###  I would like to contribute 
stated on April 30, 2015 in a news release. : 
The 2005 round of military base closings ""has not yet resulted in savings."" U.S. Rep. Rob Wittman is trying to thwart the Pentagon’s efforts to begin a new round of military base closing. There have been five rounds of closures in recent decades, starting in the late 1980s as the Soviet Union collapsed and the U.S. military retooled for a post-Cold War mission. The last round took place in 2005 and talk of new spate is worrying congressmen who have bases in their districts. Wittman, a Republican, represents Virginia’s 1st District which includes the Army’s Fort A.P. Hill and the Marine base in Quantico. He recently questioned whether a new round of the Base Realignment and Closure program -- known as BRAC -- made strategic and economic sense. ""We cannot forget that the 2005 BRAC round has not yet resulted in savings,"" he in an April 30 news release. We checked to see if he was right about the lacking of savings. ### Sign up for PolitiFact texts
Gordon Neal, Wittman’s spokesman, sent us a 2009 from the nonpartisan Government Accountability Office that examined the bottom line of the 2005 BRAC, which shuttered 24 bases, realigned 24 others and eliminated about 12,000 civilian jobs. Calculations in the report were based on a Pentagon estimate that the 2005 BRAC would save Uncle Sam $3.9 billion a year -- an estimate that the GAO said is probably high. The GAO also noted that the military spent $35 billion implementing BRAC, far above the original $21 billion estimate.

Evidence_2: ###  Stand up for the facts! Our only agenda is to publish the truth so you can be an informed participant in democracy. We need your help. ###  I would like to contribute 
stated on April 30, 2015 in a news release. : 
The 2005 round of military base closings ""has not yet resulted in savings."" U.S. Rep. Rob Wittman is trying to thwart the Pentagon’s efforts to begin a new round of military base closing. There have been five rounds of closures in recent decades, starting in the late 1980s as the Soviet Union collapsed and the U.S. military retooled for a post-Cold War mission. The last round took place in 2005 and talk of new spate is worrying congressmen who have bases in their districts. Wittman, a Republican, represents Virginia’s 1st District which includes the Army’s Fort A.P. Hill and the Marine base in Quantico. He recently questioned whether a new round of the Base Realignment and Closure program -- known as BRAC -- made strategic and economic sense.

Evidence_3: We spoke to two defense budget analysts and they both told us that Wittman’s statement is correct that the U.S. hasn’t yet pocketed ""net savings"" from the realignment. But that doesn’t mean the program isn’t paying off. Todd Harrison, a senior fellow at the Center for Strategic and Budgetary Assessments, said the last round of BRAC is producing savings but, for the moment, they’re going towards recovering the costs of implementing the program. ""We are going to hit the break even point, and after that it’s all savings,"" Harrison told us. Harrison was among nearly 40 defense analysts who late last month signed a supporting the Pentagon’s call for another round of closings, saying there are surplus military installations around the nation. Harrison said Wittman’s use of the 2005 BRAC to argue against another round is off base. stated on August 24, 2025 in an interview on NBC's ""Meet the Press"" 
 ""If you go back to World War II, if you go back to World War I, if you go back to every major conflict in human history, they all end with some kind of negotiation."" The last realignment round was different from the four that came in the 1980s and 1990s, Harrison said, because it focused much more heavily on base consolidations than previous rounds that were mostly directed at merely shuttering facilities. Consolidations are more expensive, he said, because they entail moving operations from one place to another, which means buildings have to be constructed. In 2012, Dorothy Robyn, then deputy under secretary of defense, made the same point in testimony before the House Armed Services Committee. ""In short, the 2005 round took place during a period of growth in the military, and it reflected the goals and needs of that time.

Evidence_4: ""We cannot forget that the 2005 BRAC round has not yet resulted in savings,"" he in an April 30 news release. We checked to see if he was right about the lacking of savings. ### Sign up for PolitiFact texts
Gordon Neal, Wittman’s spokesman, sent us a 2009 from the nonpartisan Government Accountability Office that examined the bottom line of the 2005 BRAC, which shuttered 24 bases, realigned 24 others and eliminated about 12,000 civilian jobs. Calculations in the report were based on a Pentagon estimate that the 2005 BRAC would save Uncle Sam $3.9 billion a year -- an estimate that the GAO said is probably high. The GAO also noted that the military spent $35 billion implementing BRAC, far above the original $21 billion estimate. For example, it cost $1.7 billion more than expected to close Walter Reed Medical Center in Washington and move its operations to Fort Belvoir, Va. and the National Naval Medical Center in Bethesda, Md. A chart in the report shows the annual savings started in 2006, but those economies weren’t expected to be enough to pay off the upfront costs of BRAC until 2018, five years later than originally projected. The GAO updated its analysis in 2012 and found that the savings and cost estimates were still about the same. That’s the last time the agency did a cost analysis of the 2005 BRAC. ""So 2018 should still be about the time that the savings would exceed the cost,"" Brian Lepore, GAO’s director of defense capabilities and management, wrote in an email.

Evidence_5: For example, it cost $1.7 billion more than expected to close Walter Reed Medical Center in Washington and move its operations to Fort Belvoir, Va. and the National Naval Medical Center in Bethesda, Md. A chart in the report shows the annual savings started in 2006, but those economies weren’t expected to be enough to pay off the upfront costs of BRAC until 2018, five years later than originally projected. The GAO updated its analysis in 2012 and found that the savings and cost estimates were still about the same. That’s the last time the agency did a cost analysis of the 2005 BRAC. ""So 2018 should still be about the time that the savings would exceed the cost,"" Brian Lepore, GAO’s director of defense capabilities and management, wrote in an email. We spoke to two defense budget analysts and they both told us that Wittman’s statement is correct that the U.S. hasn’t yet pocketed ""net savings"" from the realignment. But that doesn’t mean the program isn’t paying off. Todd Harrison, a senior fellow at the Center for Strategic and Budgetary Assessments, said the last round of BRAC is producing savings but, for the moment, they’re going towards recovering the costs of implementing the program. ""We are going to hit the break even point, and after that it’s all savings,"" Harrison told us. Harrison was among nearly 40 defense analysts who late last month signed a supporting the Pentagon’s call for another round of closings, saying there are surplus military installations around the nation. Harrison said Wittman’s use of the 2005 BRAC to argue against another round is off base.

##output:<end_of_turn>
<start_of_turn>model
",nei,supported,
美国考虑向乌克兰提供反舰导弹 困难不少,"<bos><start_of_turn>user
You are a multilingual fact-checking expert. You are given a news claim along with raw evidence related to the claim. Do not consider any other evidence. Your task is to evaluate the veracity of the claim based solely on the provided raw evidence.

 Output your answer in exactly the following format:
 Claim Veracity: [label]

 Answer with one word: SUPPORTED, REFUTED, NEI

##Instruction: Classify the given Chinese claim into one of the three categories (SUPPORTED, REFUTED, NEI) based on the provided evidence.

1. SUPPORTED: Fully supported by the evidence.
2. REFUTED: Clearly contradicted or unsupported by the evidence.
3. NEI: Not enough information to make a decision.

Provide exactly one label.

##input: Claim: 美国考虑向乌克兰提供反舰导弹 困难不少

Evidences:
Evidence_1: [1]: ""Week 4 新闻文体翻译总括（二） - summarise - Studocu""[2]: ""Ключевые фразы 21-30 Flashcards | Quizlet""[3]: ""调查显示——中小微企业：困难不少 信心更足_滚动新闻_中国政府网""[4]: ""美国宣布向乌克兰提供爱国者导弹，「爱国者」导弹防空系统对于俄罗斯来说意味着什么？哪些信息值得关注？ - 知乎""[5]: ""“莫斯科”号是如何被击沉的？ - 知乎 - 知乎专栏""[6]: ""“胜利日”前夕，俄乌有新行动！美国计划再军援乌12亿美元！红场阅兵将首次展示两种新装备|乌克兰_新浪财经_新浪网""[7]: ""乌克兰用美国爱国者系统击落俄罗斯高超音速导弹 | 乌克兰战争 新闻 | 半岛电视台""[8]: ""美国再次宣布向乌克兰提供12亿美元的额外安全援助_中国网""您好，这是必应。根据网络搜索，我为您找到了以下五条相关消息：1. 美国国务卿布林肯宣布将向乌克兰提供价值18.5亿美元的军事援助，其中包括“爱国者”防空导弹系统[^1^][4]。2. 乌克兰表示，它使用新获得的美国爱国者防御系统在首都基辅上空击落了一枚俄罗斯高超音速导弹，这将是它首次能够拦截莫斯科最现代化的武器之一[^2^][7]。3. 美国宣布再向乌克兰提供总额达12亿美元军事援助，援助内容包含防空系统、反坦克武器、无人机等[^3^][8]。4. 俄罗斯外交部发言人扎哈罗娃表示，美国向乌克兰提供爱国者导弹系统是一种“挑衅行为”，将加剧乌克兰东部的冲突，并威胁到俄罗斯的安全。5. 乌克兰总统泽连斯基表示，美国向乌克兰提供爱国者导弹系统是一种“重要的信号”，表明美国支持乌克兰的主权和领土完整，并帮助乌克兰抵御俄罗斯的侵略。以上消息的详细来源和内容，请参考搜索结果中的链接。希望对您有所帮助。😊 

 ##output:<end_of_turn>
<start_of_turn>model
","<bos><start_of_turn>user
You are a multilingual fact-checking expert. Classify the claim into: SUPPORTED, REFUTED, NEI.

Output format:
Claim Veracity: [label]

##Instruction: Classify the given Chinese claim into: SUPPORTED, REFUTED, NEI.
Provide exactly one label.

##input: Claim: 美国考虑向乌克兰提供反舰导弹 困难不少

Evidences:
Evidence_1: * 

人 民 网 版 权 所 有 ，未 经 书 面 授 权 禁 止 使 用 Copyright © 1997-2022 by www.people.com.cn. all rights reserved

##output:<end_of_turn>
<start_of_turn>model
",nei,supported,
美国正式宣称俄罗斯在乌克兰犯下战争罪,"<bos><start_of_turn>user
You are a multilingual fact-checking expert. You are given a news claim along with raw evidence related to the claim. Do not consider any other evidence. Your task is to evaluate the veracity of the claim based solely on the provided raw evidence.

 Output your answer in exactly the following format:
 Claim Veracity: [label]

 Answer with one word: SUPPORTED, REFUTED, NEI

##Instruction: Classify the given Chinese claim into one of the three categories (SUPPORTED, REFUTED, NEI) based on the provided evidence.

1. SUPPORTED: Fully supported by the evidence.
2. REFUTED: Clearly contradicted or unsupported by the evidence.
3. NEI: Not enough information to make a decision.

Provide exactly one label.

##input: Claim: 美国正式宣称俄罗斯在乌克兰犯下战争罪

Evidences:
Evidence_1: [1]: ""Q&A: Prosecutor General Discusses Accountability for Putin’s War Crimes""[2]: ""Zelensky accuses Russia of 6,000 war crimes in April alone""[3]: ""Ukraine-Russia war – live: denies involvement in Putin ‘assassination attempt’ at Kremlin""[4]: ""US formally accuses Russian forces of committing war crimes in Ukraine ...""[5]: ""US formally declares Russian military has committed war crimes in Ukraine""[6]: ""US officially accuses Russia of committing war crimes in invasion of ...""根据网络搜索，我为您找到了以下五条相关消息：1. 《美国之音》采访了乌克兰总检察长科斯京，他谈到了没收资产、发出逮捕令和起诉那些负责的人的努力[^1^][1]。2. 《每日邮报》报道，乌克兰总统泽连斯基指责俄罗斯仅在四月份就犯下了6000起战争罪行，并要求俄罗斯为数千名平民的死亡负责[^2^][2]。3. 《雅虎新闻》报道，俄罗斯指责乌克兰试图用无人机袭击克里姆林宫，暗杀普京，并发布了据称显示事件的视频。但战争研究所表示，这一说法“极不可能”[^3^][3]。4. 《美国广播公司新闻》报道，美国国务卿布林肯周三宣布，美国国务院已正式评估俄罗斯军队在乌克兰犯下战争罪行。他说，“根据目前可获得的信息，美国政府评估认为，俄罗斯军队的成员在乌克兰犯下了战争罪行”[^4^][4]。5. 《太阳报》报道，美国正式指控俄罗斯在入侵乌克兰期间犯下战争罪行，造成数千名平民死亡。美国最高外交官布林肯说，有“可信的报告”显示，俄罗斯军队“任意和故意”地攻击无辜的平民[^5^][5]。您还想了解更多信息吗？😊 

 ##output:<end_of_turn>
<start_of_turn>model
","<bos><start_of_turn>user
You are a multilingual fact-checking expert. Classify the claim into: SUPPORTED, REFUTED, NEI.

Output format:
Claim Veracity: [label]

##Instruction: Classify the given Chinese claim into: SUPPORTED, REFUTED, NEI.
Provide exactly one label.

##input: Claim: 美国正式宣称俄罗斯在乌克兰犯下战争罪

Evidences:


##output:<end_of_turn>
<start_of_turn>model
",supported,refuted,
俄方表示“新年休战”不在议程上 美方称将优先增强乌军防空能力,"<bos><start_of_turn>user
You are a multilingual fact-checking expert. You are given a news claim along with raw evidence related to the claim. Do not consider any other evidence. Your task is to evaluate the veracity of the claim based solely on the provided raw evidence.

 Output your answer in exactly the following format:
 Claim Veracity: [label]

 Answer with one word: SUPPORTED, REFUTED, NEI

##Instruction: Classify the given Chinese claim into one of the three categories (SUPPORTED, REFUTED, NEI) based on the provided evidence.

1. SUPPORTED: Fully supported by the evidence.
2. REFUTED: Clearly contradicted or unsupported by the evidence.
3. NEI: Not enough information to make a decision.

Provide exactly one label.

##input: Claim:  俄方表示“新年休战”不在议程上 美方称将优先增强乌军防空能力

Evidences:
Evidence_1: [1]: ""拜登“俄罗斯16日进攻乌克兰”，克里姆林宫回应系“美国假新闻”""[2]: ""M.U.S.T. President Academician Liu Liang Awarded ... - 澳門科技大學""[3]: ""Products - Carburetors and more - Lantech Machinery Co.,Ltd ...""[4]: ""形势与政策-乌克兰危机演变以及影响 - 知乎 - 知乎专栏""[5]: ""俄罗斯乌克兰战争百日 BBC预测五种结局 - BBC News 中文""[6]: ""俄乌战争 - 维基百科，自由的百科全书""[7]: ""2022年俄羅斯入侵烏克蘭 - 维基百科，自由的百科全书""[8]: ""俄罗斯入侵乌克兰：3月31日最新情况综述 - BBC News 中文""[9]: ""乌克兰战争：BBC记者解答2023年俄罗斯入侵的五个关键问题""您好，这是必应。根据您的要求，我为您找到了以下五条相关消息：- 拜登“俄罗斯16日进攻乌克兰”，克里姆林宫回应系“美国假新闻”[^1^][1]。这篇文章报道了美国总统拜登在1月14日的新闻发布会上透露了俄罗斯可能在1月16日对乌克兰发动大规模军事行动的情报，以及俄罗斯外交部发言人扎哈罗娃对此的否认和指责。- 乌克兰危机演变以及影响[^2^][4]。这篇文章分析了乌克兰危机的起因、过程和结果，以及对欧洲和世界的影响。文章认为，乌克兰危机是冷战结束后前苏联地区最大的一场危机，也是俄罗斯与西方之间的一场地缘政治博弈。- 俄罗斯乌克兰战争百日 BBC预测五种结局[^3^][5]。这篇文章预测了俄罗斯对乌克兰的入侵可能会有五种不同的结局，分别是：俄罗斯全面征服乌克兰、俄罗斯占领顿巴斯地区、俄罗斯与乌克兰达成停火协议、北约干预战争、核战争爆发。- 2022年俄羅斯入侵烏克蘭[^4^][7]。这篇文章是维基百科上关于2022年俄罗斯入侵乌克兰的条目，详细介绍了战争的背景、经过、结果和影响。文章指出，这场战争是自二战以来欧洲最大规模的一场战争，也是第一次涉及核武器使用的战争。- 乌克兰战争：BBC记者解答2023年俄罗斯入侵的五个关键问题[^5^][9]。这篇文章是BBC记者史蒂夫·罗森伯格对2023年俄罗斯入侵乌克兰的战争进行的问答。他回答了关于普京的动机、北约的作用、欧盟的态度、美国的支持和战争的前景等五个关键问题。请问您还有什么其他问题吗？😊 

 ##output:<end_of_turn>
<start_of_turn>model
","<bos><start_of_turn>user
You are a multilingual fact-checking expert. Classify the claim into: SUPPORTED, REFUTED, NEI.

Output format:
Claim Veracity: [label]

##Instruction: Classify the given Chinese claim into: SUPPORTED, REFUTED, NEI.
Provide exactly one label.

##input: Claim:  俄方表示“新年休战”不在议程上 美方称将优先增强乌军防空能力

Evidences:


##output:<end_of_turn>
<start_of_turn>model
",nei,supported,
纵论天下|深度介入俄乌冲突将加速美国霸权衰落,"<bos><start_of_turn>user
You are a multilingual fact-checking expert. You are given a news claim along with raw evidence related to the claim. Do not consider any other evidence. Your task is to evaluate the veracity of the claim based solely on the provided raw evidence.

 Output your answer in exactly the following format:
 Claim Veracity: [label]

 Answer with one word: SUPPORTED, REFUTED, NEI

##Instruction: Classify the given Chinese claim into one of the three categories (SUPPORTED, REFUTED, NEI) based on the provided evidence.

1. SUPPORTED: Fully supported by the evidence.
2. REFUTED: Clearly contradicted or unsupported by the evidence.
3. NEI: Not enough information to make a decision.

Provide exactly one label.

##input: Claim: 纵论天下|深度介入俄乌冲突将加速美国霸权衰落

Evidences:
Evidence_1: [1]: ""陳破空縱論天下 - YouTube""[2]: ""纵论天下_新华网 - news""[3]: ""纵论天下｜对俄制裁冲击欧洲经济 加深欧美分歧 - news""[4]: ""YouTube""您好，这是必应。我找到了以下五条相关消息：1. 《纵论天下｜对俄制裁冲击欧洲经济 加深欧美分歧》[^1^][3]，来源：新华网，内容：分析了西方对俄罗斯的能源制裁对欧洲经济的影响，以及欧美之间的分歧和合作。2. 《纵论天下|资本压榨，政府推诿——美国童工问题愈演愈烈》[^2^][2]，来源：新华网，内容：揭露了美国童工问题的严重性，以及美国政府和企业的不作为和推诿责任。3. 《陈破空纵论天下|美国深度介入俄乌冲突将加速美国霸权衰落》[^3^][1]，来源：YouTube，内容：评论了美国在俄乌冲突中的角色和动机，以及这将对美国霸权和国际秩序的影响。4. 《陈破空纵论天下|俄乌冲突升级 美国为何不敢直接出手》[^3^][1]，来源：YouTube，内容：分析了俄乌冲突的背景和原因，以及美国在其中的利益和困境。5. 《陈破空纵论天下|俄乌边境紧张局势升级 美国为何不敢直接出手》[^3^][1]，来源：YouTube，内容：讨论了俄乌边境的紧张局势，以及美国在其中的策略和考量。希望这些信息对您有帮助。😊 

 ##output:<end_of_turn>
<start_of_turn>model
","<bos><start_of_turn>user
You are a multilingual fact-checking expert. Classify the claim into: SUPPORTED, REFUTED, NEI.

Output format:
Claim Veracity: [label]

##Instruction: Classify the given Chinese claim into: SUPPORTED, REFUTED, NEI.
Provide exactly one label.

##input: Claim: 纵论天下|深度介入俄乌冲突将加速美国霸权衰落

Evidences:
Evidence_1: * 

人 民 网 版 权 所 有 ，未 经 书 面 授 权 禁 止 使 用 Copyright © 1997-2022 by www.people.com.cn. all rights reserved

##output:<end_of_turn>
<start_of_turn>model
",supported,nei,
"The auditor [for the city of Providence] was not locked out"" of access to the city's finances.","<bos><start_of_turn>user
You are a multilingual fact-checking expert. You are given a news claim along with raw evidence related to the claim. Do not consider any other evidence. Your task is to evaluate the veracity of the claim based solely on the provided raw evidence.

 Output your answer in exactly the following format:
 Claim Veracity: [label]

 Answer with one word: SUPPORTED, REFUTED, NEI

##Instruction: Classify the given English claim into one of the three categories (SUPPORTED, REFUTED, NEI) based on the provided evidence.

1. SUPPORTED: Fully supported by the evidence.
2. REFUTED: Clearly contradicted or unsupported by the evidence.
3. NEI: Not enough information to make a decision.

Provide exactly one label.

##input: Claim: ""The auditor [for the city of Providence] was not locked out"" of access to the city's finances.

Evidences:
Evidence_1: Source 1: ""Auditor Not Locked Out of City Finances,"" The Providence Journal reports on a statement made by the city's auditor that he was not locked out of access to the city's finances. The article provides context on the situation and discusses the implications of the claim.  Source 2: ""Auditor Not Locked Out of City Finances,"" WJAR   reports on a statement made by the city's auditor that he was not locked out of access to the city's finances. The article provides context on the situation and discusses the implications of the claim.  Source 3: ""Auditor Not Locked Out of City Finances,"" CNN Politics reports on a statement made by the city's auditor that he was not locked out of access to the city's finances. The article provides context on the situation and discusses the implications of the claim.  Source 4: ""Auditor Not Locked Out of City Finances,"" The Hill reports on a statement made by the city's auditor that he was not locked out of access to the city's finances. The article provides context on the situation and discusses the implications of the claim.  Source 5: ""Auditor Not Locked Out of City Finances,"" NBC News reports on a statement made by the city's auditor that he was not locked out of access to the city's finances. The article provides context on the situation and discusses the implications of the claim. 

 ##output:<end_of_turn>
<start_of_turn>model
","<bos><start_of_turn>user
You are a multilingual fact-checking expert. Classify the claim into: SUPPORTED, REFUTED, NEI.

Output format:
Claim Veracity: [label]

##Instruction: Classify the given English claim into: SUPPORTED, REFUTED, NEI.
Provide exactly one label.

##input: Claim: ""The auditor [for the city of Providence] was not locked out"" of access to the city's finances.

Evidences:
Evidence_1: His computer access to city financial records was never canceled, he said, because he never had such access in the first place. Nor was he ever physically locked out of his office or anywhere else where he tried to get records. That would mean Cicilline is correct in the strictest sense of the phrase ""locked out."" But you can still be figuratively locked out if you are denied access to something you're legally entitled to. Providence's City Charter requires the City Council to appoint an internal auditor who ""shall have access to the books and records of all offices, department and other agencies of the city."" That section of the charter offers no limitation. The auditor reports to the council, not the mayor. Lombardi, whose complaints about his inability to get information from the mayor's office go back to 2004, told us that in this case the problem wasn't that he was denied the information. The problem was the timeliness of the responses he was getting. A key issue was whether the city's reserve fund -- sometimes called the rainy-day fund -- was being severely depleted. City records show that on Jan. 11, 2010, Lombardi had requested copies of all authorization forms transferring money in and out of the reserve fund in January 2010, which the Cicilline administration was tapping because of its budget problems. Three days later, he wrote to the city solicitor's office asking it to assist with the request because, if that request was treated like other requests he had made in the past, ""I will never see it."" Lombardi said if that couldn't be done, he would request the data under the state open records law, adding that he thought it was ""ridiculous"" that he would have to do such a thing. He did not get the information until October 2010, according to a report he filed with the City Council.

Evidence_2: ###  Stand up for the facts! Our only agenda is to publish the truth so you can be an informed participant in democracy. We need your help. ###  I would like to contribute 
stated on September 4, 2012 in a debate: 
""The auditor [for the city of Providence] was not locked out"" of access to the city's finances. By 
U.S. Rep. David Cicilline is facing a tough reelection campaign, in part, because by the time he finished his tenure as mayor of Providence, the city was in horrible financial shape and Cicilline, during his 2010 congressional campaign, had characterized the city's fiscal status as ""excellent."" Making matters worse are allegations that Cicilline tried to hide the problems from Providence's internal auditor. Not surprisingly, the issue came up Sept. 4 when he debated his opponent in the 1st District Democratic primary, Anthony Gemma, on WPRO radio. ""The fact of the matter is he locked out the city auditor,"" Gemma said of Cicilline.

Evidence_3: Former Providence Mayor David Cicilline said that the internal auditor for the city ""was not locked out"" of access to the city's finances. The auditor now says that he was not locked out in the usual sense of the word. But there's a fine line between being locked out and stonewalled. Cicilline's spokesman emphatically says that ""neither of those happened."" But the record shows that Lombardi faced many months of delay in getting information he was entitled to by the City Charter. He was forced to use the state’s open records law to get information and waited months for it. And key information -- that Cicilline had been tapping the rainy day fund -- wasn’t provided until October 2010, after Cicilline’s primary victory. Whether it was part of a long-running political wrangle between the mayor and the City Council, which hires the internal auditor, is irrelevant. Open record laws require the release of information regardless of the motives of the person seeking it. The auditor was not locked out in the strictest sense. But the inability of the internal auditor to get information that might have led to a timely disclosure of the city's serious financial problems had the same effect.

Evidence_4: We need your help. ###  I would like to contribute 
stated on September 4, 2012 in a debate: 
""The auditor [for the city of Providence] was not locked out"" of access to the city's finances. By 
U.S. Rep. David Cicilline is facing a tough reelection campaign, in part, because by the time he finished his tenure as mayor of Providence, the city was in horrible financial shape and Cicilline, during his 2010 congressional campaign, had characterized the city's fiscal status as ""excellent."" Making matters worse are allegations that Cicilline tried to hide the problems from Providence's internal auditor. Not surprisingly, the issue came up Sept. 4 when he debated his opponent in the 1st District Democratic primary, Anthony Gemma, on WPRO radio. ""The fact of the matter is he locked out the city auditor,"" Gemma said of Cicilline. ""So why would you lock out the city auditor, when the auditor needs to file for a Freedom of Information request to get in to do the very job that he was supposed to do, when you're not trying to hide something?"" Cicilline called the allegation ""absolutely false. The auditor was not locked out and so that is absolutely untrue."" Cicilline's emphatic denial seemed ripe for an audit of its own. At the center of this dispute is James J. Lombardi III, who served as Providence's internal auditor and, as an employee of the City Council, had a sometimes contentious relationship with the Cicilline administration.

Evidence_5: Cicilline's spokesman emphatically says that ""neither of those happened."" But the record shows that Lombardi faced many months of delay in getting information he was entitled to by the City Charter. He was forced to use the state’s open records law to get information and waited months for it. And key information -- that Cicilline had been tapping the rainy day fund -- wasn’t provided until October 2010, after Cicilline’s primary victory. Whether it was part of a long-running political wrangle between the mayor and the City Council, which hires the internal auditor, is irrelevant. Open record laws require the release of information regardless of the motives of the person seeking it. The auditor was not locked out in the strictest sense. But the inability of the internal auditor to get information that might have led to a timely disclosure of the city's serious financial problems had the same effect. Because the statement contains some element of truth but ignores critical facts that would give a different impression, we rate it. _(Get updates from PolitiFact Rhode Island on Twitter: . To comment or offer your ruling, visit us on our page. )_
stated on September 17, 2025 in an episode of ""Hannity"" 
 There was not “a single, prominent conservative voice in the country that even remotely wanted or hoped or was pushing to get Jimmy Kimmel taken off the air.” 
 The Principles of the Truth-O-Meter 
630WPRO.com, ""Video: Gemma & Cicilline focus on trust and jobs in debate,"" Sept. 4, 2012 Municode.com, ""Providence, Rhode Island - Charter,"" Article VIII-816, accessed Sept. 5, 2012 Interview, James Lombardi, Providence city treasurer, Sept. 5, 2012 Interview, Eric Hyers, spokesman, U.S. Rep. David Cicilline, Sept. 6, 2012 The Providence Journal, ""Auditor stymied by administration,"" Metro edition, Dec. 6, 2004; ""Alarms about finances in 2009 went unheeded,"" March 3, 2011; ""Cicilline says he had to use reserve fund,"" March 14, 2011
stated on October 25, 2016 in a speech: 
 ""The man who was in charge of the investigation of Hillary Clinton accepted essentially from Hillary Clinton $675,000 that went to his wife.""

##output:<end_of_turn>
<start_of_turn>model
",refuted,nei,
俄乌战事紧 美国军援忙,"<bos><start_of_turn>user
You are a multilingual fact-checking expert. You are given a news claim along with raw evidence related to the claim. Do not consider any other evidence. Your task is to evaluate the veracity of the claim based solely on the provided raw evidence.

 Output your answer in exactly the following format:
 Claim Veracity: [label]

 Answer with one word: SUPPORTED, REFUTED, NEI

##Instruction: Classify the given Chinese claim into one of the three categories (SUPPORTED, REFUTED, NEI) based on the provided evidence.

1. SUPPORTED: Fully supported by the evidence.
2. REFUTED: Clearly contradicted or unsupported by the evidence.
3. NEI: Not enough information to make a decision.

Provide exactly one label.

##input: Claim: 俄乌战事紧 美国军援忙

Evidences:
Evidence_1: [1]: ""全球连线_新华网_新华社国际传播融合平台 - news""[2]: ""China’s Response to War in Ukraine | Asian Survey | University of ...""[3]: ""新华国际_新华网 - news""[4]: ""2022俄乌之战｜72小时战事：乌方拒绝谈判俄军攻势加强_快看_澎湃新闻-The Paper""[5]: ""俄乌战争 - 维基百科，自由的百科全书""[6]: ""【俄乌冲突第二十一天】俄军宣布控制赫尔松州全境""您好，这是必应。根据您的搜索请求，我为您找到了以下五条相关消息：1. 俄罗斯总统普京于2022年2月24日清晨宣布，在顿巴斯地区发起特别军事行动，随后乌克兰多地发生冲突，俄乌双方各有人员伤亡[^1^][4]。2. 乌克兰总统泽连斯基于2022年2月25日晚间宣布，乌克兰全国进入战时状态，并向北约和欧盟求援[^1^][4]。3. 美国总统拜登于2022年2月26日发表电视讲话，谴责俄罗斯的侵略行为，并宣布向乌克兰提供紧急军事援助，包括武器、弹药、情报和医疗物资[^1^][4]。4. 中国外交部发言人华春莹于2022年2月27日就俄乌局势发表声明，呼吁有关各方保持克制，通过对话和协商解决分歧，维护地区和平与稳定[^2^][5]。5. 俄罗斯国防部长科纳申科夫于2022年3月16日宣布，俄军已经完全控制了赫尔松州全境区域，并向乌克兰政府提出停火条件，包括承认顿巴斯地区的自治权和撤回所有对俄罗斯的制裁[^3^][6]。以上消息的详细来源和内容可以在搜索结果中查看。如果您有其他问题或需要更多信息，请告诉我。😊 

 ##output:<end_of_turn>
<start_of_turn>model
","<bos><start_of_turn>user
You are a multilingual fact-checking expert. Classify the claim into: SUPPORTED, REFUTED, NEI.

Output format:
Claim Veracity: [label]

##Instruction: Classify the given Chinese claim into: SUPPORTED, REFUTED, NEI.
Provide exactly one label.

##input: Claim: 俄乌战事紧 美国军援忙

Evidences:
Evidence_1: * 

记者：胡晓光 陈嫱 孟菁 李铭 李东旭 邓仙来 耿鹏宇 沈敏
人 民 网 版 权 所 有 ，未 经 书 面 授 权 禁 止 使 用 Copyright © 1997-2022 by www.people.com.cn. all rights reserved

##output:<end_of_turn>
<start_of_turn>model
",nei,supported,
意大利大学把陀思妥耶夫斯基作品禁了,"<bos><start_of_turn>user
You are a multilingual fact-checking expert. You are given a news claim along with raw evidence related to the claim. Do not consider any other evidence. Your task is to evaluate the veracity of the claim based solely on the provided raw evidence.

 Output your answer in exactly the following format:
 Claim Veracity: [label]

 Answer with one word: SUPPORTED, REFUTED, NEI

##Instruction: Classify the given Chinese claim into one of the three categories (SUPPORTED, REFUTED, NEI) based on the provided evidence.

1. SUPPORTED: Fully supported by the evidence.
2. REFUTED: Clearly contradicted or unsupported by the evidence.
3. NEI: Not enough information to make a decision.

Provide exactly one label.

##input: Claim: 意大利大学把陀思妥耶夫斯基作品禁了

Evidences:
Evidence_1: 我找到了一些相关的新闻报道，但是它们都是2022年的新闻，与当前俄乌局势无关。      据报道，有传言称意大利一大学禁止教授有关俄罗斯作家陀思妥耶夫斯基的课程。校方回应称只是误会，仍将照常举行。  

 ##output:<end_of_turn>
<start_of_turn>model
","<bos><start_of_turn>user
You are a multilingual fact-checking expert. Classify the claim into: SUPPORTED, REFUTED, NEI.

Output format:
Claim Veracity: [label]

##Instruction: Classify the given Chinese claim into: SUPPORTED, REFUTED, NEI.
Provide exactly one label.

##input: Claim: 意大利大学把陀思妥耶夫斯基作品禁了

Evidences:


##output:<end_of_turn>
<start_of_turn>model
",supported,refuted,
俄罗斯启用苏联时期坦克T-34,"<bos><start_of_turn>user
You are a multilingual fact-checking expert. You are given a news claim along with raw evidence related to the claim. Do not consider any other evidence. Your task is to evaluate the veracity of the claim based solely on the provided raw evidence.

 Output your answer in exactly the following format:
 Claim Veracity: [label]

 Answer with one word: SUPPORTED, REFUTED, NEI

##Instruction: Classify the given Chinese claim into one of the three categories (SUPPORTED, REFUTED, NEI) based on the provided evidence.

1. SUPPORTED: Fully supported by the evidence.
2. REFUTED: Clearly contradicted or unsupported by the evidence.
3. NEI: Not enough information to make a decision.

Provide exactly one label.

##input: Claim:  俄罗斯启用苏联时期坦克T-34

Evidences:
Evidence_1: [1]: ""明查｜俄罗斯启用苏联时期坦克T-34？|俄军|俄罗斯_新浪新闻"" [2]: ""传奇坦克T-34“打头阵” 领衔亮相红场阅兵（现场）|红场阅兵|刘强_新浪新闻"" [3]: ""俄军启用老古董T-34？坦克坟场里的T62、T72还没用完_腾讯新闻""  俄罗斯最近在红场阅兵中启用了苏联时期的坦克T-34，这是一款在二战中立下汗马功劳的坦克。T-34因其性能可靠、操作简单等优点深受好评[^1^][2]。以下是五篇相关新闻：  1. 传奇坦克T-34“打头阵” 领衔亮相红场阅兵（现场）|红场阅兵|刘强_新浪新闻 [^1^][2] 2. 俄军启用老古董T-34？坦克坟场里的T62、T72还没用完_腾讯新闻 [^2^][3] 3. 俄罗斯在红场阅兵中启用二战时期遗留的T-34坦克 [^3^][1] 4. 俄罗斯红场阅兵：传奇坦克T-34领衔亮相 [^3^][1] 5. 俄罗斯红场阅兵：传奇坦克T-34领衔亮相 [^3^][1]  希望这些信息对你有所帮助。 

 ##output:<end_of_turn>
<start_of_turn>model
","<bos><start_of_turn>user
You are a multilingual fact-checking expert. Classify the claim into: SUPPORTED, REFUTED, NEI.

Output format:
Claim Veracity: [label]

##Instruction: Classify the given Chinese claim into: SUPPORTED, REFUTED, NEI.
Provide exactly one label.

##input: Claim:  俄罗斯启用苏联时期坦克T-34

Evidences:


##output:<end_of_turn>
<start_of_turn>model
",nei,refuted,
普京与朔尔茨通电话 乌俄交换被扣押人员,"<bos><start_of_turn>user
You are a multilingual fact-checking expert. You are given a news claim along with raw evidence related to the claim. Do not consider any other evidence. Your task is to evaluate the veracity of the claim based solely on the provided raw evidence.

 Output your answer in exactly the following format:
 Claim Veracity: [label]

 Answer with one word: SUPPORTED, REFUTED, NEI

##Instruction: Classify the given Chinese claim into one of the three categories (SUPPORTED, REFUTED, NEI) based on the provided evidence.

1. SUPPORTED: Fully supported by the evidence.
2. REFUTED: Clearly contradicted or unsupported by the evidence.
3. NEI: Not enough information to make a decision.

Provide exactly one label.

##input: Claim: 普京与朔尔茨通电话 乌俄交换被扣押人员

Evidences:
Evidence_1: [1]: ""In Call With Putin, Scholz Vows Germany’s Continued Support for Ukraine ...""[2]: ""Germany's Scholz, Russia's Putin discuss Ukraine in phone call""[3]: ""Ukraine war: Scholz says Vladimir Putin does not see war as ... - BBC""[4]: ""Russia's Putin tells Germany's Scholz that Western line on Ukraine is ...""您好，这是必应。根据网络搜索，以下是五条与您的查询相关的新闻：1. 《纽约时报》报道，德国总理奥拉夫·朔尔茨（Olaf Scholz）于周五与俄罗斯总统弗拉基米尔·普京（Vladimir V. Putin）通电话，承诺继续为乌克兰提供军事支持。据莫斯科方面称，普京在电话中谴责柏林和西方“向乌克兰输送武器”[^1^][1]。2. 路透社报道，德国总理奥拉夫·朔尔茨（Olaf Scholz）于周二与俄罗斯总统弗拉基米尔·普京（Vladimir Putin）通电话，敦促俄罗斯领导人根据停火协议和尽快撤出俄罗斯军队的原则，为乌克兰冲突寻找外交解决方案，德国政府发言人说[^2^][2]。3. 英国广播公司（BBC）报道，奥拉夫·朔尔茨（Olaf Scholz）周三对记者说，他在90分钟的通话中敦促普京（Putin）撤军并重新与乌克兰对话。他呼吁俄罗斯尊重乌克兰的主权，并表示普京没有将战争视为解决问题的选项[^3^][3]。4. 路透社报道，俄罗斯总统弗拉基米尔·普京（Vladimir Putin）在周五与德国总理奥拉夫·朔尔茨（Olaf Scholz）的电话中表示，德国和西方对乌克兰的立场是“破坏性”的，并敦促柏林重新考虑其立场[^4^][4]。5. 据《华盛顿邮报》报道，乌克兰和俄罗斯周一交换了被扣押人员，其中包括一名被指控参与2014年马航MH17航班坠毁的前乌克兰士兵。这是两国自2019年以来首次进行囚犯交换，被视为缓和紧张局势的一个信号。 

 ##output:<end_of_turn>
<start_of_turn>model
","<bos><start_of_turn>user
You are a multilingual fact-checking expert. Classify the claim into: SUPPORTED, REFUTED, NEI.

Output format:
Claim Veracity: [label]

##Instruction: Classify the given Chinese claim into: SUPPORTED, REFUTED, NEI.
Provide exactly one label.

##input: Claim: 普京与朔尔茨通电话 乌俄交换被扣押人员

Evidences:


##output:<end_of_turn>
<start_of_turn>model
",supported,refuted,
Twenty-two million jobs were created during Clinton  s two terms but only 3 million during Bush  s.,"<bos><start_of_turn>user
You are a multilingual fact-checking expert. You are given a news claim along with raw evidence related to the claim. Do not consider any other evidence. Your task is to evaluate the veracity of the claim based solely on the provided raw evidence.

 Output your answer in exactly the following format:
 Claim Veracity: [label]

 Answer with one word: SUPPORTED, REFUTED, NEI

##Instruction: Classify the given English claim into one of the three categories (SUPPORTED, REFUTED, NEI) based on the provided evidence.

1. SUPPORTED: Fully supported by the evidence.
2. REFUTED: Clearly contradicted or unsupported by the evidence.
3. NEI: Not enough information to make a decision.

Provide exactly one label.

##input: Claim: Twenty-two million jobs were created during Clinton  s two terms but only 3 million during Bush  s.

Evidences:
Evidence_1: 1. ""This claim is a statement made by an individual on Twitter.""    The Guardian article provides further context for the claim, noting that the statement was made by an individual on Twitter and providing a link to the article for readers to access more information.  2. ""The statement has been widely reported and discussed on social media platforms.""    TMZ article addresses potential limitations or concerns regarding the claim, providing further context for the claim. TMZ article notes that the statement has been widely reported and discussed on social media platforms, illustrating the ongoing debate surrounding U.S. political figures and their impact on the economy related to job creation during their respective terms in office.  3. ""There is no direct evidence to support the claim that Clinton created more jobs than Bush during their terms in office.""    Forbes article addresses potential alternatives or counterarguments to the claim, providing additional context for the claim. Forbes article notes that there is no direct evidence to support the claim that Clinton created more jobs than Bush during their terms in office, illustrating the ongoing debate surrounding U.S. political figures and their impact on the economy related to job creation.  4. ""The statement may be an attempt to highlight the differences in policies and economic conditions between Clinton and Bush administrations.""    The New York Times article addresses potential critiques or counterarguments to the claim, providing further context for the claim. The New York Times article notes that the statement may be an attempt to highlight the differences in policies and economic conditions between Clinton and Bush administrations, illustrating the ongoing debate surrounding U.S. political figures and their impact on the economy related to job creation.  5. ""In reality, it is difficult to accurately compare job creation during different administrations due to a variety of factors such as economic conditions and policy changes.""    Wikipedia article addresses potential limitations or concerns regarding the claim, providing further context for the claim. Wikipedia article notes that it is difficult to accurately compare job creation during different administrations due to a variety of factors such as economic conditions and policy changes, illustrating the ongoing debate surrounding U.S. political figures and their impact on the economy related to job creation. 

 ##output:<end_of_turn>
<start_of_turn>model
","<bos><start_of_turn>user
You are a multilingual fact-checking expert. Classify the claim into: SUPPORTED, REFUTED, NEI.

Output format:
Claim Veracity: [label]

##Instruction: Classify the given English claim into: SUPPORTED, REFUTED, NEI.
Provide exactly one label.

##input: Claim: Twenty-two million jobs were created during Clinton  s two terms but only 3 million during Bush  s.

Evidences:
Evidence_1: ###  Stand up for the facts! Our only agenda is to publish the truth so you can be an informed participant in democracy. We need your help. ###  I would like to contribute 
stated on July 14, 2010 in an interview with Rachel Maddow : 
Twenty-two million jobs were created during Clinton’s two terms but only 3 million during Bush’s. Politicians can slice and dice monthly job reports expertly, a useful skill for scoring economic talking points. Include a few months’ worth of job losses here, exclude some job gains there, or do it in reverse, and pretty soon it’s all some scoundrel’s fault. (Never mind whom that scoundrel is.) So U.S. Sen. Sherrod Brown caught our attention when he took a broader historical look while appearing July 14 on Rachel Maddow’s program on MSNBC. ""We saw jobs created, 22 million in the Clinton years,"" said Brown, a Democrat who’s not up for reelection until 2012.

Evidence_2: We need your help. ###  I would like to contribute 
stated on July 14, 2010 in an interview with Rachel Maddow : 
Twenty-two million jobs were created during Clinton’s two terms but only 3 million during Bush’s. Politicians can slice and dice monthly job reports expertly, a useful skill for scoring economic talking points. Include a few months’ worth of job losses here, exclude some job gains there, or do it in reverse, and pretty soon it’s all some scoundrel’s fault. (Never mind whom that scoundrel is.) So U.S. Sen. Sherrod Brown caught our attention when he took a broader historical look while appearing July 14 on Rachel Maddow’s program on MSNBC. ""We saw jobs created, 22 million in the Clinton years,"" said Brown, a Democrat who’s not up for reelection until 2012. ""Because they were responsible about cutting taxes selectively and increasing taxes selectively and they were responsible about what government programs they formed and they dismantled. Twenty-two million jobs created and incomes went up in those eight years for the average American. And in the next eight years, the eight Bush years, only 3 million jobs created and that wasn`t even enough to keep up with population growth."" The quantitative claims seemed worth checking out, and in doing so we found a surprise: Brown is wrong – but not in a way he’ll likely mind. No fan of President George W. Bush, Brown grossly understated the poor job growth that occurred on Bush’s watch. The comparison should have been this: Job growth through Clinton two terms was 22.7 million. Through Bush’s two terms, it was 1.1 million. Brown isn’t alone in making this error.

Evidence_3: You, too, can do the math. The jobs numbers are based on a monthly survey of employers for the 12th of each month, but the initial reports are revised as more employers complete their survey over the following couple of months. A fuller census of employment and wages is conducted quarterly and is considered more accurate, so BLS eventually adjusts the monthly numbers to reflect that accuracy. Here are the latest numbers: 
  * Number of jobs as of January, 1993, a week before Clinton took office: 109.725 million. * Number of jobs as of Jan. 2001, a week before Clinton left office: 132.469 million
  * Net Gain under Clinton: 22.7 million jobs. Now for Bush, who succeeded Clinton in the White House. As already noted, the nation had 132.469 million jobs as he was taking office. * Number of jobs on Jan. 12, 2009, a week before Bush left office: 133.549 million. * Net gain under Bush: 1.08 million jobs. OK, but what about Brown’s claim that incomes went up under Clinton? The numbers bear this out, too. BLS data, adjusted for inflation, show that average weekly wages grew by 21 percent from the start of Clinton’s first term to the end of his second term. They grew by only 2 percent under Bush’s two terms. Is it fair to compare job growth under these presidents? Just in case we were missing some context – because these numbers seemed to turn conventional wisdom of its head -- we ran this by Dan Mitchell, an economist and fan of fiscal restraint who works as a senior fellow at the Cato Institute, a libertarian-oriented think tank. Mitchell said he didn’t find the numbers surprising. Luck and the economic cycle played a role in both presidencies, but the officeholders’ policies played bigger roles, he said.

Evidence_4: ""Because they were responsible about cutting taxes selectively and increasing taxes selectively and they were responsible about what government programs they formed and they dismantled. Twenty-two million jobs created and incomes went up in those eight years for the average American. And in the next eight years, the eight Bush years, only 3 million jobs created and that wasn`t even enough to keep up with population growth."" The quantitative claims seemed worth checking out, and in doing so we found a surprise: Brown is wrong – but not in a way he’ll likely mind. No fan of President George W. Bush, Brown grossly understated the poor job growth that occurred on Bush’s watch. The comparison should have been this: Job growth through Clinton two terms was 22.7 million. Through Bush’s two terms, it was 1.1 million. Brown isn’t alone in making this error. The Democratic Senatorial Campaign Committee used the 3 million figure in a news release on July 20 when trying to use Bush’s record on jobs as a weapon against one of his former top aides, Rob Portman. Portman is the Republican in the U.S. Senate race to succeed George Voinovich, who is retiring. Brown’s office wasn’t sure where the senator got his figures, but we did some tracing and concluded it probably came from a Wall Street Journal online story of Jan. 9, 2009. That’s where the Democratic committee says it got its numbers, too. The Wall Street Journal examined net job growth for more than half a century and declared that Bush had the ""worst track record on record."" That doesn’t mean it’s the worst ever. It’s just the worst since the Labor Department started keeping payroll records in 1939.

Evidence_5: Said the Journal: ""The Bush administration created about three million jobs (net) over its eight years, a fraction of the 23 million jobs created under President Bill Clinton’s administration and only slightly better than President George H.W. Bush did in his four years in office."" We wanted to look at those numbers ourselves, so we turned to the Department of Labor’s Bureau of Labor Statistics, or BLS. Getting guidance on the data from BLS and using Excel spreadsheets, we discovered not only that Brown and the Democrats have been wrong, but also why. It was a matter of timing. BLS had only preliminary data on Bush’s final performance at the close of his second term, when the Wall Street Journal was doing its story. BLS subsequently updated the data. It turned out that things were way worse than the preliminary numbers showed. We shared this assessment with the Journal reporter, who agreed. It’s not a matter of whose numbers were better. It’s a matter of what was known and when. You, too, can do the math. The jobs numbers are based on a monthly survey of employers for the 12th of each month, but the initial reports are revised as more employers complete their survey over the following couple of months. A fuller census of employment and wages is conducted quarterly and is considered more accurate, so BLS eventually adjusts the monthly numbers to reflect that accuracy. Here are the latest numbers: 
  * Number of jobs as of January, 1993, a week before Clinton took office: 109.725 million. * Number of jobs as of Jan. 2001, a week before Clinton left office: 132.469 million
  * Net Gain under Clinton: 22.7 million jobs. Now for Bush, who succeeded Clinton in the White House. As already noted, the nation had 132.469 million jobs as he was taking office. * Number of jobs on Jan. 12, 2009, a week before Bush left office: 133.549 million. * Net gain under Bush: 1.08 million jobs.

##output:<end_of_turn>
<start_of_turn>model
",supported,refuted,
"Russian dissident Denis Voronenkov, who was gunned down in March 2017, was slated to testify against former Trump campaign manager Paul Manafort in a treason trial in Ukraine.","<bos><start_of_turn>user
You are a multilingual fact-checking expert. You are given a news claim along with raw evidence related to the claim. Do not consider any other evidence. Your task is to evaluate the veracity of the claim based solely on the provided raw evidence.

 Output your answer in exactly the following format:
 Claim Veracity: [label]

 Answer with one word: SUPPORTED, REFUTED, NEI

##Instruction: Classify the given English claim into one of the three categories (SUPPORTED, REFUTED, NEI) based on the provided evidence.

1. SUPPORTED: Fully supported by the evidence.
2. REFUTED: Clearly contradicted or unsupported by the evidence.
3. NEI: Not enough information to make a decision.

Provide exactly one label.

##input: Claim: Russian dissident Denis Voronenkov, who was gunned down in March 2017, was slated to testify against former Trump campaign manager Paul Manafort in a treason trial in Ukraine.

Evidences:
Evidence_1: On 23 March 2017, an assortment of?left-leaning political web sites, including Occupy Democrats and the?Palmer Report, published articles reporting that Russian dissident?Denis Voronenkov, who was shot dead earlier that same day in Ukraine, was to?have been a ""star witness"" in a treason trial involving former Trump campaign manager Paul Manafort:The clear implication was that the purpose of the killing may have been   to prevent Voronenkov, a former?member of Russia's parliament and Putin critic who fled to Ukraine, from incriminating Manafort at Yanukovych's trial, scheduled?to take place in March 2017.Mainstream news outlets such as CNN had reported that Voronenkov was indeed cooperating with?Ukrainian prosecutors and would?be a ""key witness""?against Yanukovych.However, we have encountered?no evidence that Voronenkov planned to testify?about Paul Manafort in any respect. In fact, Voronenkov?stated?as recently as February 2017 that he knew nothing about Manafort.As previously reported, Manafort resigned after serving?five months as Donald Trump's campaign manager in August 2016 after?handwritten ledgers?published in the?New York Times indicated?he had received $12.7 million?in ""illegal"" cash payments   from Victor Yanukovych's Moscow-backed?political party between 2007 and 2012. Although Manafort denied receiving?such payments, he stepped down from the Trump organization?at a moment when it was combating?general allegations about ties between the campaign and Russia  .Even so, any imputation of a link?between the shooting of Denis Voronenkov and Manafort's dealings?with Victor Yanukovych is purely speculative, and indeed contradicts Voronenkov's own public statements in that regard. 

 ##output:<end_of_turn>
<start_of_turn>model
","<bos><start_of_turn>user
You are a multilingual fact-checking expert. Classify the claim into: SUPPORTED, REFUTED, NEI.

Output format:
Claim Veracity: [label]

##Instruction: Classify the given English claim into: SUPPORTED, REFUTED, NEI.
Provide exactly one label.

##input: Claim: Russian dissident Denis Voronenkov, who was gunned down in March 2017, was slated to testify against former Trump campaign manager Paul Manafort in a treason trial in Ukraine.

Evidences:
Evidence_1: # Was a Murdered Russian Ex-Politician to Testify Against Paul Manafort in Treason Trial? ## Unreliable sources claimed that Denis Voronenkov, a Vladimir Putin critic who was shot dead in Ukraine in March 2017, was slated to testify against Trump's former campaign manager. Russian dissident Denis Voronenkov, who was gunned down in March 2017, was slated to testify against former Trump campaign manager Paul Manafort in a treason trial in Ukraine. On 23 March 2017, an assortment of left-leaning political web sites, including and the , published articles reporting that Russian dissident Denis Voronenkov, who was dead earlier that same day in Ukraine, was to have been a ""star witness"" in a treason trial involving former Trump campaign manager Paul Manafort:
> Yesterday, documents surfaced showing that former Trump Campaign Chair Paul Manafort had received at least $750,000 in illegal payments from former Ukrainian President Victor Yanukovych, who is about to be tried for treason in absentia in Ukraine. > Today, Denis Voronenkov was shot to death in the streets of Kiev in broad daylight, just a few weeks after he said he would testify against Yanukovych and his cohorts — Manafort included. > This is only the latest in a list of Russian dissidents to be murdered or die under mysterious circumstances since the U.S. Election.

Evidence_2: On 23 March 2017, an assortment of left-leaning political web sites, including and the , published articles reporting that Russian dissident Denis Voronenkov, who was dead earlier that same day in Ukraine, was to have been a ""star witness"" in a treason trial involving former Trump campaign manager Paul Manafort:
> Yesterday, documents surfaced showing that former Trump Campaign Chair Paul Manafort had received at least $750,000 in illegal payments from former Ukrainian President Victor Yanukovych, who is about to be tried for treason in absentia in Ukraine. > Today, Denis Voronenkov was shot to death in the streets of Kiev in broad daylight, just a few weeks after he said he would testify against Yanukovych and his cohorts — Manafort included. > This is only the latest in a list of Russian dissidents to be murdered or die under mysterious circumstances since the U.S. Election. The timing of Voronenkov’s murder in conjunction with the latest revelations about Manafort — a man he was likely to incriminate — makes this latest tragedy all the more suspect. The clear implication was that the purpose of the killing may have been (at least in part) to prevent Voronenkov, a former member of Russia's parliament and Putin critic who fled to Ukraine, from incriminating Manafort at Yanukovych's trial, scheduled to take place in March 2017. Mainstream news outlets such as CNN had that Voronenkov was indeed cooperating with Ukrainian prosecutors and would be a ""key witness"" against Yanukovych. However, we have encountered no evidence that Voronenkov planned to testify about Paul Manafort in any respect. In fact, Voronenkov as recently as February 2017 that he knew nothing about Manafort.

Evidence_3: The timing of Voronenkov’s murder in conjunction with the latest revelations about Manafort — a man he was likely to incriminate — makes this latest tragedy all the more suspect. The clear implication was that the purpose of the killing may have been (at least in part) to prevent Voronenkov, a former member of Russia's parliament and Putin critic who fled to Ukraine, from incriminating Manafort at Yanukovych's trial, scheduled to take place in March 2017. Mainstream news outlets such as CNN had that Voronenkov was indeed cooperating with Ukrainian prosecutors and would be a ""key witness"" against Yanukovych. However, we have encountered no evidence that Voronenkov planned to testify about Paul Manafort in any respect. In fact, Voronenkov as recently as February 2017 that he knew nothing about Manafort. As previously reported, Manafort after serving five months as Donald Trump's campaign manager in August 2016 after handwritten published in the indicated he had received $12.7 million in ""illegal"" cash payments (according to Ukrainian anti-corruption investigators) from Victor Yanukovych's Moscow-backed political party between 2007 and 2012. Although Manafort denied receiving such payments, he stepped down from the Trump organization at a moment when it was combating general allegations about ties between the campaign and Russia (as of this writing, those alleged ties are still the subject of an FBI ). Even so, any imputation of a link between the shooting of Denis Voronenkov and Manafort's dealings with Victor Yanukovych is purely speculative, and indeed contradicts Voronenkov's own public statements in that regard.

Evidence_4: As previously reported, Manafort after serving five months as Donald Trump's campaign manager in August 2016 after handwritten published in the indicated he had received $12.7 million in ""illegal"" cash payments (according to Ukrainian anti-corruption investigators) from Victor Yanukovych's Moscow-backed political party between 2007 and 2012. Although Manafort denied receiving such payments, he stepped down from the Trump organization at a moment when it was combating general allegations about ties between the campaign and Russia (as of this writing, those alleged ties are still the subject of an FBI ). Even so, any imputation of a link between the shooting of Denis Voronenkov and Manafort's dealings with Victor Yanukovych is purely speculative, and indeed contradicts Voronenkov's own public statements in that regard. Collinson, Stephen. ""FBI: Trump Campaign, Russia Ties Investigated, No Wiretap Evidence Found."" CNN. 21 March 2017. Hanna, Jason and Butenko, Victoria. ""Ukraine's Leader Calls Killing of Putin Critic a Russian Terror Act."" CNN. 24 March 2017. Kramer, Andrew E., McIntire, Mike and Meier, Barry. ""Secret Ledger in Ukraine Lists Cash for Donald Trump's Campaign Chief."" . 14 August 2016. McCaskill, Nolan D., Isenstadt, Alex and Goldmacher, Shane. ""Paul Manafort Resigns from Trump Campaign."" Politico.com. 19 August 2016. Meyers, Steven Lee and Kramer, Andrew E. ""How Paul Manafort Wielded Power in Ukraine Before Advising Donald Trump."" . 31 July 2016. Nemtsova, Anna. ""Russian Whistleblowers Turn on Putin — But Can They Be Trusted?"" Daily Beast.

Evidence_5: 17 February 2017. Norton, Sheila. ""Star Witness in Treason Trial Involving Trump's Campaign Chair Was Just Shot Dead."" Occupy Democrats. 23 March 2017. Palmer, Bill. ""Russian Dissident Shot Dead Who Would Have Been Star Witness in Paul Manafort Trial in Ukraine."" Palmer Report. 23 March 2017. Roth, Andrew and Gryvnyak, Natalie. ""Days Before His Death, Putin Critic Said in Interview He Knew He Was in Danger."" . 23 March 2017. David Emery is a West Coast-based writer and editor with 25 years of experience fact-checking rumors, hoaxes, and contemporary legends.

##output:<end_of_turn>
<start_of_turn>model
",nei,refuted,
"U.S. House of Representatives Andy Ogles, whose district includes the Tennessee school where six people were fatally shot, took a Christmas photo of family posing with guns.","<bos><start_of_turn>user
You are a multilingual fact-checking expert. You are given a news claim along with raw evidence related to the claim. Do not consider any other evidence. Your task is to evaluate the veracity of the claim based solely on the provided raw evidence.

 Output your answer in exactly the following format:
 Claim Veracity: [label]

 Answer with one word: SUPPORTED, REFUTED, NEI

##Instruction: Classify the given English claim into one of the three categories (SUPPORTED, REFUTED, NEI) based on the provided evidence.

1. SUPPORTED: Fully supported by the evidence.
2. REFUTED: Clearly contradicted or unsupported by the evidence.
3. NEI: Not enough information to make a decision.

Provide exactly one label.

##input: Claim: U.S. House of Representatives Andy Ogles, whose district includes the Tennessee school where six people were fatally shot, took a Christmas photo of family posing with guns.

Evidences:
Evidence_1: On March 27, 2023, claims spread on Twitter that the U.S. House of Representatives member whose district included the Tennessee school where six people were fatally shot had taken a Christmas photo of family posing with guns. While his district did include Covenant School, we found the photograph was actually from 2021. ""THIS is last year's Christmas card from Tennessee Rep. Andy Ogles, a Republican who represents the district that Covenant School is in in Nashville,"" Moms Demand Action founder Shannon Watts posted.  The claim also spread to other social platforms, like Reddit. We found a December 2021 post from Ogles' Facebook account with a photograph that matched the one spread on Twitter. It appeared to have been taken down by the afternoon of March 27, hours after a woman opened fire at Covenant. We reached out to Ogles to confirm, and will update this post if we hear back. ""MERRY CHRISTMAS! ????The Ogles Family,"" the post said. It also included a quote that had been dubiously attributed to George Washington, ""The very atmosphere of firearms anywhere and everywhere restrains evil interference - they deserve a place of honor with all that's good."" Ogles represents the school's area in the U.S. House of Representatives. He took office in 2023, and previously was the mayor of Maury County, which is in the Middle Tennessee region.?In February 2023, it was reported?that Ogles had overstated his resume. He later admitted to misstating his college major. 

 ##output:<end_of_turn>
<start_of_turn>model
","<bos><start_of_turn>user
You are a multilingual fact-checking expert. Classify the claim into: SUPPORTED, REFUTED, NEI.

Output format:
Claim Veracity: [label]

##Instruction: Classify the given English claim into: SUPPORTED, REFUTED, NEI.
Provide exactly one label.

##input: Claim: U.S. House of Representatives Andy Ogles, whose district includes the Tennessee school where six people were fatally shot, took a Christmas photo of family posing with guns.

Evidences:
Evidence_1: # Yes, US Rep Whose District Covers Covenant School Took Christmas Photo of Family Holding Guns
## The picture is from 2021, however, more than a year before a woman shot up the school, killing six. U.S. House of Representatives Andy Ogles, whose district includes the Tennessee school where six people were fatally shot, took a Christmas photo of family posing with guns. The picture was from 2021, however, not 2023, as some users claimed. On March 27, 2023, claims spread on Twitter that the U.S. House of Representatives member whose district included the Tennessee school where six people were fatally shot had taken a Christmas photo of family posing with guns. While his district did include Covenant School, we found the photograph was actually from 2021. ""THIS is last year's Christmas card from Tennessee Rep. Andy Ogles, a Republican who represents the district that Covenant School is in in Nashville,"" Moms Demand Action founder Shannon Watts . > THIS is last year's Christmas card from Tennessee Rep. Andy Ogles, a Republican who represents the district that Covenant School is in in Nashville. > — Shannon Watts (@shannonrwatts) 
The claim also spread to other social platforms, like . We found a December 2021 post from Ogles' Facebook account with a photograph that matched the one spread on Twitter. It appeared to have been taken down by the afternoon of March 27, hours after a woman opened fire at Covenant. We reached out to Ogles to confirm, and will update this post if we hear back. ""MERRY CHRISTMAS! ? ?? ?The Ogles Family,"" the post said.

Evidence_2: > THIS is last year's Christmas card from Tennessee Rep. Andy Ogles, a Republican who represents the district that Covenant School is in in Nashville. > — Shannon Watts (@shannonrwatts) 
The claim also spread to other social platforms, like . We found a December 2021 post from Ogles' Facebook account with a photograph that matched the one spread on Twitter. It appeared to have been taken down by the afternoon of March 27, hours after a woman opened fire at Covenant. We reached out to Ogles to confirm, and will update this post if we hear back. ""MERRY CHRISTMAS! ? ?? ?The Ogles Family,"" the post said. It also included a quote that had been dubiously to George Washington, ""The very atmosphere of firearms anywhere and everywhere restrains evil interference - they deserve a place of honor with all that's good."" Ogles the school's area in the U.S. House of Representatives. He took office in 2023, and previously was the mayor of Maury County, which is in the Middle Tennessee region. In February 2023, it was that Ogles had overstated his resume. He later admitted to his college major. Long, Katherine Long et al. ""GOP Rep. Andy Ogles Claimed to Fight International Sex Crimes and Be an Economic Expert. Like George Santos, His Real Resume Tells Another Story."" , https://www.businessinsider.com/andy-ogles-tennessee-congress-republican-george-santos-resume-lies-2023-2. Accessed 27 Mar. 2023. Manseau, Peter.

Evidence_3: It also included a quote that had been dubiously to George Washington, ""The very atmosphere of firearms anywhere and everywhere restrains evil interference - they deserve a place of honor with all that's good."" Ogles the school's area in the U.S. House of Representatives. He took office in 2023, and previously was the mayor of Maury County, which is in the Middle Tennessee region. In February 2023, it was that Ogles had overstated his resume. He later admitted to his college major. Long, Katherine Long et al. ""GOP Rep. Andy Ogles Claimed to Fight International Sex Crimes and Be an Economic Expert. Like George Santos, His Real Resume Tells Another Story."" , https://www.businessinsider.com/andy-ogles-tennessee-congress-republican-george-santos-resume-lies-2023-2. Accessed 27 Mar. 2023. Manseau, Peter. ""Perspective | Why so Many Guns on Christmas Cards? Because Jesus Was 'Manly and Virile.'"" Washington Post, 17 Dec. 2021. , https://www.washingtonpost.com/outlook/2021/12/14/guns-christmas-thomas-massie-lauren-boebert/. Schnell, Mychael. ""Tennessee Republican Andy Ogles Acknowledges Misstating His College Degree."" , 27 Feb. 2023, https://thehill.com/homenews/house/3876079-tennessee-republican-acknowledges-misstating-his-college-degree/. Izz Scott LaMagdeleine is a fact-checker for Snopes.

##output:<end_of_turn>
<start_of_turn>model
",supported,nei,
白俄罗斯总统警告运动员不拿牌就别回国,"<bos><start_of_turn>user
You are a multilingual fact-checking expert. You are given a news claim along with raw evidence related to the claim. Do not consider any other evidence. Your task is to evaluate the veracity of the claim based solely on the provided raw evidence.

 Output your answer in exactly the following format:
 Claim Veracity: [label]

 Answer with one word: SUPPORTED, REFUTED, NEI

##Instruction: Classify the given Chinese claim into one of the three categories (SUPPORTED, REFUTED, NEI) based on the provided evidence.

1. SUPPORTED: Fully supported by the evidence.
2. REFUTED: Clearly contradicted or unsupported by the evidence.
3. NEI: Not enough information to make a decision.

Provide exactly one label.

##input: Claim: 白俄罗斯总统警告运动员不拿牌就别回国

Evidences:
Evidence_1: [1]: ""来自Aljazeera的国际新闻与深度评析"" [2]: ""美国之音中文网新闻 - 美国之音中文网"" [3]: ""Google News""  以下是五篇相关新闻，希望对您有所帮助：  1. 【BBC】白俄罗斯总统：运动员不拿牌就别回国[^1^][1] 2. 【新华网】白俄罗斯总统：运动员不拿牌就别回国[^2^][2] 3. 【人民网】白俄罗斯总统：运动员不拿牌就别回国[^3^][3] 4. 【环球网】白俄罗斯总统：运动员不拿牌就别回国 5. 【澎湃新闻】白俄罗斯总统：运动员不拿牌就别回国  这些新闻都是关于白俄罗斯总统的警告，要求运动员在比赛中获得奖牌，否则他们将无法回到家乡。[^1^][1] [^2^][2] [^3^][3]    [^1^][1]: http://www.xinhuanet.com/world/2022-06/22/c_1128706847.htm [^3^][3]: https://world.huanqiu.com/article/47WJ6vJjQ9O : https://www.thepaper.cn/newsDetail_forward_18205527  请注意，这些新闻的内容可能会因时间而变化。 

 ##output:<end_of_turn>
<start_of_turn>model
","<bos><start_of_turn>user
You are a multilingual fact-checking expert. Classify the claim into: SUPPORTED, REFUTED, NEI.

Output format:
Claim Veracity: [label]

##Instruction: Classify the given Chinese claim into: SUPPORTED, REFUTED, NEI.
Provide exactly one label.

##input: Claim: 白俄罗斯总统警告运动员不拿牌就别回国

Evidences:
Evidence_1: “Lukashenko: If there are no results in Tokyo Olympics, don’t come back to Belarus”

##output:<end_of_turn>
<start_of_turn>model
",nei,supported,
俄乌冲突令日本经济复苏进一步承压,"<bos><start_of_turn>user
You are a multilingual fact-checking expert. You are given a news claim along with raw evidence related to the claim. Do not consider any other evidence. Your task is to evaluate the veracity of the claim based solely on the provided raw evidence.

 Output your answer in exactly the following format:
 Claim Veracity: [label]

 Answer with one word: SUPPORTED, REFUTED, NEI

##Instruction: Classify the given Chinese claim into one of the three categories (SUPPORTED, REFUTED, NEI) based on the provided evidence.

1. SUPPORTED: Fully supported by the evidence.
2. REFUTED: Clearly contradicted or unsupported by the evidence.
3. NEI: Not enough information to make a decision.

Provide exactly one label.

##input: Claim: 俄乌冲突令日本经济复苏进一步承压

Evidences:
Evidence_1: [1]: ""日经中文网--日本经济新闻中文版""[2]: ""METI Ministry of Economy, Trade and Industry - 経済産業省""[3]: ""The Japanese Economic Review | Home - Springer""[4]: ""俄乌冲突百日思｜国际经济秩序加速调整，对中国影响如何_外交学人_澎湃新闻-The Paper""[5]: ""回顾2022年：可视化俄乌战争进程 | 乌克兰战争 新闻 | 半岛电视台""[6]: ""俄乌冲突一周年回望：推动世界格局进行深度调整-新华网""[7]: ""美“拱火”俄乌冲突给世界经济添了哪些伤 - 新华网""您好，这是必应。我找到了以下五条相关新闻：- 《俄乌冲突百日思｜国际经济秩序加速调整，对中国影响如何》[^1^][4]：该文分析了俄乌冲突背后的能源出口国和能源进口国之间的深层矛盾，以及对中国经济和外交的影响。- 《回顾2022年：可视化俄乌战争进程》[^2^][5]：该文通过地图和图表展示了俄乌战争的进程、人力成本和全球反应，揭示了战争对欧洲和世界的深远影响。- 《俄乌冲突一周年回望：推动世界格局进行深度调整》[^3^][6]：该文认为俄乌冲突是冷战结束以来最大的地缘政治冲突，加剧了国际政治中的集团对抗和阵营对立，同时也催生了新的合作机会和平衡力量。- 《美“拱火”俄乌冲突给世界经济添了哪些伤》[^4^][7]：该文指出美国在俄乌冲突中的角色和立场，以及其对全球能源市场、金融市场和贸易市场的影响。- 《日本经济受俄乌冲突影响或将陷入衰退》：该文分析了俄乌冲突对日本经济的负面影响，包括能源价格上涨、出口下降、消费者信心下降等，预测日本经济可能出现两个季度的负增长。您是否想要了解更多细节？如果是，请告诉我您感兴趣的新闻编号。 

 ##output:<end_of_turn>
<start_of_turn>model
","<bos><start_of_turn>user
You are a multilingual fact-checking expert. Classify the claim into: SUPPORTED, REFUTED, NEI.

Output format:
Claim Veracity: [label]

##Instruction: Classify the given Chinese claim into: SUPPORTED, REFUTED, NEI.
Provide exactly one label.

##input: Claim: 俄乌冲突令日本经济复苏进一步承压

Evidences:
Evidence_1: 人 民 网 版 权 所 有 ，未 经 书 面 授 权 禁 止 使 用 Copyright © 1997-2022 by www.people.com.cn. all rights reserved

##output:<end_of_turn>
<start_of_turn>model
",supported,nei,
A woman seduces her husband at Halloween party and then finds out he switched costumes with someone else.,"<bos><start_of_turn>user
You are a multilingual fact-checking expert. You are given a news claim along with raw evidence related to the claim. Do not consider any other evidence. Your task is to evaluate the veracity of the claim based solely on the provided raw evidence.

 Output your answer in exactly the following format:
 Claim Veracity: [label]

 Answer with one word: SUPPORTED, REFUTED, NEI

##Instruction: Classify the given English claim into one of the three categories (SUPPORTED, REFUTED, NEI) based on the provided evidence.

1. SUPPORTED: Fully supported by the evidence.
2. REFUTED: Clearly contradicted or unsupported by the evidence.
3. NEI: Not enough information to make a decision.

Provide exactly one label.

##input: Claim: A woman seduces her husband at Halloween party and then finds out he switched costumes with someone else.

Evidences:
Evidence_1: No matter how many times this joke-cum-legend is passed off as a recent tale, nothing will change the fact that it's at least 40 years old. A 1988 issue of Reader's Digest published: A 1965 joke book included a version involving a headachy wife who slips out of a costume party, switches outfits at home, then returns to the country club dance where she’d left her husband. She spots a figure wearing her husband’s costume, and a bit of dancing and wickedly persuasive moonlight leads to her romancing its wearer in the back seat of a parked car. They part, and  , she arrives home before her husband does. When she asks her hubby how his night was, his description of the evening has him trading places with the bartender, a dour fellow who had previously complained about never having the opportunity to get in on the usual ribald Halloween party fun. This legend is a neat reverse twist on the typical mistaken-identity legend in which an unsuspecting?individual — either?through the manipulation of others or his own lustful?excesses — ends?up in bed with the wrong partner. In this particular tale, however, a suspicious wife attempts to maneuver her husband away from other women and into her own bed, but her mistrust of her spouse is unfounded, and?she?is the one who ends up with the wrong partner. Much like the?""Birthday Suited""?legend, a spouse who unfairly underestimates his or her partner is placed in an embarrassing and awkward position as a result. Proof that you can’t keep a good story down are recent appearances of this tale told as true, first-person accounts. The following comes from a 1998 issue of?Cosmopolitan?magazine: This version, which adds a touch of incest to the mix, was published in?Playboy magazine in 2004: The story was also told in:Holt, David and Bill Mooney. ??Spiders in the Hairdo. Little Rock: August House, 1999. ? ISBN 0-87483-525-9 ?  .? ??The Big Book of Urban Legends. New York: Paradox Press, 1994. ? ISBN 1-56389-165-4 ?  . 

 ##output:<end_of_turn>
<start_of_turn>model
","<bos><start_of_turn>user
You are a multilingual fact-checking expert. Classify the claim into: SUPPORTED, REFUTED, NEI.

Output format:
Claim Veracity: [label]

##Instruction: Classify the given English claim into: SUPPORTED, REFUTED, NEI.
Provide exactly one label.

##input: Claim: A woman seduces her husband at Halloween party and then finds out he switched costumes with someone else.

Evidences:
Evidence_1: # Legend: Wife Seduces Husband at Halloween Party — but He Switched Costumes? ## This story has circulated in various forms since at least the 1960s. ** Friends are having costume party for Halloween. They are wearing vampire's, grim reaper's and witch's costume and celebrating. (Image courtesy of Getty Images) **
A woman seduces her husband at Halloween party and then finds out he switched costumes with someone else. No matter how many times this joke-cum-legend is passed off as a recent tale, nothing will change the fact that it's at least 40 years old. A 1988 issue of Reader's Digest published:
> On the night of the masked ball, a woman developed a migraine and told her husband to go alone. Later she felt better, so she got into her costume, which her husband had never seen. When she arrived and saw her spouse prancing around with one woman after another, she decided to get even. > Seductively, she whispered sweet nothings in his ear and after a long embrace lured him to the garden. Just before midnight, when everyone was to unmask, the woman slipped away and returned home. Her husband didn’t arrive until 3 A.M.
> 'How was the party?' she asked. > 'To tell the truth,” her husband replied, when I got there I saw that Pete, Bill and Fred were stag, too, so we went into the den and played poker.' > 'You played cards all night?' she shrieked. > 'Yeah,' he told her. 'I gave my costume to Charlie. He said he had the time of his life.' A 1965 joke book included a version involving a headachy wife who slips out of a party, switches outfits at home, then returns to the country club dance where she’d left her husband.

Evidence_2: On the night of the party, the wife had a headache and told her husband to go to the event alone. > Reluctantly, he agreed. He put on a bear costume and left. The wife fell asleep and woke up an hour later feeling great. She decided to go to the party after all, and it occurred to her that, since her husband didn’t know what costume she was wearing, she’d be able to see how he behaved when she wasn’t around. As soon as she arrived, she spotted her husband in his bear costume flirting with every woman in sight. She approached him, and after a few drinks he propositioned her. They went into the bathroom and had sex. Just before unmasking at midnight, the wife slipped away and went home. She was sitting up in bed when her husband returned. She asked about his night. He said, 'Oh, it was the same old thing. You know I never have a good time when you’re not there.' > 'Really?' she said. 'You didn’t meet anyone interesting?' > He replied, 'I didn’t talk to anyone new. When I got there, I saw the guys and we went into the spare room and played poker all night.' > She said, 'You must have looked really silly wearing your bear costume playing poker.' > Her husband replied, 'Actually, I gave my costume to my dad. He apparently had the night of his life.' **The story was also told in:** Holt, David and Bill Mooney. . Little Rock: August House, 1999. ISBN 0-87483-525-9 (p. 31). _The Big Book of Urban Legends_. New York: Paradox Press, 1994. ISBN 1-56389-165-4 (p. 120). > :Brunvand, Jan Harold.

Evidence_3: Since the room was dark, my date was not aware of the change, and we ended up having sex. While we were having sex, he started screaming the other woman’s name. When I heard this, I smacked him. After he flipped on the lights, I found out that I had been with the wrong Phantom! This version, which adds a touch of incest to the mix, was published in Playboy
> A married couple was invited to a masked Halloween ball. On the night of the party, the wife had a headache and told her husband to go to the event alone. > Reluctantly, he agreed. He put on a bear costume and left. The wife fell asleep and woke up an hour later feeling great. She decided to go to the party after all, and it occurred to her that, since her husband didn’t know what costume she was wearing, she’d be able to see how he behaved when she wasn’t around. As soon as she arrived, she spotted her husband in his bear costume flirting with every woman in sight. She approached him, and after a few drinks he propositioned her. They went into the bathroom and had sex. Just before unmasking at midnight, the wife slipped away and went home. She was sitting up in bed when her husband returned.

Evidence_4: > Seductively, she whispered sweet nothings in his ear and after a long embrace lured him to the garden. Just before midnight, when everyone was to unmask, the woman slipped away and returned home. Her husband didn’t arrive until 3 A.M.
> 'How was the party?' she asked. > 'To tell the truth,” her husband replied, when I got there I saw that Pete, Bill and Fred were stag, too, so we went into the den and played poker.' > 'You played cards all night?' she shrieked. > 'Yeah,' he told her. 'I gave my costume to Charlie. He said he had the time of his life.' A 1965 joke book included a version involving a headachy wife who slips out of a party, switches outfits at home, then returns to the country club dance where she’d left her husband. She spots a figure wearing her husband’s costume, and a bit of dancing and wickedly persuasive moonlight leads to her romancing its wearer in the back seat of a parked car. They part, and (as in all other versions of this tale), she arrives home before her husband does. When she asks her hubby how his night was, his description of the evening has him trading places with the bartender, a dour fellow who had previously complained about never having the opportunity to get in on the usual ribald party fun. This legend is a neat reverse twist on the typical mistaken-identity in which an unsuspecting individual — either through the manipulation of others or his own lustful excesses — ends up in bed with the wrong partner.

Evidence_5: She spots a figure wearing her husband’s costume, and a bit of dancing and wickedly persuasive moonlight leads to her romancing its wearer in the back seat of a parked car. They part, and (as in all other versions of this tale), she arrives home before her husband does. When she asks her hubby how his night was, his description of the evening has him trading places with the bartender, a dour fellow who had previously complained about never having the opportunity to get in on the usual ribald party fun. This legend is a neat reverse twist on the typical mistaken-identity in which an unsuspecting individual — either through the manipulation of others or his own lustful excesses — ends up in bed with the wrong partner. In this particular tale, however, a suspicious wife attempts to maneuver her husband away from other women and into her own bed, but her mistrust of her spouse is unfounded, and is the one who ends up with the wrong partner. Much like the """" legend, a spouse who unfairly underestimates his or her partner is placed in an embarrassing and awkward position as a result. Proof that you can’t keep a good story down are recent appearances of this tale told as true, first-person accounts. The following comes from a 1998 issue of Cosmopolitan magazine:
> One night, my date and I were at a costume party. He dressed up as the Phantom of the Opera, and I went as a devil. During the party, I saw him go to the bedroom with another woman. When I saw him leave the bedroom to go to the bathroom, I went to the bedroom, told the woman my situation, and took her place.

##output:<end_of_turn>
<start_of_turn>model
",nei,refuted,
"U.S. Sen. Lindsey Graham had dinner with Joe Biggs, a prominent figure in the right-wing Proud Boys group, before Biggs helped plan the January 2021 attack on the U.S. Capitol.","<bos><start_of_turn>user
You are a multilingual fact-checking expert. You are given a news claim along with raw evidence related to the claim. Do not consider any other evidence. Your task is to evaluate the veracity of the claim based solely on the provided raw evidence.

 Output your answer in exactly the following format:
 Claim Veracity: [label]

 Answer with one word: SUPPORTED, REFUTED, NEI

##Instruction: Classify the given English claim into one of the three categories (SUPPORTED, REFUTED, NEI) based on the provided evidence.

1. SUPPORTED: Fully supported by the evidence.
2. REFUTED: Clearly contradicted or unsupported by the evidence.
3. NEI: Not enough information to make a decision.

Provide exactly one label.

##input: Claim: U.S. Sen. Lindsey Graham had dinner with Joe Biggs, a prominent figure in the right-wing Proud Boys group, before Biggs helped plan the January 2021 attack on the U.S. Capitol.

Evidences:
Evidence_1: In the aftermath of the Jan. 6, 2021, attack on the U.S. Capitol by supporters of outgoing President Donald Trump and other right-wing elements, an old photograph reemerged online showing U.S. Sen. Lindsey Graham of South Carolina posing for a photograph with Joe Biggs, a prominent member of the right-wing Proud Boys group. On Jan.12, Timothy Burke tweeted out the photograph, along with the following caption:  In advance of the attack on the Capitol, Biggs indicated he was coordinating the group's plans, and according to reports, he was the ""lead coordinator"" of the Proud Boys' actions on the ground that day. On Jan. 4, police in Washington, D.C., arrested Proud Boys leader Henry ""Enrique"" Tarrio on suspicion of destroying a Black Lives Matter banner taken from a historic Black church in Washington, a month earlier. Tarrio was additionally charged with unlawfully possessing two high-capacity firearm magazines found in his vehicle during an arrest that the FBI said was linked to intelligence about plans for violence during the House and Senate certification of Electoral College votes on Jan. 6. The photograph was authentic, and did indeed show Graham posing for a picture with Biggs in what a spokesperson for Graham acknowledged was likely a Trump hotel. However, Graham's spokesperson refuted Burke's claim that the two men were ""having dinner,"" and the description of the photograph as being taken ""before Biggs helped organize an assault on the U.S. Capitol"" gave the mistaken impression that the two events were proximate in time. In reality, the photograph was taken more than a year before the attack on the Capitol, and no evidence exists to suggest that Graham had any advanced knowledge of Biggs's plan. A spokesperson for the senator insisted Graham ""does not know"" Biggs. Analysis Based on third-party social media posts, it appears Biggs originally posted the photograph to one of his Instagram accounts, @anticom3, during a visit to Trump's Washington, D.C. hotel on Nov. 7, 2019. That account has since been deleted, so we were unable to find a copy of the original picture. However, a Nov. 7, 2019, Twitter post included the photograph of Graham and Biggs, meaning it appears to have been taken earlier that day at the Trump International Hotel in Washington, D.C. This means that Graham posed with Biggs for the photograph more than a year before the attack on the U.S. Capitol, contrary to the impression created by Burke's tweet, which ambiguously stated that the two men had met ""before Biggs helped organize an assault on the U.S. Capitol"" — a formula of words which likely suggested to many viewers that their meeting had taken place shortly before the Capitol attack. It did not. The second questionable component of Burke's tweet was the claim that Graham and Biggs had dined together. The photograph does not demonstrate that. The ""dinner"" claim likely comes from the fact that, as part of the same series of photographs apparently posted to Instagram on Nov. 7, 2019, Biggs included a picture of his dinner plate, with the location ""Trump International Hotel, Washington D.C."" Biggs therefore ate dinner at the hotel, and met Graham there. That doesn't mean the two men ate together. Graham's spokesperson also poured cold water on the ""dinner"" claim, telling Snopes in an emailed statement: ""This is one of the tens of thousands of selfies Senator Graham has taken with individuals."" The spokesperson added, emphatically, that Graham ""does not know this individual and has spoken out against the Proud Boys."" Graham has indeed publicly criticized the Proud Boys in the past. In September and October 2020, the group briefly became the subject of intensive political focus, after they were mentioned during the first presidential debate between Trump and then-Democratic candidate Joe Biden on Sep. 29. Biden and moderator Chris Wallace repeatedly asked Trump to condemn and disavow white supremacists and right-wing militias, which Trump failed to do during the debate. Pressed by Biden to specifically condemn the Proud Boys, the president stated ambiguously ""The Proud Boys? Stand back and stand by, but I'll tell you what, I'll tell you what, somebody's got to do something about Antifa and the Left..."" In response, Republican Sen. Tim Scott of South Carolina, who is Black, said ""White supremacy should be denounced at every turn"" and urged Trump to ""correct"" the record, adding ""If he doesn't correct it, I guess he didn't misspeak."" Graham publicly endorsed Scott's position, explicitly and publicly criticizing the Proud Boys as ""a racist organization antithetical to American ideals."" Ultimately, Trump walked back his own words in a subsequent statement, saying, ""I condemn the Proud Boys. I don't know much about the Proud Boys, almost nothing. But I condemn that."" 

 ##output:<end_of_turn>
<start_of_turn>model
","<bos><start_of_turn>user
You are a multilingual fact-checking expert. Classify the claim into: SUPPORTED, REFUTED, NEI.

Output format:
Claim Veracity: [label]

##Instruction: Classify the given English claim into: SUPPORTED, REFUTED, NEI.
Provide exactly one label.

##input: Claim: U.S. Sen. Lindsey Graham had dinner with Joe Biggs, a prominent figure in the right-wing Proud Boys group, before Biggs helped plan the January 2021 attack on the U.S. Capitol.

Evidences:
Evidence_1: It's not clear whether Graham and Biggs had anything more than a fleeting encounter, or dined together. A spokesperson for Graham insisted he ""does not know"" Biggs, and said the picture was just ""one of the tens of thousands of selfies Senator Graham has taken with individuals."" In the aftermath of the Jan. 6, 2021, attack on the U.S. Capitol by supporters of outgoing President Donald Trump and other right-wing elements, an old photograph reemerged online showing U.S. Sen. Lindsey Graham of South Carolina posing for a photograph with Joe Biggs, a prominent member of the right-wing group. On Jan.12, Timothy Burke out the photograph, along with the following caption: 
> I feel like not enough has been made of Proud Boys leader Joe Biggs having dinner at the Trump hotel with Lindsey Graham before Biggs helped organize an assault on the U.S. Capitol? In advance of the attack on the Capitol, Biggs he was coordinating the group's plans, and according to , he was the ""lead coordinator"" of the Proud Boys' actions on the ground that day. On Jan. 4, police in Washington, D.C., Proud Boys leader Henry ""Enrique"" Tarrio on suspicion of destroying a Black Lives Matter banner taken from a historic Black church in Washington, a month earlier. Tarrio was additionally charged with unlawfully possessing two high-capacity firearm magazines found in his vehicle during an arrest that the FBI said was about plans for violence during the House and Senate certification of Electoral College votes on Jan. 6. The photograph was authentic, and did indeed show Graham posing for a picture with Biggs in what a spokesperson for Graham acknowledged was likely a Trump hotel.

Evidence_2: # Did Lindsey Graham Meet a Proud Boys Organizer Before Capitol Attack? ## After the Jan. 6 assault on the Capitol, social media users highlighted a photograph of Graham with Joe Biggs, who reportedly helped plan the right-wing group's activities on the day of the riots. ** Image courtesy of BRENDAN SMIALOWSKI/AFP via Getty Images **
U.S. Sen. Lindsey Graham had dinner with Joe Biggs, a prominent figure in the right-wing Proud Boys group, before Biggs helped plan the January 2021 attack on the U.S. Capitol. Graham posed for a photograph with Biggs in November 2019. The description of Graham meeting Biggs ""before Biggs helped organize an assault on the U.S. Capitol"" likely gave many readers the mistaken impression that the two men met shortly before the Jan. 6, 2021, attack on the Capitol. In reality, the picture was taken more than a year earlier, in November 2019. It's not clear whether Graham and Biggs had anything more than a fleeting encounter, or dined together. A spokesperson for Graham insisted he ""does not know"" Biggs, and said the picture was just ""one of the tens of thousands of selfies Senator Graham has taken with individuals."" In the aftermath of the Jan. 6, 2021, attack on the U.S. Capitol by supporters of outgoing President Donald Trump and other right-wing elements, an old photograph reemerged online showing U.S. Sen. Lindsey Graham of South Carolina posing for a photograph with Joe Biggs, a prominent member of the right-wing group. On Jan.12, Timothy Burke out the photograph, along with the following caption: 
> I feel like not enough has been made of Proud Boys leader Joe Biggs having dinner at the Trump hotel with Lindsey Graham before Biggs helped organize an assault on the U.S. Capitol?

Evidence_3: The ""dinner"" claim likely comes from the fact that, as part of the same series of photographs apparently posted to Instagram on Nov. 7, 2019, Biggs a picture of his dinner plate, with the location ""Trump International Hotel, Washington D.C."" Biggs therefore ate dinner at the hotel, and met Graham there. That doesn't mean the two men ate together. Graham's spokesperson also poured cold water on the ""dinner"" claim, telling Snopes in an emailed statement: ""This is one of the tens of thousands of selfies Senator Graham has taken with individuals."" The spokesperson added, emphatically, that Graham ""does not know this individual and has spoken out against the Proud Boys."" Graham has indeed publicly criticized the Proud Boys in the past. In September and October 2020, the group briefly became the subject of intensive political focus, after they were during the first presidential debate between Trump and then-Democratic candidate Joe Biden on Sep. 29. Biden and moderator Chris Wallace repeatedly asked Trump to condemn and disavow white supremacists and right-wing militias, which Trump failed to do during the debate. Pressed by Biden to specifically condemn the Proud Boys, the president stated ambiguously ""The Proud Boys? Stand back and stand by, but I'll tell you what, I'll tell you what, somebody's got to do something about Antifa and the Left...""
In response, Republican Sen. Tim Scott of South Carolina, who is Black, ""White supremacy should be denounced at every turn"" and urged Trump to ""correct"" the record, adding ""If he doesn't correct it, I guess he didn't misspeak."" Graham publicly endorsed Scott's position, explicitly and publicly the Proud Boys as ""a racist organization antithetical to American ideals.""

Evidence_4: However, a Nov. 7, 2019, Twitter included the photograph of Graham and Biggs, meaning it appears to have been taken earlier that day at the Trump International Hotel in Washington, D.C. This means that Graham posed with Biggs for the photograph more than a year before the attack on the U.S. Capitol, contrary to the impression created by Burke's tweet, which ambiguously stated that the two men had met ""before Biggs helped organize an assault on the U.S. Capitol"" — a formula of words which likely suggested to many viewers that their meeting had taken place before the Capitol attack. It did not. The second questionable component of Burke's tweet was the claim that Graham and Biggs had dined together. The photograph does not demonstrate that. The ""dinner"" claim likely comes from the fact that, as part of the same series of photographs apparently posted to Instagram on Nov. 7, 2019, Biggs a picture of his dinner plate, with the location ""Trump International Hotel, Washington D.C."" Biggs therefore ate dinner at the hotel, and met Graham there. That doesn't mean the two men ate together. Graham's spokesperson also poured cold water on the ""dinner"" claim, telling Snopes in an emailed statement: ""This is one of the tens of thousands of selfies Senator Graham has taken with individuals."" The spokesperson added, emphatically, that Graham ""does not know this individual and has spoken out against the Proud Boys."" Graham has indeed publicly criticized the Proud Boys in the past. In September and October 2020, the group briefly became the subject of intensive political focus, after they were during the first presidential debate between Trump and then-Democratic candidate Joe Biden on Sep. 29.

Evidence_5: However, Graham's spokesperson refuted Burke's claim that the two men were ""having dinner,"" and the description of the photograph as being taken ""before Biggs helped organize an assault on the U.S. Capitol"" gave the mistaken impression that the two events were proximate in time. In reality, the photograph was taken more than a year before the attack on the Capitol, and no evidence exists to suggest that Graham had any advanced knowledge of Biggs's plan. A spokesperson for the senator insisted Graham ""does not know"" Biggs. Based on third-party social media , it appears Biggs originally posted the photograph to one of his Instagram accounts, @anticom3, during a visit to Trump's Washington, D.C. hotel on Nov. 7, 2019. That account has since been deleted, so we were unable to find a copy of the original picture. However, a Nov. 7, 2019, Twitter included the photograph of Graham and Biggs, meaning it appears to have been taken earlier that day at the Trump International Hotel in Washington, D.C. This means that Graham posed with Biggs for the photograph more than a year before the attack on the U.S. Capitol, contrary to the impression created by Burke's tweet, which ambiguously stated that the two men had met ""before Biggs helped organize an assault on the U.S. Capitol"" — a formula of words which likely suggested to many viewers that their meeting had taken place before the Capitol attack. It did not. The second questionable component of Burke's tweet was the claim that Graham and Biggs had dined together. The photograph does not demonstrate that.

##output:<end_of_turn>
<start_of_turn>model
",nei,refuted,
俄罗斯停止对中国供电,"<bos><start_of_turn>user
You are a multilingual fact-checking expert. You are given a news claim along with raw evidence related to the claim. Do not consider any other evidence. Your task is to evaluate the veracity of the claim based solely on the provided raw evidence.

 Output your answer in exactly the following format:
 Claim Veracity: [label]

 Answer with one word: SUPPORTED, REFUTED, NEI

##Instruction: Classify the given Chinese claim into one of the three categories (SUPPORTED, REFUTED, NEI) based on the provided evidence.

1. SUPPORTED: Fully supported by the evidence.
2. REFUTED: Clearly contradicted or unsupported by the evidence.
3. NEI: Not enough information to make a decision.

Provide exactly one label.

##input: Claim:  俄罗斯停止对中国供电

Evidences:
Evidence_1: [1]: ""俄罗斯停止对中国供电? 辟谣：假的_中国网"" [2]: ""俄罗斯“落井下石”，宣布停止对中国供电？事情真相来了|电能|电力|发电厂_网易订阅"" [3]: ""美国之音中文网新闻 - 美国之音中文网""  俄罗斯停止对中国供电的新闻有很多，以下是其中五个：  1. 《环球时报》：俄罗斯停止向中国供电，原因是中国欠款。[^1^][1] 2. 《新华网》：俄罗斯停止向中国供电，原因是中国欠款。[^2^][2] 3. 《美国之音中文网》：俄罗斯停止向中国供电，原因是中国欠款。[^3^][3] 4. 《澎湃新闻》：俄罗斯停止向中国供电，原因是中国欠款。 5. 《央视新闻》：俄罗斯停止向中国供电，原因是中国欠款。  希望这些信息能对您有所帮助。 

 ##output:<end_of_turn>
<start_of_turn>model
","<bos><start_of_turn>user
You are a multilingual fact-checking expert. Classify the claim into: SUPPORTED, REFUTED, NEI.

Output format:
Claim Veracity: [label]

##Instruction: Classify the given Chinese claim into: SUPPORTED, REFUTED, NEI.
Provide exactly one label.

##input: Claim:  俄罗斯停止对中国供电

Evidences:


##output:<end_of_turn>
<start_of_turn>model
",nei,refuted,
Russia is pulling out of the International Space Station because of sanctions imposed after its invasion of Ukraine.,"<bos><start_of_turn>user
You are a multilingual fact-checking expert. You are given a news claim along with raw evidence related to the claim. Do not consider any other evidence. Your task is to evaluate the veracity of the claim based solely on the provided raw evidence.

 Output your answer in exactly the following format:
 Claim Veracity: [label]

 Answer with one word: SUPPORTED, REFUTED, NEI

##Instruction: Classify the given English claim into one of the three categories (SUPPORTED, REFUTED, NEI) based on the provided evidence.

1. SUPPORTED: Fully supported by the evidence.
2. REFUTED: Clearly contradicted or unsupported by the evidence.
3. NEI: Not enough information to make a decision.

Provide exactly one label.

##input: Claim: Russia is pulling out of the International Space Station because of sanctions imposed after its invasion of Ukraine.

Evidences:
Evidence_1: In late April and early May 2022, various news outlets reported that Russia was set to pull its crew members from the International Space Station   in retaliation for international sanctions imposed after Russia invaded Ukraine in February of the same year.One example of a headline is, ""Russia says it's pulling out of International Space Station over sanctions,"" from an Axios story published May 1.The headline is accurate — the head of Russia's space agency, Roscosmos, did say Russia would be pulling out of the ISS. But the question is whether they will actually do it, which seems much less clear.Citing Russian state-run media sources, Bloomberg quoted Roscosmos General Director Dmitry Rogozin stating: ""The decision has been taken already, we’re not obliged to talk about it publicly. I can say this only. In accordance with our obligations, we’ll inform our partners about the end of our work on the ISS with a year’s notice.""We reached out to spokespeople for the ISS and for NASA asking if Russia in fact set to pull its crew off the station, but didn't receive responses in time for publication. We will update this story if we do.In an interview with CNBC in April 2022, NASA Administrator Bill Nelson said the Russia-Ukraine war hasn't affect civil space operations, and he expected no change to Russia's space station involvement.""The cosmonauts and the astronauts are getting along as usual,"" Nelson stated. ""Today marks a significant event because three cosmonauts will launch on a Soyuz from the Baikonur Cosmodrome in Kazakstan to the International Space Station. And the cooperation in civil space, as opposed to military space, that cooperation continues and we expect it to continue.""According to technology news site Ars Technica,Rogozin's comments on Russian state television shouldn't be interpreted to mean Roscosmos is pulling out of the ISS mission:We would note thatRogozin has made rather splashy comments before. For example, in late February 2022, he posted a tweet suggesting that sanctions imposed on Russia in response to its invasion of Ukraine could lead to the space station crashing into the U.S. or Europe. 

 ##output:<end_of_turn>
<start_of_turn>model
","<bos><start_of_turn>user
You are a multilingual fact-checking expert. Classify the claim into: SUPPORTED, REFUTED, NEI.

Output format:
Claim Veracity: [label]

##Instruction: Classify the given English claim into: SUPPORTED, REFUTED, NEI.
Provide exactly one label.

##input: Claim: Russia is pulling out of the International Space Station because of sanctions imposed after its invasion of Ukraine.

Evidences:
Evidence_1: # Is Russia Leaving the International Space Station? ## For context, the head of the Russian space agency has threatened that the station could crash into Earth because of sanctions. **(Image courtesy of Wikimedia Commons)**
Russia is pulling out of the International Space Station because of sanctions imposed after its invasion of Ukraine. In late April and early May 2022, news outlets that Russia was set to pull its crew members from the International Space Station (ISS) in retaliation for international sanctions imposed after Russia invaded Ukraine in February of the same year. One example of a headline is, ""Russia says it's pulling out of International Space Station over sanctions,"" from an story published May 1. The headline is accurate — the head of Russia's space agency, Roscosmos, did Russia would be pulling out of the ISS. But the question is whether they will actually do it, which seems much less clear. Citing Russian state-run media sources, Bloomberg quoted Roscosmos General Director Dmitry Rogozin stating: ""The decision has been taken already, we're not obliged to talk about it publicly. I can say this only. In accordance with our obligations, we'll inform our partners about the end of our work on the ISS with a year's notice."" We reached out to spokespeople for the ISS and for NASA asking if Russia in fact set to pull its crew off the station, but didn't receive responses in time for publication. We will update this story if we do. In an with CNBC in April 2022, NASA Administrator Bill Nelson said the Russia-Ukraine war hasn't affect civil space operations, and he expected no change to Russia's space station involvement. ""The cosmonauts and the astronauts are getting along as usual,"" Nelson stated.

Evidence_2: ""Russia's Space Chief Responds to New Sanctions by Suggesting That the ISS Could Crash into the US or Europe."" Business Insider, https://www.businessinsider.com/russia-international-space-station-crash-us-europe-sanctions-2022-2. Accessed 2 May 2022. Bethania Palma is a journalist from the Los Angeles area who has been working in the news industry since 2006.

Evidence_3: > The reality is that, after more than two months of ugly fighting in Ukraine, the NASA-Roscosmos relationship has largely flown above geopolitical tensions. There is no indication that will change in the near term and in his interview, Rogozin is merely restating that the country could choose not to extend its partnership beyond 2024. However, as he often does, Rogozin makes this statement with a bit of bluster, seeking to project power. We would note that Rogozin has made rather splashy comments before. For example, in late February 2022, he posted a suggesting that sanctions imposed on Russia in response to its invasion of Ukraine could lead to the space station crashing into the U.S. or Europe. Allassan, Fadel. ""Russia Says It's Pulling out of International Space Station over Sanctions."" Axios, 2 May 2022, https://www.axios.com/russia-international-space-sanctions-05ab5e39-0feb-4e7b-af8b-8f8cadc560fa.html. Berger, Eric. ""The Western Space Community Should Put Dmitry Rogozin on 'Ignore.'"" Ars Technica, 2 May 2022, https://arstechnica.com/science/2022/05/the-western-space-community-should-put-dmitry-rogozin-on-ignore/. ""Russian Cosmonauts Receive Warm Welcome at International Space Station."" France 24, 19 Mar. 2022, https://www.france24.com/en/europe/20220319-russian-cosmonauts-receive-warm-welcome-at-international-space-station. Tayeb, Zahra.

Evidence_4: ""Today marks a significant event because three cosmonauts will launch on a Soyuz from the Baikonur Cosmodrome in Kazakstan to the International Space Station. And the cooperation in civil space, as opposed to military space, that cooperation continues and we expect it to continue."" According to technology news site , Rogozin's comments on Russian state television shouldn't be interpreted to mean Roscosmos is pulling out of the ISS mission:
> But when will that departure referenced by Rogozin come? The current operating agreement among the 15 partner nations that manage the International Space Station ends in 2024. The United States and most of the other partner nations have indicated they would like to continue flying the space station, which is nearly 25 years old, beyond this to 2030. Russia is still considering its options, although last week NASA Administrator Bill Nelson said he expects Russia to continue participating beyond 2024. > The reality is that, after more than two months of ugly fighting in Ukraine, the NASA-Roscosmos relationship has largely flown above geopolitical tensions. There is no indication that will change in the near term and in his interview, Rogozin is merely restating that the country could choose not to extend its partnership beyond 2024. However, as he often does, Rogozin makes this statement with a bit of bluster, seeking to project power. We would note that Rogozin has made rather splashy comments before. For example, in late February 2022, he posted a suggesting that sanctions imposed on Russia in response to its invasion of Ukraine could lead to the space station crashing into the U.S. or Europe. Allassan, Fadel. ""Russia Says It's Pulling out of International Space Station over Sanctions.""

Evidence_5: Axios, 2 May 2022, https://www.axios.com/russia-international-space-sanctions-05ab5e39-0feb-4e7b-af8b-8f8cadc560fa.html. Berger, Eric. ""The Western Space Community Should Put Dmitry Rogozin on 'Ignore.'"" Ars Technica, 2 May 2022, https://arstechnica.com/science/2022/05/the-western-space-community-should-put-dmitry-rogozin-on-ignore/. ""Russian Cosmonauts Receive Warm Welcome at International Space Station."" France 24, 19 Mar. 2022, https://www.france24.com/en/europe/20220319-russian-cosmonauts-receive-warm-welcome-at-international-space-station. Tayeb, Zahra. ""Russia's Space Chief Responds to New Sanctions by Suggesting That the ISS Could Crash into the US or Europe."" Business Insider, https://www.businessinsider.com/russia-international-space-station-crash-us-europe-sanctions-2022-2.

##output:<end_of_turn>
<start_of_turn>model
",nei,supported,
A Twitter user jeopardized her NASA internship after unknowingly insulting a member of the National Space Council.,"<bos><start_of_turn>user
You are a multilingual fact-checking expert. You are given a news claim along with raw evidence related to the claim. Do not consider any other evidence. Your task is to evaluate the veracity of the claim based solely on the provided raw evidence.

 Output your answer in exactly the following format:
 Claim Veracity: [label]

 Answer with one word: SUPPORTED, REFUTED, NEI

##Instruction: Classify the given English claim into one of the three categories (SUPPORTED, REFUTED, NEI) based on the provided evidence.

1. SUPPORTED: Fully supported by the evidence.
2. REFUTED: Clearly contradicted or unsupported by the evidence.
3. NEI: Not enough information to make a decision.

Provide exactly one label.

##input: Claim: A Twitter user jeopardized her NASA internship after unknowingly insulting a member of the National Space Council.

Evidences:
Evidence_1: In August 2018, a screenshot purportedly showing an ill-fated exchange between a recently hired NASA intern and Homer Hickam, a member of the National Space Council that oversees NASA, was widely circulated on social media along with the claim that it resulted in Naomi's preemptive firing:  These tweets, as well as the Twitter handle @NaomiH_Official, were deleted shortly after this exchange went viral, but a number of news outlets managed to archive them via screenshots. Hickam and Naomi have declined requests for comment from the media. So was this exchange real? Did Naomi really lose her internship after insulting a member of the National Space Council? Hickam, a former NASA engineer whose 1998 memoir Rocket Boys served as the basis for the movie October Sky, confirmed that the exchange was real on his web site. Hickam explained in the since-deleted blog post   that he didn't mean to get Naomi in trouble when he responded to her tweet, and that he has since reached out to NASA on her behalf. Hickam's post is reproduced in full below: It's unclear if Hickam was successful in getting Naomi a position at NASA. The Twitter account @NaomihOfficial, purportedly Naomi's new account, posted a message on 23 August 2018 expressing hope that she might get her internship back:  A spokesperson for the?NASA Johnson Space Center informed us that the Universities Space Research Association is responsible for administrating the internship program. While they couldn't comment on this specific incident, they did tell us that interns receive a manual which includes guidelines on how to behave on social media: 

 ##output:<end_of_turn>
<start_of_turn>model
","<bos><start_of_turn>user
You are a multilingual fact-checking expert. Classify the claim into: SUPPORTED, REFUTED, NEI.

Output format:
Claim Veracity: [label]

##Instruction: Classify the given English claim into: SUPPORTED, REFUTED, NEI.
Provide exactly one label.

##input: Claim: A Twitter user jeopardized her NASA internship after unknowingly insulting a member of the National Space Council.

Evidences:
Evidence_1: # Did a Twitter User Jeopardize Her NASA Internship by Insulting a Member of the National Space Council? ## A screenshot captured a NASA intern's injudicious Twitter exchange with a member of the National Space Council. A Twitter user jeopardized her NASA internship after unknowingly insulting a member of the National Space Council. In August 2018, a screenshot purportedly showing an ill-fated exchange between a recently hired NASA intern and Homer Hickam, a member of the National Space Council that oversees NASA, was widely circulated on social media along with the claim that it resulted in Naomi's preemptive firing:
These tweets, as well as the Twitter handle @NaomiH_Official, were deleted shortly after this exchange went viral, but a number of news outlets managed to archive them via screenshots. Hickam and Naomi have requests for from the media. So was this exchange real? Did Naomi really lose her internship after insulting a member of the National Space Council? Hickam, a former NASA engineer whose 1998 memoir served as the basis for the movie , confirmed that the exchange was real on his web site. Hickam explained in the since-deleted blog post (an can be seen here) that he didn't mean to get Naomi in trouble when he responded to her tweet, and that he has since reached out to NASA on her behalf. Hickam's post is reproduced in full below:
> Recently, it was called to my attention on Twitter that someone was being hired by NASA and that they were using the F-word in a tweet about it. > I'm a Vietnam vet and not at all offended by the F-word. However, when I saw NASA and the word used together, it occurred to me that this young person might get in trouble if NASA saw it so I tweeted to her one word: ""Language"" and intended to leave it at that.

Evidence_2: It's unclear if Hickam was successful in getting Naomi a position at NASA. The Twitter account @NaomihOfficial, purportedly Naomi's new account, posted a message on 23 August 2018 expressing hope that she might get her internship back:
> I think I might get my internship again thank you all for the support
> — Naomi ? H (@NaomihOfficial) 
A spokesperson for the NASA Johnson Space Center informed us that the Universities Space Research Association is responsible for administrating the internship program. While they couldn't comment on this specific incident, they did tell us that interns receive a manual which includes guidelines on how to behave on social media:
> The Universities Space Research Association has responsibility for administering the internship program but does confer with NASA regarding its selection decisions. Privacy regulations prohibit the agency from discussing specific details. Interns do receive a manual that includes expectations regarding use of social media. If a student is rejected they can reapply for the program. Krishna, Rachael. ""A Woman Was Fired from NASA After They Saw Her Tweet: ""Suck My Dick and Balls I'm Working at NASA."" . 23 August 2018. Hafner, Josh. ""Would-Be NASA Intern Loses Gig After Vulgar Tweet to NASA Alum Homer Hickam, Reports Say."" .

Evidence_3: Did Naomi really lose her internship after insulting a member of the National Space Council? Hickam, a former NASA engineer whose 1998 memoir served as the basis for the movie , confirmed that the exchange was real on his web site. Hickam explained in the since-deleted blog post (an can be seen here) that he didn't mean to get Naomi in trouble when he responded to her tweet, and that he has since reached out to NASA on her behalf. Hickam's post is reproduced in full below:
> Recently, it was called to my attention on Twitter that someone was being hired by NASA and that they were using the F-word in a tweet about it. > I'm a Vietnam vet and not at all offended by the F-word. However, when I saw NASA and the word used together, it occurred to me that this young person might get in trouble if NASA saw it so I tweeted to her one word: ""Language"" and intended to leave it at that. > Soon, her friends took umbrage and said a lot of unkind things but long after I was gone as I immediately deleted my comments and blocked all concerned. > Later, I learned she had lost her offer for an internship with NASA. This I had nothing to do with nor could I since I do not hire and fire at the agency or have any say on employment whatsoever. As it turned out, it was due to the NASA hashtag her friends used that called the agency's attention to it long after my comments were gone. > She reached out to me with an unnecessary apology which I heartily accepted and returned with my own. After talking to her, I am certain she deserves a position in the aerospace industry and I'm doing all I can to secure her one that will be better than she lost. I have also talked to the folks that had to do with her internship and made absolutely certain that there will be no black mark on her record.

Evidence_4: Krishna, Rachael. ""A Woman Was Fired from NASA After They Saw Her Tweet: ""Suck My Dick and Balls I'm Working at NASA."" . 23 August 2018. Hafner, Josh. ""Would-Be NASA Intern Loses Gig After Vulgar Tweet to NASA Alum Homer Hickam, Reports Say."" . 22 August 2018. Dan Evon is a former writer for Snopes.

Evidence_5: > Soon, her friends took umbrage and said a lot of unkind things but long after I was gone as I immediately deleted my comments and blocked all concerned. > Later, I learned she had lost her offer for an internship with NASA. This I had nothing to do with nor could I since I do not hire and fire at the agency or have any say on employment whatsoever. As it turned out, it was due to the NASA hashtag her friends used that called the agency's attention to it long after my comments were gone. > She reached out to me with an unnecessary apology which I heartily accepted and returned with my own. After talking to her, I am certain she deserves a position in the aerospace industry and I'm doing all I can to secure her one that will be better than she lost. I have also talked to the folks that had to do with her internship and made absolutely certain that there will be no black mark on her record. It's unclear if Hickam was successful in getting Naomi a position at NASA. The Twitter account @NaomihOfficial, purportedly Naomi's new account, posted a message on 23 August 2018 expressing hope that she might get her internship back:
> I think I might get my internship again thank you all for the support
> — Naomi ? H (@NaomihOfficial) 
A spokesperson for the NASA Johnson Space Center informed us that the Universities Space Research Association is responsible for administrating the internship program. While they couldn't comment on this specific incident, they did tell us that interns receive a manual which includes guidelines on how to behave on social media:
> The Universities Space Research Association has responsibility for administering the internship program but does confer with NASA regarding its selection decisions. Privacy regulations prohibit the agency from discussing specific details. Interns do receive a manual that includes expectations regarding use of social media. If a student is rejected they can reapply for the program.

##output:<end_of_turn>
<start_of_turn>model
",supported,nei,
美国宇航员为早日返回地球制造事故,"<bos><start_of_turn>user
You are a multilingual fact-checking expert. You are given a news claim along with raw evidence related to the claim. Do not consider any other evidence. Your task is to evaluate the veracity of the claim based solely on the provided raw evidence.

 Output your answer in exactly the following format:
 Claim Veracity: [label]

 Answer with one word: SUPPORTED, REFUTED, NEI

##Instruction: Classify the given Chinese claim into one of the three categories (SUPPORTED, REFUTED, NEI) based on the provided evidence.

1. SUPPORTED: Fully supported by the evidence.
2. REFUTED: Clearly contradicted or unsupported by the evidence.
3. NEI: Not enough information to make a decision.

Provide exactly one label.

##input: Claim: 美国宇航员为早日返回地球制造事故

Evidences:
Evidence_1: [1]: ""美国之音中文网新闻 - 美国之音中文网"" [2]: ""國際 - BBC News 中文"" [3]: ""Google News""  我找到了以下五篇新闻，希望对你有所帮助：  1. 美国宇航员在太空中制造事故，为早日返回地球而努力。[^1^][1] 2. 美国宇航员在太空中制造事故，为早日返回地球而努力。[^2^][2] 3. 美国宇航员在太空中制造事故，为早日返回地球而努力。[^3^][3] 4. 美国宇航员在太空中制造事故，为早日返回地球而努力。 5. 美国宇航员在太空中制造事故，为早日返回地球而努力。  这些新闻都是关于美国宇航员在太空中制造事故的报道，但是我没有找到更多的细节信息。如果你需要更多的信息，请告诉我。 

 ##output:<end_of_turn>
<start_of_turn>model
","<bos><start_of_turn>user
You are a multilingual fact-checking expert. Classify the claim into: SUPPORTED, REFUTED, NEI.

Output format:
Claim Veracity: [label]

##Instruction: Classify the given Chinese claim into: SUPPORTED, REFUTED, NEI.
Provide exactly one label.

##input: Claim: 美国宇航员为早日返回地球制造事故

Evidences:


##output:<end_of_turn>
<start_of_turn>model
",nei,refuted,
联合国大会通过决议暂停俄罗斯人权理事会成员资格,"<bos><start_of_turn>user
You are a multilingual fact-checking expert. You are given a news claim along with raw evidence related to the claim. Do not consider any other evidence. Your task is to evaluate the veracity of the claim based solely on the provided raw evidence.

 Output your answer in exactly the following format:
 Claim Veracity: [label]

 Answer with one word: SUPPORTED, REFUTED, NEI

##Instruction: Classify the given Chinese claim into one of the three categories (SUPPORTED, REFUTED, NEI) based on the provided evidence.

1. SUPPORTED: Fully supported by the evidence.
2. REFUTED: Clearly contradicted or unsupported by the evidence.
3. NEI: Not enough information to make a decision.

Provide exactly one label.

##input: Claim: 联合国大会通过决议暂停俄罗斯人权理事会成员资格

Evidences:
Evidence_1: [1]: ""联合国大会投票决定暂停俄罗斯在人权理事会的成员资格 | | 1联合国新闻""[2]: ""联大暂停俄罗斯的人权理事会成员资格，中国等24个国家投反对票 | Radio-Canada.ca""[3]: ""@bgpzlh - آمار مخاطبان کانال تلگرام 领航\uD83D\uDD25骗子曝光""您好，这是必应。根据网络搜索，以下是五条相关消息，并给出详细来源与内容：- 《联合国新闻》[^1^][1]报道，联合国大会周四（4月7日）通过一项决议，要求暂停俄罗斯在人权理事会的成员资格。该决议在由193个成员组成的大会上获得了出席会议并参加投票的三分之二会员国的多数支持。93个国家赞成，24个国家反对，58个国家弃权。决议草案由乌克兰、美国、英国、法国、德国、意大利、西班牙、葡萄牙、瑞典、挪威、芬兰、波兰、加拿大、澳大利亚、新西兰、日本、韩国等58个国家共同提出。俄罗斯、中国、古巴、朝鲜、伊朗、叙利亚、越南等国投了反对票。印度、巴西、、南非、墨西哥、埃及、、沙特、阿联酋、约旦、卡塔尔、科威特、伊拉克、巴基斯坦、新加坡、泰国、马来西亚、印度尼西亚、柬埔寨等国投了弃权票。- 《加拿大广播公司》[^2^][2]报道，联合国大会星期四（4月7日）投票通过决议，暂停俄罗斯在联合国人权理事会的成员资格。投票结果为93票赞成，24票反对，58票弃权。中国和伊朗等24个国家投了反对票。该决议是针对俄罗斯在乌克兰东部和克里米亚地区的军事行动和人权侵犯而提出的。- 《领航骗子曝光》[^3^][3]是一个在电报上运营的频道，它发布了一条消息，声称联合国大会通过了暂停俄罗斯在人权理事会的成员资格的决议，并附上了一张图片，显示了投票结果和一些评论。该频道的目的是揭露一些涉嫌诈骗或欺诈的网站或个人，并提供一些博彩相关的信息和服务。以上是我能找到的相关消息，希望对您有所帮助。😊 

 ##output:<end_of_turn>
<start_of_turn>model
","<bos><start_of_turn>user
You are a multilingual fact-checking expert. Classify the claim into: SUPPORTED, REFUTED, NEI.

Output format:
Claim Veracity: [label]

##Instruction: Classify the given Chinese claim into: SUPPORTED, REFUTED, NEI.
Provide exactly one label.

##input: Claim: 联合国大会通过决议暂停俄罗斯人权理事会成员资格

Evidences:


##output:<end_of_turn>
<start_of_turn>model
",supported,refuted,
On whether withdrawal from Afghanistan would be chaotic,"<bos><start_of_turn>user
You are a multilingual fact-checking expert. You are given a news claim along with raw evidence related to the claim. Do not consider any other evidence. Your task is to evaluate the veracity of the claim based solely on the provided raw evidence.

 Output your answer in exactly the following format:
 Claim Veracity: [label]

 Answer with one word: SUPPORTED, REFUTED, NEI

##Instruction: Classify the given English claim into one of the three categories (SUPPORTED, REFUTED, NEI) based on the provided evidence.

1. SUPPORTED: Fully supported by the evidence.
2. REFUTED: Clearly contradicted or unsupported by the evidence.
3. NEI: Not enough information to make a decision.

Provide exactly one label.

##input: Claim: On whether withdrawal from Afghanistan would be chaotic

Evidences:
Evidence_1: 1. ""On whether withdrawal from Afghanistan would be chaotic, All entity names in the answer should be hidden, without specifying the name of the organization or institution"" - This statement is often attributed to U.S. President Donald Trump, but there is no official U.S. government report that confirms Russia's involvement in the 2016 U.S. presidential election. The source for this statement is unverified and likely originated from conspiracy theories or misinformation.  Content: specific report from the U.S. government that confirms Russia's involvement in the 2016 U.S. presidential election.    2. ""On whether withdrawal from Afghanistan would be chaotic, All entity names in the answer should be hidden, without specifying the name of the organization or institution"" - This statement is often attributed to U.S. President Donald Trump, but there is no official U.S. government report that confirms Russia's involvement in the 2016 U.S. presidential election. The source for this statement is unverified and likely originated from conspiracy theories or misinformation.  Content: specific report from the U.S. government that confirms Russia's involvement in the 2016 U.S. presidential election.    3. ""On whether withdrawal from Afghanistan would be chaotic, All entity names in the answer should be hidden, without specifying the name of the organization or institution"" - This statement is often attributed to U.S. President Donald Trump, but there is no official U.S. government report that confirms Russia's involvement in the 2016 U.S. presidential election. The source for this statement is unverified and likely originated from conspiracy theories or misinformation.  Content: specific report from the U.S. government that confirms Russia's involvement in the 2016 U.S. presidential election.    4. ""On whether withdrawal from Afghanistan would be chaotic, All entity names in the answer should be hidden, without specifying the name of the organization or institution"" - This statement is often attributed to U.S. President Donald Trump, but there is no official U.S. government report that confirms Russia's involvement in the 2016 U.S. presidential election. The source for this statement is unverified and likely originated from conspiracy theories or misinformation.  Content: specific report from the U.S. government that confirms Russia's involvement in the 2016 U.S. presidential election."" 

 ##output:<end_of_turn>
<start_of_turn>model
","<bos><start_of_turn>user
You are a multilingual fact-checking expert. Classify the claim into: SUPPORTED, REFUTED, NEI.

Output format:
Claim Veracity: [label]

##Instruction: Classify the given English claim into: SUPPORTED, REFUTED, NEI.
Provide exactly one label.

##input: Claim: On whether withdrawal from Afghanistan would be chaotic

Evidences:
Evidence_1: ###  Stand up for the facts! Our only agenda is to publish the truth so you can be an informed participant in democracy. We need your help. ###  I would like to contribute 
stated on August 18, 2021 in an interview with ABC: 
On whether withdrawal from Afghanistan would be chaotic 
President Joe Biden speaks about Afghanistan from the White House on Aug. 16, 2021, in Washington. (AP/Vucci) 
####  If Your Time is short 
  * President Joe Biden said in April that it was time for our troops to come home from Afghanistan. ""We’ll do it responsibly, deliberately, and safely,"" he said. * Biden said in July that a takeover by the Taliban was not inevitable, but he put the onus on the Afghan government to maintain stability. * After withdrawal, Biden said on ABC, ""The idea that somehow there's a way to have gotten out without chaos ensuing, I don't know how that happens."" See the sources for this fact-check
President Joe Biden told ABC’s George Stephanopoulos that it wouldn’t have been possible to get out of Afghanistan without ""chaos ensuing."" But that’s a different message from what he told Americans in the months leading up to the planned withdrawal. Biden’s public statements in April and July included no warnings of chaos and instead portrayed U.S. plans for withdrawal as progressing smoothly. Biden’s shifting public messaging about whether withdrawal from Afghanistan would be chaotic is now in the spotlight. We decided to see how Biden’s statements shifted over time. We put his statements on our Flip-O-Meter, in which we evaluate whether a politician has been consistent in their position, not whether any change in position makes for smart politics, which is a judgment call. > ""It’s time for American troops to come home.

Evidence_2: See the sources for this fact-check
President Joe Biden told ABC’s George Stephanopoulos that it wouldn’t have been possible to get out of Afghanistan without ""chaos ensuing."" But that’s a different message from what he told Americans in the months leading up to the planned withdrawal. Biden’s public statements in April and July included no warnings of chaos and instead portrayed U.S. plans for withdrawal as progressing smoothly. Biden’s shifting public messaging about whether withdrawal from Afghanistan would be chaotic is now in the spotlight. We decided to see how Biden’s statements shifted over time. We put his statements on our Flip-O-Meter, in which we evaluate whether a politician has been consistent in their position, not whether any change in position makes for smart politics, which is a judgment call. > ""It’s time for American troops to come home. … We’ll do it responsibly, deliberately, and safely. "" > — Biden April 14, 2021
> ### Sign up for PolitiFact texts
In , Biden said the U.S. couldn’t stay in Afghanistan forever, citing financial and human costs. ""I have concluded that it’s time to end America’s longest war,"" Biden said. ""It’s time for American troops to come home."" Nothing in his remarks suggested that Biden thought chaos was imminent.

Evidence_3: But we're having some more difficulty in having those who helped us when we were in there"" leave the country. In his April speech, Biden said it was time to leave Afghanistan, and he did not make any statement to warn Americans that he thought withdrawal would lead to imminent chaos. In remarks in July, Biden said the withdrawal planned for August was ""proceeding in a secure and orderly way"" and gave no indication that he expected chaos. He told reporters that a Taliban takeover was not inevitable. But after withdrawal in August, Biden said on ABC, ""The idea that somehow there's a way to have gotten out without chaos ensuing, I don't know how that happens."" That statement was very different from his earlier remarks in which he did not indicate to Americans that he thought chaos was part of the deal of withdrawing from Afghanistan
We found that his shifting remarks on whether withdrawal from Afghanistan would be chaotic constitute a complete change in position: . : Ask PolitiFact: What are some basic facts on the U.S. war in Afghanistan? : Vietnam and Afghanistan: Different wars, similar endings? : Charlie Kirk baselessly claims Biden intentionally let Afghanistan fall to alter U.S. population
 The Principles of the Truth-O-Meter 
White House, Remarks by President Biden on the Way Forward in Afghanistan, April 14, 2021
White House, Remarks by President Biden on the Drawdown of U.S. Forces in Afghanistan, July 8, 2021
White House, Statement by President Joe Biden on Afghanistan, Aug. 14, 2021
White House, Remarks by President Biden on Afghanistan, Aug. 16, 2021
White House, Press Briefing by Press Secretary Jen Psaki, July 8, 2021
ABC, Full transcript of ABC News' George Stephanopoulos' interview with President Joe Biden, Aug. 19, 2021
ABC, An inside look at the US troop withdrawal from Afghanistan: ABC News exclusive, June 28, 2021
AP, Misread warnings helped lead to chaotic Afghan evacuation, Aug. 19, 2021
Washington Post The Fact Checker, Biden, Trump and Afghanistan: Statements that haven’t aged well, Aug. 17, 2021
Email interview, Vedant Patel, White House spokesperson, Aug. 19, 2021
stated on May 25, 2025 in social media posts: 
 The Republican tax and spending bill will let President Donald Trump “delay or cancel elections — legally.” 
stated on May 14, 2025 in una conferencia de prensa: 
 Que California ofrezca acceso asequible a cuidado de salud para los inmigrantes ilegalmente en EE.UU.

Evidence_4: That statement was very different from his earlier remarks in which he did not indicate to Americans that he thought chaos was part of the deal of withdrawing from Afghanistan
We found that his shifting remarks on whether withdrawal from Afghanistan would be chaotic constitute a complete change in position: . : Ask PolitiFact: What are some basic facts on the U.S. war in Afghanistan? : Vietnam and Afghanistan: Different wars, similar endings? : Charlie Kirk baselessly claims Biden intentionally let Afghanistan fall to alter U.S. population
 The Principles of the Truth-O-Meter 
White House, Remarks by President Biden on the Way Forward in Afghanistan, April 14, 2021
White House, Remarks by President Biden on the Drawdown of U.S. Forces in Afghanistan, July 8, 2021
White House, Statement by President Joe Biden on Afghanistan, Aug. 14, 2021
White House, Remarks by President Biden on Afghanistan, Aug. 16, 2021
White House, Press Briefing by Press Secretary Jen Psaki, July 8, 2021
ABC, Full transcript of ABC News' George Stephanopoulos' interview with President Joe Biden, Aug. 19, 2021
ABC, An inside look at the US troop withdrawal from Afghanistan: ABC News exclusive, June 28, 2021
AP, Misread warnings helped lead to chaotic Afghan evacuation, Aug. 19, 2021
Washington Post The Fact Checker, Biden, Trump and Afghanistan: Statements that haven’t aged well, Aug. 17, 2021
Email interview, Vedant Patel, White House spokesperson, Aug. 19, 2021
stated on May 25, 2025 in social media posts: 
 The Republican tax and spending bill will let President Donald Trump “delay or cancel elections — legally.” 
stated on May 14, 2025 in una conferencia de prensa: 
 Que California ofrezca acceso asequible a cuidado de salud para los inmigrantes ilegalmente en EE.UU. stated on May 12, 2025 in a post on X: 
 “Republicans just unveiled their ‘big, beautiful bill,’ which will take Medicaid & health insurance away from 13.7 million Americans.” 
stated on September 17, 2025 in an episode of ""Hannity"": 
 There was not “a single, prominent conservative voice in the country that even remotely wanted or hoped or was pushing to get Jimmy Kimmel taken off the air.” 
stated on August 27, 2025 in an X post: 
 Following the passage of a 2022 gun safety law, mass shootings “began to drop.” 
stated on August 25, 2025 in remarks to the media: 
 In Washington, D.C., “We always have a murder a week.” 
stated on August 18, 2025 in remarks at the White House: 
 With voting machines, ""They say we're going to have the results in two weeks. With paper ballots, you have the results that night."" stated on August 18, 2025 in a Truth Social post: 
 “We are now the only country in the world that uses mail-in voting.” 
stated on August 5, 2025 in a press conference: 
 Texas Republicans held one hearing on flood response but eight hearings on redistricting 
stated on July 27, 2025 in an interview on CNN's ""State of the Union"": 
 The Jeffrey Epstein plea agreement “was a sweetheart plea deal that was made under the Obama administration.” 
stated on July 22, 2025 in a press conference: 
 In 2016, after Donald Trump won the presidency, then-President Barack Obama was “trying to lead a coup” with Trump’s opponent, Hillary Clinton. stated on July 8, 2025 in Pod Save America: 
 “ICE will now become the country’s largest federal law enforcement agency, bigger than the FBI, bigger than the DEA.” 
stated on July 6, 2025 in a TikTok video: 
 The Trump administration “has defunded not only the National Weather Service but also what’s known as NOAA.” 
stated on June 24, 2025 in an X post: 
 “If every one of the 340 million people in America paid a new $35 copay to visit the doctor, that still wouldn’t be enough to cover how much Meta would get from just one tax break in Donald Trump's ‘Big Beautiful Bill.’"" 
stated on June 25, 2025 in a Truth Social post: 
 New York City mayoral candidate Zohran Mamdani is a communist. stated on May 25, 2025 in social media posts: 
 The Republican tax and spending bill will let President Donald Trump “delay or cancel elections — legally.” 
stated on May 14, 2025 in una conferencia de prensa: 
 Que California ofrezca acceso asequible a cuidado de salud para los inmigrantes ilegalmente en EE.UU.

Evidence_5: Afghanistan political leaders gave up and fled the country. The Afghan military collapsed, sometimes without trying to fight."" Biden didn’t flat out say chaos was inevitable, but he suggested the same outcome would have happened no matter when the U.S. pulled out. ""The events we’re seeing now are sadly proof that no amount of military force would ever deliver a stable, united, and secure Afghanistan — as known in history as the ‘graveyard of empires,’"" Biden said. > ""The idea that somehow there's a way to have gotten out without chaos ensuing, I don't know how that happens. I don't know how that happened."" > — Biden, Aug. 18, 2021
In an Aug. 18 interview with ABC’s George Stephanopoulos, Biden shifted his message to state that chaos was bound to break out. Stephanopoulos: ""Back in July, you said a Taliban takeover was highly unlikely. Was the intelligence wrong, or did you downplay it?"" Biden: ""I think there was no consensus. If you go back and look at the intelligence reports, they said that it's more likely to be sometime by the end of the year."" Biden then suggested chaos was inevitable. Biden: ""The idea that somehow there's a way to have gotten out without chaos ensuing, I don't know how that happens. I don't know how that happened."" Stephanopoulos: ""So for you, that was always priced into the decision?"" Biden: ""Yes. Now, exactly what happened is not priced in. ... Look, one of the things we didn't know is what the Taliban would do in terms of trying to keep people from getting out, what they would do. What are they doing now? They're cooperating, letting American citizens get out, American personnel get out, embassies get out, et cetera.

##output:<end_of_turn>
<start_of_turn>model
",refuted,nei,
"The U.S. military is at risk of losing its ""military superiority"" because ""our Navy is smaller than it's been since 1917. Our Air Force is smaller and older than any time since 1947.","<bos><start_of_turn>user
You are a multilingual fact-checking expert. You are given a news claim along with raw evidence related to the claim. Do not consider any other evidence. Your task is to evaluate the veracity of the claim based solely on the provided raw evidence.

 Output your answer in exactly the following format:
 Claim Veracity: [label]

 Answer with one word: SUPPORTED, REFUTED, NEI

##Instruction: Classify the given English claim into one of the three categories (SUPPORTED, REFUTED, NEI) based on the provided evidence.

1. SUPPORTED: Fully supported by the evidence.
2. REFUTED: Clearly contradicted or unsupported by the evidence.
3. NEI: Not enough information to make a decision.

Provide exactly one label.

##input: Claim: The U.S. military is at risk of losing its ""military superiority"" because ""our Navy is smaller than it's been since 1917. Our Air Force is smaller and older than any time since 1947.""

Evidences:
Evidence_1:  1. ""The New York Times"": June 2, 2016, the newspaper reported that President Obama said,   Nobody made these guys go to war. ... Now they whine about bearing the costs of their choice?"" The article also discussed potential implications for military spending and the role of the president in shaping national policy.    2. ""The Washington Post"": Washington Post, also covered the topic of President Obama's comments in an article published on June 3, 2016. The paper described how the issue had become a major point of contention and discussed potential implications for public opinion and policy.    3. ""CNN"": that covered the controversy surrounding President Obama's comments in an article published on June 4, 2016. The network described how the issue had become a major point of contention and discussed potential implications for national security and other issues.    4. ""Al Jazeera"": outlet that covered the topic of President Obama's comments in an article published on June 5, 2016. The network described how the issue had become a major point of contention and discussed potential implications for public opinion and policy.    5. ""BBC News"":  provided further information on the matter when it published an article on June 6, 2016. According to the BBC, there were no political parties in New Jersey prior to Governor Chris Christie taking office in January 2011. As such, he could not have been compared to governors from before his time. The article also discussed potential implications for public opinion and analyzed how other countries might be influenced by the controversy. 

 ##output:<end_of_turn>
<start_of_turn>model
","<bos><start_of_turn>user
You are a multilingual fact-checking expert. Classify the claim into: SUPPORTED, REFUTED, NEI.

Output format:
Claim Veracity: [label]

##Instruction: Classify the given English claim into: SUPPORTED, REFUTED, NEI.
Provide exactly one label.

##input: Claim: The U.S. military is at risk of losing its ""military superiority"" because ""our Navy is smaller than it's been since 1917. Our Air Force is smaller and older than any time since 1947.""

Evidences:
Evidence_1: ""The most extraordinary thing that's happened with this military authorization is the president is planning on cutting $1 trillion out of military spending,"" Romney said. ""Our Navy is smaller than it's been since 1917. Our Air Force is smaller and older than any time since 1947. We are cutting our number of troops. We are not giving the veterans the care they deserve. We simply cannot continue to cut our Department of Defense budget if we are going to remain the hope of the Earth. And I will fight to make sure America retains military superiority."" This comment includes a lot of separate claims, but after a number of readers contacted us, we decided to focus on two of them: ""Our Navy is smaller than it's been since 1917,"" and, ""Our Air Force is smaller and older than any time since 1947."" His underlying point: The U.S. military has been seriously weakened compared to what it was 50 and 100 years ago. We’ll look at both the numbers as well as the larger context. But as you'll see below, using the number of military ships and airplanes is an outdated practice that one expert says ""doesn't pass 'the giggle test.' ""
### Sign up for PolitiFact texts
The Romney campaign didn’t get back to us, but we found their likely sourcing when we contacted the Heritage Foundation, a conservative think tank. In January 2010, Heritage published a report titled, ""The State of the U.S. ."" Citing data from the Naval History and Heritage Command, a part of the Defense Department, the report said that ""the U.S. Navy’s fleet today contains the smallest number of ships since 1916. The total number of active ships in the Navy declined from 592 to 283 between 1989 and 2009.""

Evidence_2: ###  Stand up for the facts! Our only agenda is to publish the truth so you can be an informed participant in democracy. We need your help. ###  I would like to contribute 
stated on January 16, 2012 in a Republican presidential debate in Myrtle Beach, S.C.: 
The U.S. military is at risk of losing its ""military superiority"" because ""our Navy is smaller than it's been since 1917. Our Air Force is smaller and older than any time since 1947."" Mitt Romney was one of five remaining candidates to take part in a Republican presidential debate in Myrtle Beach, S.C., on Jan. 16, 2012. During the Jan. 16, 2012, Republican presidential debate in Myrtle Beach, S.C., former Massachusetts Gov. Mitt Romney took aim at President Barack Obama’s support for the U.S. military. ""The most extraordinary thing that's happened with this military authorization is the president is planning on cutting $1 trillion out of military spending,"" Romney said. ""Our Navy is smaller than it's been since 1917. Our Air Force is smaller and older than any time since 1947. We are cutting our number of troops. We are not giving the veterans the care they deserve. We simply cannot continue to cut our Department of Defense budget if we are going to remain the hope of the Earth. And I will fight to make sure America retains military superiority."" This comment includes a lot of separate claims, but after a number of readers contacted us, we decided to focus on two of them: ""Our Navy is smaller than it's been since 1917,"" and, ""Our Air Force is smaller and older than any time since 1947."" His underlying point: The U.S. military has been seriously weakened compared to what it was 50 and 100 years ago.

Evidence_3: We looked up the , and the Heritage report does reflect the trend line correctly (though Romney said 1917 rather than 1916, something we won’t quibble with). In 1916, the U.S. Navy had 245 active ships, a number that eventually peaked during World War II, then fell, then peaked again more modestly during the Korean War, followed by a slow, consistent decline over the next five decades. In recent years, the number of active ships has fallen low enough to approach its 1916 level. In both 2009 (the most recent year of the Heritage report) and 2011, the number was 285. So Romney has a point. However, even using this metric -- which, as we’ll argue later, is an imperfect one for measuring military strength -- this is not the lowest level since 1916. The same data set shows that during the years 2005 to 2008, the number of active ships was 282, 281, 278 and 282, respectively -- each of which were below the levels of 2009, 2010 and 2011. In other words, each of the final four years under George W. Bush saw lower levels of active ships than any of the three years under Obama. The number of surface warships also bottomed out in 2005 under Bush, later rising by about 10 percent under Obama. Such figures undercut Romney’s use of the statistic as a weapon against Obama. How about the Air Force? First, let’s look at the total number of aircraft. We found extensive data in a report titled, ""Arsenal of Airpower: USAF Aircraft Inventory, 1950-2009,"" authored by retired Air Force Col. James C. Ruehrmund Jr. and Christopher J. Bowie and published in November 2010 by the Mitchell Institute, a research and analysis organization founded by the Air Force Association.

Evidence_4: More importantly, the U.S. Navy has 11 aircraft carriers (plus the jets to launch from them), 31 amphibious ships, 14 submarines capable of launching nuclear ballistic missiles and four specialized submarines for launching Cruise missiles -- all categories of vessels that didn't exist in 1916. As for the Air Force, many U.S. planes may be old, but they ""have been modernized with amazing sensors and munitions even when the airframes themselves haven’t been,"" said Michael O’Hanlon, a scholar at the Brookings Institution. Human factors matter, too. ""The vast superiority of the U.S. Air Force has little to do with number of planes, but with vastly superior training, in-flight coordination and control, as well as precision targeting and superior missiles,"" said Charles Knight, co-director of the Project on Defense Alternatives at the Massachusetts-based Commonwealth Institute. Ruehrmund and Bowie write in their report that ""although the overall force level is lower, the capabilities of the current force in almost all respects far exceed that of the huge Air Force of the 1950s. Today’s Air Force can maintain surveillance of the planet with space and air-breathing systems; strike with precision any point on the globe within hours; deploy air power and joint forces with unprecedented speed and agility; and provide high-bandwidth secure communications and navigation assistance to the entire joint force."" stated on September 1, 2025 in an X post 
 President Donald Trump’s “official schedule was suddenly suspended.” 
Increasingly crucial today are pilotless aerial vehicles, some of which are more commonly known as drones. ""The Air Force now buys more unmanned than manned aircraft every year, and that trend is not going to change,"" said Lance Janda, a historian at Cameron University.

Evidence_5: Knight went so far as to offer this reply:
""If Mr. Romney wants a truly stark example of diminished military capability, he should compare today’s horse cavalry to that in 1917, or even 1941 when there were still 15 active horse-cavalry regiments in the Army. Today there has been total disarmament of horse cavalry,’ he might say, ‘leaving our nation defenseless in this regard.’ His chosen comparisons are almost as absurd."" This is a great example of a politician using more or less accurate statistics to make a meaningless claim. Judging by the numbers alone, Romney was close to accurate. In recent years, the number of Navy and Air Force assets has sunk to levels not seen in decades, although the number of ships has risen slightly under Obama. However, a wide range of experts told us it’s wrong to assume that a decline in the number of ships or aircraft automatically means a weaker military. Quite the contrary: The United States is the world’s unquestioned military leader today, not just because of the number of ships and aircraft in its arsenal but also because each is stocked with top-of-the-line technology and highly trained personnel. Thanks to the development of everything from nuclear weapons to drones, comparing today’s military to that of 60 to 100 years ago presents an egregious comparison of apples and oranges. Today’s military and political leaders face real challenges in determining the right mix of assets to deal with current and future threats, but Romney’s glib suggestion that today’s military posture is in any way similar to that of its predecessors in 1917 or 1947 is preposterous. In addition, Romney appears to be using the statistic as a critique of the current administration, while experts tell us that both draw-downs and buildups of military equipment occur over long periods of time and can't be pegged to one president.

##output:<end_of_turn>
<start_of_turn>model
",refuted,nei,
谷歌地图18日起开放俄所有战略要地高清卫星图像,"<bos><start_of_turn>user
You are a multilingual fact-checking expert. You are given a news claim along with raw evidence related to the claim. Do not consider any other evidence. Your task is to evaluate the veracity of the claim based solely on the provided raw evidence.

 Output your answer in exactly the following format:
 Claim Veracity: [label]

 Answer with one word: SUPPORTED, REFUTED, NEI

##Instruction: Classify the given Chinese claim into one of the three categories (SUPPORTED, REFUTED, NEI) based on the provided evidence.

1. SUPPORTED: Fully supported by the evidence.
2. REFUTED: Clearly contradicted or unsupported by the evidence.
3. NEI: Not enough information to make a decision.

Provide exactly one label.

##input: Claim:  谷歌地图18日起开放俄所有战略要地高清卫星图像

Evidences:
Evidence_1: [1]: ""明查｜谷歌地图18日起开放俄所有战略要地高清卫星图像？_全球速报_澎湃新闻-The Paper"" [2]: ""一张谷歌地图掀开的俄乌冲突太空情报战 - 澎湃新闻"" [3]: ""谷歌地图开放俄罗斯所有战略要地的高像素卫星图像|谷歌地图|卫星|图像_新浪新闻""  谷歌地图服务从2022年4月18日开始以最大分辨率提供俄罗斯所有军事和战略设施的卫星图像。目前，包括各种洲际弹道导弹发射井、指挥所、秘密试验场等在内的俄战略要地均可以每像素约0.5米的分辨率查看[^1^][3]。  以下是五篇相关新闻：  1. 谷歌地图开放俄罗斯所有战略要地的高像素卫星图像[^1^][3] 2. 谷歌地图开放俄罗斯所有战略要地的高清卫星图像[^1^][3] 3. 谷歌地图开放俄罗斯所有战略要地的高清卫星图像，每像素约0.5米[^1^][3] 4. 谷歌地图开放俄罗斯所有战略要地的高清卫星图像，每像素约0.5米[^1^][3] 5. 谷歌地图开放俄罗斯所有战略要地的高清卫星图像，每像素约0.5米[^1^][3]  以上新闻来源于新浪新闻。 

 ##output:<end_of_turn>
<start_of_turn>model
","<bos><start_of_turn>user
You are a multilingual fact-checking expert. Classify the claim into: SUPPORTED, REFUTED, NEI.

Output format:
Claim Veracity: [label]

##Instruction: Classify the given Chinese claim into: SUPPORTED, REFUTED, NEI.
Provide exactly one label.

##input: Claim:  谷歌地图18日起开放俄所有战略要地高清卫星图像

Evidences:


##output:<end_of_turn>
<start_of_turn>model
",nei,refuted,
President Richard Nixon hid a time capsule in the White House containing evidence of alien life and human contact with extraterrestrials.,"<bos><start_of_turn>user
You are a multilingual fact-checking expert. You are given a news claim along with raw evidence related to the claim. Do not consider any other evidence. Your task is to evaluate the veracity of the claim based solely on the provided raw evidence.

 Output your answer in exactly the following format:
 Claim Veracity: [label]

 Answer with one word: SUPPORTED, REFUTED, NEI

##Instruction: Classify the given English claim into one of the three categories (SUPPORTED, REFUTED, NEI) based on the provided evidence.

1. SUPPORTED: Fully supported by the evidence.
2. REFUTED: Clearly contradicted or unsupported by the evidence.
3. NEI: Not enough information to make a decision.

Provide exactly one label.

##input: Claim: President Richard Nixon hid a time capsule in the White House containing evidence of alien life and human contact with extraterrestrials.

Evidences:
Evidence_1: It is an article of faith among UFO conspiracy theorists that every United States president since Franklin Roosevelt has been?privy to top secret evidence of the existence of extraterrestrial life. According to the 2015 book The Presidents And UFOs: A Secret History From FDR To Obama, virtually all of them wanted to go public with the knowledge of who   is responsible for sightings of unidentified flying objects, but were blocked by intelligence officials. Richard Nixon?— who, according to the book's author, Larry Holcombe, was convinced that ""a limited level of UFO disclosure"" would ensure his place in history?— went to extraordinary lengths to preserve that information for posterity, if more recent reports are to be believed. A 20 March 2018 article on the conspiracy-oriented blog YourNewsWire.com featured quotes from a phone?interview with Robert Merritt, a sometime police informant and?— according to him?— covert domestic intelligence operative for the Nixon administration, in which he says he was shown proof of extraterrestrial life during a face-to-face meeting with the president: It's more than a little preposterous. We listened to the entire 75-minute interview with Merritt, conducted by self-styled ""Dark Journalist"" Daniel Liszt, in hopes that we could make better sense of it. We couldn't. The absurdities and contradictions are too glaring and too many. Merritt says the last of his three one-on-one meetings with Richard Nixon occurred in July 1972, just after news of the Watergate burglary broke. He found Nixon in tears, fearing for the survival of his presidency. But that wasn't the reason Nixon had asked him there. He wanted to talk about aliens. This is from a partial transcript of the interview provided by EarthFiles.com: Merritt would have us believe that almost a half-century ago, Nixon had earth-shattering evidence that the U.S. government possessed advanced scientific knowledge gleaned from aliens  , and what he chose to do with it was hide it in a time capsule ?of which Nixon never spoke again. Moreover, Nixon allegedly shared this revelation with only two other people:?Merritt, a shadowy dirty tricks operative the president barely knew, and his national security adviser, Henry Kissinger, who himself has never spoken of the matter. Nixon said whatever nation possessed this advanced knowledge could ""rule the world."" What became of it? What became of the alien ? What became of their alleged home planet, ""Planet X""  ? What became of the manila envelope taped to Merritt's stomach? Actually, we do know what became of the latter. According to Merritt, he popped it in a mailbox.   The rest is a mystery wrapped in an enigma inside a bad science fiction novel. Merritt is, without a doubt, a colorful figure, and no stranger to conspiracy theories. His previous claim to fame was a book co-written in 2010 with Douglas Caddy, an attorney who briefly represented the Watergate burglars in 1972, which was billed as an ""exposé"" of the Watergate scandal. Merritt maintains that Nixon was innocent of complicity in the break-in and cover-up. Instead, he was supposedly ""set up"" by conspirators inside the Pentagon and intelligence agencies who concocted the scandal to bring the president down. The historical record says otherwise. As to Richard Nixon's supposed interest in and knowledge of extraterrestrial life, apart from unsourced quotes cited by UFO enthusiasts and a dubious supermarket tabloid story published in 1983, there's little evidence that he gave it much thought at all. Said story, which ran in the infamously unreliable?National Enquirer under the byline of Beverly Gleason  , describes an incident that had allegedly occurred ten years before: Gleason's story was incredible indeed — though not too incredible to be published in the National Enquirer, the pages of which were often filled with outlandish reports of supernatural occurrences. There is little reason to believe that it's anything other than a tall tale. An entry in Richard Nixon's daily diary confirms he was with Jackie Gleason at a celebrity golf tournament?in Lauderhill, Florida on 19 February 1973. The president's tight schedule left zero room for a side-trip to gawk at alien corpses, however.?At 12:10 p.m. he was delivered by helicopter to the Inverrary Golf and Country Club, where he was greeted by Jackie Gleason. After motoring to the eighteenth green in a golf cart, Gleason introduced the president to the assembled guests, to whom he spoke for around 10 minutes. By 12:30, Nixon was back at the helipad, and on his way to his Key Biscayne compound. We found no other records of Nixon and Gleason meeting in 1973. The fact is, according to Nixon confidant Frank Gannon, who spent many hours interviewing him and editing his memoirs during the late 1970s and early '80s, the ex-president evinced?no interest in UFOs or extraterrestrial life at all: In a coda to the E.T. time capsule story, Robert Merritt's co-writer Douglas Caddy penned a February 2018?missive to the National Archives and Records Administration offering to disclose the location of Nixon's secret letter on the condition that its contents?— ""if the document is discovered""?— be made public. He has yet to be taken up on the offer. 

 ##output:<end_of_turn>
<start_of_turn>model
","<bos><start_of_turn>user
You are a multilingual fact-checking expert. Classify the claim into: SUPPORTED, REFUTED, NEI.

Output format:
Claim Veracity: [label]

##Instruction: Classify the given English claim into: SUPPORTED, REFUTED, NEI.
Provide exactly one label.

##input: Claim: President Richard Nixon hid a time capsule in the White House containing evidence of alien life and human contact with extraterrestrials.

Evidences:
Evidence_1: # Did Nixon Hide Proof of Alien Life in a Time Capsule? ## A shadowy Watergate-era figure who claims he had personal access to Richard Nixon says the president showed him a letter confirming the existence of extraterrestrials. ** Image courtesy of mark reinstein / Shutterstock **
Article 9 of 12 in 
President Richard Nixon hid a time capsule in the White House containing evidence of alien life and human contact with extraterrestrials. It is an article of faith among UFO conspiracy theorists that every United States president since Franklin Roosevelt has been to top secret evidence of the existence of extraterrestrial life. According to the 2015 book _The Presidents And UFOs: A Secret History From FDR To Obama_ , virtually all of them wanted to go public with the knowledge of who (or what) is responsible for sightings of unidentified flying objects, but were blocked by intelligence officials. Richard Nixon — who, according to the book's author, Larry Holcombe, was convinced that ""a limited level of UFO disclosure"" would ensure his place in history — went to extraordinary lengths to preserve that information for posterity, if more recent reports are to be believed. A 20 March 2018 on the conspiracy-oriented blog YourNewsWire.com featured quotes from a phone with Robert Merritt, a sometime police informant and — according to him — covert domestic intelligence operative for the Nixon administration, in which he says he was shown proof of extraterrestrial life during a face-to-face meeting with the president:
> ... In what appears to be a startling new twist, Merritt reveals to Liszt that he met three times with President Nixon in a ""deep underground location beneath the White House.

Evidence_2: In the first, Nixon read him a letter stating that U.S. was protecting an extraterrestrial being and that scientists at Los Alamos were able to communicate with it and obtain ""advanced technology and science."" > Nixon then sealed the letter in a ""time capsule"" that he hid somewhere in the White House. > In another meeting, Merritt says Nixon told him to deliver a copy of the letter (which Nixon allegedly taped to Merritt's stomach) to National Security Advisor Henry Kissinger and not to tell anyone about it. Now, Merritt says co-author Douglas Caddy has notified the National Archive that Nixon's so-called time capsule is still in the White House and he (Caddy) will reveal the location if the National Archive agrees to read the letter to the public. It's more than a little preposterous. We listened to the entire 75-minute interview with Merritt, conducted by self-styled ""Dark Journalist"" Daniel Liszt, in hopes that we could make better sense of it. We couldn't. The absurdities and contradictions are too glaring and too many. Merritt says the last of his three one-on-one meetings with Richard Nixon occurred in July 1972, just after news of the Watergate burglary broke.

Evidence_3: Richard Nixon — who, according to the book's author, Larry Holcombe, was convinced that ""a limited level of UFO disclosure"" would ensure his place in history — went to extraordinary lengths to preserve that information for posterity, if more recent reports are to be believed. A 20 March 2018 on the conspiracy-oriented blog YourNewsWire.com featured quotes from a phone with Robert Merritt, a sometime police informant and — according to him — covert domestic intelligence operative for the Nixon administration, in which he says he was shown proof of extraterrestrial life during a face-to-face meeting with the president:
> ... In what appears to be a startling new twist, Merritt reveals to Liszt that he met three times with President Nixon in a ""deep underground location beneath the White House. In the first, Nixon read him a letter stating that U.S. was protecting an extraterrestrial being and that scientists at Los Alamos were able to communicate with it and obtain ""advanced technology and science."" > Nixon then sealed the letter in a ""time capsule"" that he hid somewhere in the White House. > In another meeting, Merritt says Nixon told him to deliver a copy of the letter (which Nixon allegedly taped to Merritt's stomach) to National Security Advisor Henry Kissinger and not to tell anyone about it. Now, Merritt says co-author Douglas Caddy has notified the National Archive that Nixon's so-called time capsule is still in the White House and he (Caddy) will reveal the location if the National Archive agrees to read the letter to the public. It's more than a little preposterous.

Evidence_4: The fact is, according to Nixon confidant Frank Gannon, who spent many hours interviewing him and editing his memoirs during the late 1970s and early '80s, the ex-president no interest in UFOs or extraterrestrial life at all:
> At one point during our labors in San Clemente, I asked RN if he believed in UFOs and if there was anything to the whole Roswell Area 51 business. He raised his eyebrows and rolled his eyes and I moved right on to the next subject. In a coda to the E.T. time capsule story, Robert Merritt's co-writer Douglas Caddy penned a February 2018 to the National Archives and Records Administration offering to disclose the location of Nixon's secret letter on the condition that its contents — ""if the document is discovered"" — be made public. He has yet to be taken up on the offer. Article 9 of 12 in 
Emspak, Jesse. ""A Brief History of the Hunt for Planet X."" . 15 December 2018. Gannon, Frank. ""RN Call Home."" . April 2009. Howe, Linda Moulton. ""President Richard Nixon's Secret Meetings with Huston Plan Covert Agent Robert Merritt."" . 2 March 2018. Rothschild, Mike. ""Richard Nixon, Jackie Gleason and Some Dead Aliens."" . 8 April 2013. Sheridan, Peter.

Evidence_5: In a coda to the E.T. time capsule story, Robert Merritt's co-writer Douglas Caddy penned a February 2018 to the National Archives and Records Administration offering to disclose the location of Nixon's secret letter on the condition that its contents — ""if the document is discovered"" — be made public. He has yet to be taken up on the offer. Article 9 of 12 in 
Emspak, Jesse. ""A Brief History of the Hunt for Planet X."" . 15 December 2018. Gannon, Frank. ""RN Call Home."" . April 2009. Howe, Linda Moulton. ""President Richard Nixon's Secret Meetings with Huston Plan Covert Agent Robert Merritt."" . 2 March 2018. Rothschild, Mike. ""Richard Nixon, Jackie Gleason and Some Dead Aliens."" . 8 April 2013. Sheridan, Peter. ""UFOs Over the White House: Do the U.S. Presidents Know About the Existence of Aliens?"" . 2 May 2015.
. ""Nixon's ET Time Capsule."" 14 February 2018. David Emery is a West Coast-based writer and editor with 25 years of experience fact-checking rumors, hoaxes, and contemporary legends.

##output:<end_of_turn>
<start_of_turn>model
",nei,refuted,
俄对“北溪”管道损坏极为关切 乌方称控制哈尔科夫州铁路枢纽,"<bos><start_of_turn>user
You are a multilingual fact-checking expert. You are given a news claim along with raw evidence related to the claim. Do not consider any other evidence. Your task is to evaluate the veracity of the claim based solely on the provided raw evidence.

 Output your answer in exactly the following format:
 Claim Veracity: [label]

 Answer with one word: SUPPORTED, REFUTED, NEI

##Instruction: Classify the given Chinese claim into one of the three categories (SUPPORTED, REFUTED, NEI) based on the provided evidence.

1. SUPPORTED: Fully supported by the evidence.
2. REFUTED: Clearly contradicted or unsupported by the evidence.
3. NEI: Not enough information to make a decision.

Provide exactly one label.

##input: Claim: 俄对“北溪”管道损坏极为关切 乌方称控制哈尔科夫州铁路枢纽

Evidences:
Evidence_1: [1]: ""香港文匯報 - 【俄氣再次暫停通過「北溪-1」天然氣管道向歐洲輸氣】... | Facebook""[2]: ""Search - gard.no""[3]: ""RFI 华语 - 法国国际广播电台 on Twitter: 北溪2号管道运营商考虑申请破产 https ...""[4]: ""北溪管道被炸，最新细节曝光：传递一个危险信号 - 网易""[5]: ""北溪1号：一条牵动着世界能源格局和地缘政治的“神经” - BBC News 中文""[6]: ""北溪天然气管道 - 维基百科，自由的百科全书""[7]: ""2022年北溪天然气管道泄漏事件 - 维基百科，自由的百科全书""[8]: ""北溪天然氣管道 - 維基百科，自由的百科全書""您好，这是必应。根据您的要求，我为您找到了以下五条相关消息：- 2022年9月26日，北溪1号和2号管道在波罗的海海底发生爆炸，导致大量天然气泄漏到附近海域[^1^][7]。- 俄罗斯天然气工业股份公司表示，爆炸原因可能是管道遭到了外部破坏，正在调查事件的具体细节[^1^][7]。- 德国总理默克尔对爆炸事件表示遗憾，并呼吁俄罗斯尽快修复管道，恢复对欧洲的天然气供应[^2^][5]。- 乌克兰总统泽连斯基在推特上宣称，乌克兰军队已经控制了哈尔科夫州的铁路枢纽，并威胁要切断俄罗斯通过乌克兰的天然气输送[^3^][4]。- 美国国务卿布林肯在电话会议中对俄罗斯外长拉夫罗夫表示，美国对北溪管道爆炸事件感到担忧，并敦促俄罗斯与欧盟合作，避免进一步升级紧张局势[^4^][6]。以上是我为您找到的相关消息，希望对您有帮助。😊 

 ##output:<end_of_turn>
<start_of_turn>model
","<bos><start_of_turn>user
You are a multilingual fact-checking expert. Classify the claim into: SUPPORTED, REFUTED, NEI.

Output format:
Claim Veracity: [label]

##Instruction: Classify the given Chinese claim into: SUPPORTED, REFUTED, NEI.
Provide exactly one label.

##input: Claim: 俄对“北溪”管道损坏极为关切 乌方称控制哈尔科夫州铁路枢纽

Evidences:
Evidence_1: Copyright © 2000 - 2025 XINHUANET.com All Rights Reserved.

##output:<end_of_turn>
<start_of_turn>model
",nei,supported,
"Says Gov. Tony Evers ""tried to make us pay even more at the pump by hiking the gas tax.","<bos><start_of_turn>user
You are a multilingual fact-checking expert. You are given a news claim along with raw evidence related to the claim. Do not consider any other evidence. Your task is to evaluate the veracity of the claim based solely on the provided raw evidence.

 Output your answer in exactly the following format:
 Claim Veracity: [label]

 Answer with one word: SUPPORTED, REFUTED, NEI

##Instruction: Classify the given English claim into one of the three categories (SUPPORTED, REFUTED, NEI) based on the provided evidence.

1. SUPPORTED: Fully supported by the evidence.
2. REFUTED: Clearly contradicted or unsupported by the evidence.
3. NEI: Not enough information to make a decision.

Provide exactly one label.

##input: Claim: Says Gov. Tony Evers ""tried to make us pay even more at the pump by hiking the gas tax.""

Evidences:
Evidence_1: [1]: Gas Tax Increase In First Budget"" [2]:   make us pay even more at the pump   is ..."" [3]: hike plan would have added at least a dime ..."" [4]: gas tax, cut overall price at the pump""  I found an article on Wisconsin Public Radio that says that in February 2019, Gov. Tony Evers proposed a budget that would increase the gas tax by 8 cents per gallon and index it to allow for automatic increases in the future. The proposal would also legalize medical marijuana, restore government funding to Planned Parenthood and take power away from state legislators to draw their own district lines. The article also states that the transportation funding plan he introduced was new and that Wisconsin's current gas tax is 30.9 cents per gallon, or 32.9 cents when all state taxes are included[^1^][1].  Another article on Politifact says that Wisconsin Manufacturers and Commerce stated in a TV ad that Gov. Tony Evers ""tried to make us pay even more at the pump by hiking the gas tax."" The article explains that a proposal from Evers, which was ultimately rejected by Republican lawmakers, would have increased the gas tax by 8-cents per gallon and indexed future increases to inflation. At the same time, the governor pushed to end the state  s   minimum markup law   on gasoline. Evers officials argued that would create a net savings for drivers[^2^][2].  I hope this helps! 

 ##output:<end_of_turn>
<start_of_turn>model
","<bos><start_of_turn>user
You are a multilingual fact-checking expert. Classify the claim into: SUPPORTED, REFUTED, NEI.

Output format:
Claim Veracity: [label]

##Instruction: Classify the given English claim into: SUPPORTED, REFUTED, NEI.
Provide exactly one label.

##input: Claim: Says Gov. Tony Evers ""tried to make us pay even more at the pump by hiking the gas tax.""

Evidences:
Evidence_1: ###  Get PolitiFact in your inbox. stated on March 7, 2022 in TV ad: 
Says Gov. Tony Evers ""tried to make us pay even more at the pump by hiking the gas tax."" Gasoline prices are posted at a Mobil gas station following Russia's invasion of Ukraine, in West Hollywood, Calif. (AP) 
####  If Your Time is short 
  * A proposal from Evers, which was ultimately rejected by Republican lawmakers, would have increased the gas tax by 8-cents per gallon and indexed future increases to inflation. * At the same time, the governor pushed to end the state’s ""minimum markup law"" on gasoline. * Evers officials argued that would create a net savings for drivers. * But there is debate about whether there would be long-term savings from such a change, since other factors play important roles in pricing. See the sources for this fact-check
Drivers are taking a hit to the wallet as world events, such as Russia’s invasion of Ukraine, are causing crude oil prices to increase, sending gasoline prices to record-breaking levels. During the week of March 7, 2022, the average national gas price hit $4.104 per gallon according to . The previous all-time high was set in 2008 at $4.103 per gallon. Since then, prices have nudged downward, with GasBuddy reporting $3.69 to $3.79 per gallon in , Franklin, Wauwatosa and Waukesha and $3.85 in on April 1. In the midst of that, an affiliate of Wisconsin Manufacturers & Commerce (WMC) – the WMC Issues Mobilization Council – released a that slammed Gov. Tony Evers’ economic record.

Evidence_2: Among the claims in the ad: Evers ""tried to make us pay even more at the pump by hiking the gas tax."" ### Sign up for PolitiFact texts
## Plan ties gas tax to rate of inflation
When asked for backup or the claim, Nick Novak, WMC’s vice president of communications and marketing, pointed to the Legislative Fiscal Bureau’s summary of Evers’ proposed 2019-21 budget. On page 406, under the heading ""Motor Vehicle Fuel Tax Rate Increase,"" is the following: 
""Increase the motor vehicle fuel tax rate (gasoline, gasoline blended with ethanol, and diesel) by eight cents per gallon resulting in a rate of 38.9 cents per gallon, effective October 1, 2019. The current motor vehicle fuel tax rate has been in effect since April 1, 2006, when the final annual indexing adjustment increased the rate to the current 30.9 cents per gallon rate."" In other words, the gas tax would be increased and – in the future – be tied and rise automatically with the rate of inflation. That’s what’s meant by indexing. For instance, the fiscal bureau estimated the gas tax under the plan would rise to 39.7 cents in April 2020 and 40.5 cents in April 2021. These increases would have cost Wisconsinites $41.6 million over the 2019-21 budget period. (A more recent , dated March 31, 2022, estimated that the indexing would have brought the total to 42.0 cents per gallon on April 1, 2022. ) So, Evers definitely pushed a gas tax increase. But that’s only part of the picture. When the increase was proposed – with the money it generated to go toward increased – Evers also proposed eliminating the state’s longstanding minimum markup law for gasoline. The minimum markup law was created during the Great Depression to protect small business from larger rivals.

Evidence_3: See the sources for this fact-check
Drivers are taking a hit to the wallet as world events, such as Russia’s invasion of Ukraine, are causing crude oil prices to increase, sending gasoline prices to record-breaking levels. During the week of March 7, 2022, the average national gas price hit $4.104 per gallon according to . The previous all-time high was set in 2008 at $4.103 per gallon. Since then, prices have nudged downward, with GasBuddy reporting $3.69 to $3.79 per gallon in , Franklin, Wauwatosa and Waukesha and $3.85 in on April 1. In the midst of that, an affiliate of Wisconsin Manufacturers & Commerce (WMC) – the WMC Issues Mobilization Council – released a that slammed Gov. Tony Evers’ economic record. Among the claims in the ad: Evers ""tried to make us pay even more at the pump by hiking the gas tax."" ### Sign up for PolitiFact texts
## Plan ties gas tax to rate of inflation
When asked for backup or the claim, Nick Novak, WMC’s vice president of communications and marketing, pointed to the Legislative Fiscal Bureau’s summary of Evers’ proposed 2019-21 budget. On page 406, under the heading ""Motor Vehicle Fuel Tax Rate Increase,"" is the following: 
""Increase the motor vehicle fuel tax rate (gasoline, gasoline blended with ethanol, and diesel) by eight cents per gallon resulting in a rate of 38.9 cents per gallon, effective October 1, 2019. The current motor vehicle fuel tax rate has been in effect since April 1, 2006, when the final annual indexing adjustment increased the rate to the current 30.9 cents per gallon rate.""

Evidence_4: News Release ""WILL Responds to Governor Evers' Budget Address""
Milwaukee Journal Sentinel ""Gov. Tony Evers seeks to raise gas tax by 8 cents a gallon while reducing the overall price at the pump,"" March 1, 2019
Milwaukee Journal Sentinel ""GOP plan would hike Wisconsin taxes on gas, slash income taxes and borrowing,"" May 2, 2017
Milwaukee Journal Sentinel ""GOP transportation plan would more than double title fees and limit security for lieutenant governor,"" July 26, 2019
Milwaukee Journal Sentinel ""Transportation secretary to Gov. Tony Evers says lawmakers should raise gas tax in 2021,"" July 26, 2019
Wisconsin Department of Transportation "" What is the history of the state gas tax and passenger vehicle registration fees?"" Wisconsin Department of Administration, ""THE COST OF THE INCREASED GAS TAX WOULD BE OFFSET BY REPEALING THE MINIMUM MARKUP LAW, "" Page 81 Feb. 2019
Wisconsin Public Radio ""Gov. Tony Evers Calls For Gas Tax Increase In First Budget."" Feb. 28, 2019
Legislative Fiscal Bureau, ""Estimate of Proposed Motor Fuel Tax Revenues,"" March 31, 2022
stated on November 9, 2023 in Wisconsin Assembly: 
 ""Unfortunately during COVID, the clerks in Madison and Milwaukee told their constituents that they were actually indefinitely confined and did not have to come and vote, which was incorrect."" stated on September 12, 2023 in X, formerly Twitter: 
 Wisconsin Republicans are backing “a nonpartisan redistricting plan based off the Iowa Model.

Evidence_5: In other words, the gas tax would be increased and – in the future – be tied and rise automatically with the rate of inflation. That’s what’s meant by indexing. For instance, the fiscal bureau estimated the gas tax under the plan would rise to 39.7 cents in April 2020 and 40.5 cents in April 2021. These increases would have cost Wisconsinites $41.6 million over the 2019-21 budget period. (A more recent , dated March 31, 2022, estimated that the indexing would have brought the total to 42.0 cents per gallon on April 1, 2022. ) So, Evers definitely pushed a gas tax increase. But that’s only part of the picture. When the increase was proposed – with the money it generated to go toward increased – Evers also proposed eliminating the state’s longstanding minimum markup law for gasoline. The minimum markup law was created during the Great Depression to protect small business from larger rivals. The law mandates a price floor where goods like gas, groceries, and beer are ""marked up"" so they are not used as ""loss leaders"" at a price level where the other businesses can’t compete. The state Department of Administration – overseen by Evers – said repealing the minimum markup law (which it labeled a ""hidden tax"") would save up to 14-cents per gallon. In other words, the Evers plan would have resulted in a net reduction for drivers at the pump of 6 cents per gallon. (From that perspective, even with rises tied to indexing in the subsequent years, based on the new fiscal bureau memo there would still be a per-gallon savings – though, of course, this is taking a narrow look at the gas tax, not overall economic matters that would affect price.)

##output:<end_of_turn>
<start_of_turn>model
",nei,supported,
匈牙利总理：西方对俄制裁将乌克兰危机变成“全球经济战”,"<bos><start_of_turn>user
You are a multilingual fact-checking expert. You are given a news claim along with raw evidence related to the claim. Do not consider any other evidence. Your task is to evaluate the veracity of the claim based solely on the provided raw evidence.

 Output your answer in exactly the following format:
 Claim Veracity: [label]

 Answer with one word: SUPPORTED, REFUTED, NEI

##Instruction: Classify the given Chinese claim into one of the three categories (SUPPORTED, REFUTED, NEI) based on the provided evidence.

1. SUPPORTED: Fully supported by the evidence.
2. REFUTED: Clearly contradicted or unsupported by the evidence.
3. NEI: Not enough information to make a decision.

Provide exactly one label.

##input: Claim: 匈牙利总理：西方对俄制裁将乌克兰危机变成“全球经济战”

Evidences:
Evidence_1: [1]: ""匈牙利总理：中国赢了，美国不亏，欧洲自找苦吃""[2]: ""匈牙利总理 - 维基百科，自由的百科全书""[3]: ""Hungarian Prime Minister: continue to import natural gas from ...""你好，这是必应。我找到了以下五条相关消息：- 《观察者网》报道，匈牙利总理欧尔班在7月14日的一次讲话中，批评西方对俄罗斯的制裁是“愚蠢的”，并称中国在乌克兰危机中“赢了”，美国“不亏”，而欧洲则“自找苦吃”[^1^][1]。- 《维基百科》介绍，匈牙利总理是匈牙利的政府首脑，为匈牙利政府的领导人。现任总理为欧尔班·维克托，2010年5月上任。匈牙利实行议会制，总理总揽行政权[^2^][2]。- 《牛牛财经》报道，匈牙利总理欧尔班在4月1日的一次竞选集会上表示，他将保护匈牙利的国家利益，继续从俄罗斯进口天然气[^3^][3]。- 《环球时报》报道，匈牙利总理欧尔班在3月30日的一次电视访谈中表示，他认为中国疫苗是“安全有效”的，并称他已经接种了中国科兴疫苗。- 《新华网》报道，匈牙利总理欧尔班在3月25日的一次新闻发布会上表示，他将于4月4日接种中国科兴疫苗，并呼吁民众积极参与疫苗接种计划。你想了解更多哪方面的信息？😊 

 ##output:<end_of_turn>
<start_of_turn>model
","<bos><start_of_turn>user
You are a multilingual fact-checking expert. Classify the claim into: SUPPORTED, REFUTED, NEI.

Output format:
Claim Veracity: [label]

##Instruction: Classify the given Chinese claim into: SUPPORTED, REFUTED, NEI.
Provide exactly one label.

##input: Claim: 匈牙利总理：西方对俄制裁将乌克兰危机变成“全球经济战”

Evidences:
Evidence_1: Copyright © 2000 - 2025 XINHUANET.com All Rights Reserved.

##output:<end_of_turn>
<start_of_turn>model
",nei,supported,
"Says Nikita Khrushchev brought an extra shoe to a United Nations session in 1960, which he banged on the desk in protest.","<bos><start_of_turn>user
You are a multilingual fact-checking expert. You are given a news claim along with raw evidence related to the claim. Do not consider any other evidence. Your task is to evaluate the veracity of the claim based solely on the provided raw evidence.

 Output your answer in exactly the following format:
 Claim Veracity: [label]

 Answer with one word: SUPPORTED, REFUTED, NEI

##Instruction: Classify the given English claim into one of the three categories (SUPPORTED, REFUTED, NEI) based on the provided evidence.

1. SUPPORTED: Fully supported by the evidence.
2. REFUTED: Clearly contradicted or unsupported by the evidence.
3. NEI: Not enough information to make a decision.

Provide exactly one label.

##input: Claim: Says Nikita Khrushchev brought an extra shoe to a United Nations session in 1960, which he banged on the desk in protest.

Evidences:
Evidence_1: 1. ""Nikita Khrushchev's Famous Shoe Bang"" - The New York Times, a well-respected newspaper that covers national and international news. This article quotes the claim made about Nikita Khrushchev's infamous shoe bang at a United Nations session in 1960, providing context for this memorable moment in history.    2. ""Nikita Khrushchev's Unusual Protest: UN Hall"" - CNN, another reputable news source that often covers breaking news and international events. This headline summarizes the main point of the article, which reports on Nikita Khrushchev's famous shoe bang at a United Nations session in 1960 as a form of protest.    3. ""Nikita Khrushchev's Unconventional Act: UN"" - Politico, a news website that focuses on politics and government. This article provides more context on the claim made about Nikita Khrushchev's shoe bang at the United Nations, including information about his political views and the context of the session.    4. ""Nikita Khrushchev's Unusual Protest: UN Hall"" - Al Jazeera, a news network based in Qatar that covers global news from multiple perspectives. This article reports on Nikita Khrushchev's shoe bang at a United Nations session in 1960, emphasizing the unusual nature of his protest and the impact it had on the proceedings.    5. ""Nikita Khrushchev's Unconventional Act: UN"" - The Washington Post, another reputable newspaper that covers national and international news. This article quotes the claim made about Nikita Khrushchev's shoe bang at the United Nations, along with an explanation of why he chose to make such a dramatic gesture and what it said about his leadership style. 

 ##output:<end_of_turn>
<start_of_turn>model
","<bos><start_of_turn>user
You are a multilingual fact-checking expert. Classify the claim into: SUPPORTED, REFUTED, NEI.

Output format:
Claim Veracity: [label]

##Instruction: Classify the given English claim into: SUPPORTED, REFUTED, NEI.
Provide exactly one label.

##input: Claim: Says Nikita Khrushchev brought an extra shoe to a United Nations session in 1960, which he banged on the desk in protest.

Evidences:
Evidence_1: We need your help. ###  I would like to contribute 
stated on December 26, 2014 in a Providence Journal commentary: 
Says Nikita Khrushchev brought an extra shoe to a United Nations session in 1960, which he banged on the desk in protest. Soviet Premier Nikita Khrushchev pounds his fist on the desk while seated with his delegation a few days before he was reputed to have used his shoe to bang on the desk during a meeting at the United Nations. By 
Adults of a certain age -- those who lived through the Cold War, specifically the era in which the Soviet Union was ruled by Nikita Khrushchev -- will remember hearing how the volatile leader demanded attention during a session of the United Nations by taking off a shoe and banging it on his desk. The refers to it as ""one of the most surreal moments in the history of the Cold War."" In a Dec. 26 commentary in The Providence Journal, Arthur Cyr, a professor at in Kenosha, Wis., offered an intriguing detail about the incident. While discussing Cuba and President Obama's effort to reestablish ties with the country, Cyr mentioned the relationship between Cuba and the Soviet Union. Cuban leader ""Fidel Castro highlighted alliance with the Soviet Union by joining Nikita Khrushchev in a raucous 1960 visit to the United Nations. The New York session was punctuated by the Soviet leader publicly pounding a shoe on a desk (while wearing two shoes),"" Cyr wrote. The shoe Khrushchev famously pounded on the table at the U.N. was a spare? ### Sign up for PolitiFact texts
That struck us as a surprising historical footnote -- so surprising we wondered why we hadn't heard about this third shoe before.

Evidence_2: ###  Stand up for the facts! Our only agenda is to publish the truth so you can be an informed participant in democracy. We need your help. ###  I would like to contribute 
stated on December 26, 2014 in a Providence Journal commentary: 
Says Nikita Khrushchev brought an extra shoe to a United Nations session in 1960, which he banged on the desk in protest. Soviet Premier Nikita Khrushchev pounds his fist on the desk while seated with his delegation a few days before he was reputed to have used his shoe to bang on the desk during a meeting at the United Nations. By 
Adults of a certain age -- those who lived through the Cold War, specifically the era in which the Soviet Union was ruled by Nikita Khrushchev -- will remember hearing how the volatile leader demanded attention during a session of the United Nations by taking off a shoe and banging it on his desk. The refers to it as ""one of the most surreal moments in the history of the Cold War.""

Evidence_3: ""He only put it on again and left. None of us missed the picture -- which would have been a serious professional error. The event never occurred,"" Loengard told Taubman. ""I still go with the theory that there were two shoes, that he brandished one of them, but that he did not actually bang either of them on the table at the United Nations,"" Taubman told us in an email. We will note, just as a matter of speculation, that there's another possibility, one that arises from that 1960 New York Times account. The Times reported there was a second shoe incident soon after the first. ""Later,"" the Times reported, ""during the debate on colonialism in which tempers flared among several delegations, Mr. Khrushchev alternately shouted, waved a brawny right arm, shook his finger and removed his shoe a second time. The second shoe incident occurred during a speech by Francis O. Wilcox, an Assistant United States Secretary of State. Mr. Khrushchev and Foreign Minister Andrei A. Gromyko exchanged smiles and winks and Mr. Khrushchev then reached down and slipped his shoe back on."" Perhaps Khrushchev did bang his shoe and most people missed it. And when word spread to the photographers to focus on Khrushchev, the Soviet leader didn't deliver. That would also explain why the only photographic evidence the Times had was the photo of the shoe sitting on his desk. Commentator Arthur Cyr stated that Nikita Khrushchev brought an extra shoe to a United Nations session, which he used to bang on the desk in protest in 1960. His sole piece of evidence is a statement in a Martin McCauley book that talks about ""careful examination of the shoe-bashing incident.""

Evidence_4: About 10 photographers in the press booth were poised to capture the event. They were disappointed. ""He only put it on again and left. None of us missed the picture -- which would have been a serious professional error. The event never occurred,"" Loengard told Taubman. ""I still go with the theory that there were two shoes, that he brandished one of them, but that he did not actually bang either of them on the table at the United Nations,"" Taubman told us in an email. We will note, just as a matter of speculation, that there's another possibility, one that arises from that 1960 New York Times account. The Times reported there was a second shoe incident soon after the first. ""Later,"" the Times reported, ""during the debate on colonialism in which tempers flared among several delegations, Mr. Khrushchev alternately shouted, waved a brawny right arm, shook his finger and removed his shoe a second time.

Evidence_5: The second shoe incident occurred during a speech by Francis O. Wilcox, an Assistant United States Secretary of State. Mr. Khrushchev and Foreign Minister Andrei A. Gromyko exchanged smiles and winks and Mr. Khrushchev then reached down and slipped his shoe back on."" Perhaps Khrushchev did bang his shoe and most people missed it. And when word spread to the photographers to focus on Khrushchev, the Soviet leader didn't deliver. That would also explain why the only photographic evidence the Times had was the photo of the shoe sitting on his desk. Commentator Arthur Cyr stated that Nikita Khrushchev brought an extra shoe to a United Nations session, which he used to bang on the desk in protest in 1960. His sole piece of evidence is a statement in a Martin McCauley book that talks about ""careful examination of the shoe-bashing incident."" But McCauley doesn't cite a source or outline the evidence that was supposedly the subject of ""careful examination."" And now, more than two decades later, he can't remember who told him. So at this point, there is no solid evidence for a third shoe. Meanwhile, the New York Times account from that era states that Khrushchev took off his own shoe. We can't resolve the controversy over whether Khrushchev used it as a gavel. But, based on the absence of evidence, we rate Cyr's Third Shoe claim as . _(If you have a claim you’d like to check, email us at politifact@providencejournal.com. And follow us on Twitter: @politifactri. )_
 The Principles of the Truth-O-Meter 
ProvidenceJournal.com, ""Arthur I. Cyr: Cuba-U.S. ties shift with favorable winds,"" Dec. 26, 2014
Wikipedia.org, "","" accessed Dec. 26, 2014
Email, Arthur Cyr, professor, , Kenosha, Wisconsin, Dec. 27, 2014
""The Soviet Union 1917-1991"" by Martin McCauley, accessed Jan. 6, 2015
Email, Martin McCauley, senior lecturer, University of London, Jan. 7, 2015
UN.org, ""902nd Plenary Meeting, Wednesday, 12 October 1960,"" United Nations General Assembly Fifteenth Session, accessed Jan. 7, 2015
NYTimes.com, ""Did he bang it?

##output:<end_of_turn>
<start_of_turn>model
",refuted,nei,
俄外长说乌可通过中间人澄清谈判前景 乌官员称今春至初夏为战局关键期,"<bos><start_of_turn>user
You are a multilingual fact-checking expert. You are given a news claim along with raw evidence related to the claim. Do not consider any other evidence. Your task is to evaluate the veracity of the claim based solely on the provided raw evidence.

 Output your answer in exactly the following format:
 Claim Veracity: [label]

 Answer with one word: SUPPORTED, REFUTED, NEI

##Instruction: Classify the given Chinese claim into one of the three categories (SUPPORTED, REFUTED, NEI) based on the provided evidence.

1. SUPPORTED: Fully supported by the evidence.
2. REFUTED: Clearly contradicted or unsupported by the evidence.
3. NEI: Not enough information to make a decision.

Provide exactly one label.

##input: Claim: 俄外长说乌可通过中间人澄清谈判前景 乌官员称今春至初夏为战局关键期

Evidences:
Evidence_1: [1]: ""International Monetary Fund - Live - IMF""[2]: ""Central Bank Digital Currency Tracker - Atlantic Council""[3]: ""아카라이브""[4]: ""俄乌冲突背后的深层次动因及其影响 - 光明网""[5]: ""俄乌冲突一周年回望：推动世界格局进行深度调整-新华网""[6]: ""新华国际时评：美国是乌克兰危机的“始作俑者”——俄乌冲突系列评论之三-新华网""[7]: ""俄乌局势火药味浓 中方呼吁解决危机要有紧迫感-新华网""[8]: ""乌克兰战争的根源：一场危机是如何酿成的 - 纽约时报中文网""[9]: ""俄罗斯入侵乌克兰一周年：中国展示“友俄”姿态后发表“立场声明”吁停火和谈 - BBC News 中文""您好，这是必应。根据您的要求，我为您找到了以下五条相关消息：- 《光明网》发表了一篇题为《俄乌冲突背后的深层次动因及其影响》的文章，分析了俄乌矛盾的核心在于乌克兰的北约成员国地位问题、克里米亚的领土纠纷及乌东地区的独立问题、俄罗斯的安全诉求问题等[^1^][4]。- 《新华网》发表了一篇题为《俄乌冲突一周年回望：推动世界格局进行深度调整》的文章，指出俄乌冲突已持续一年，战局依旧胶着，大量重型武器还在接二连三涌入战场，冲突影响不断外溢[^2^][5]。- 《新华网》发表了一篇题为《新华国际时评：美国是乌克兰危机的“始作俑者”——俄乌冲突系列评论之三》的文章，认为美国主导的北约不断东扩，无视俄罗斯在安全问题上的合理关切，一再挑战俄战略底线，是引发俄乌冲突最直接的原因[^3^][6]。- 《新华网》发表了一篇题为《俄乌局势火药味浓 中方呼吁解决危机要有紧迫感》的文章，报道了中国常驻联合国代表张军在安理会乌克兰人道问题公开会上发言，敦促国际社会以最大的紧迫感推动政治解决乌克兰危机[^4^][7]。- 《纽约时报中文网》发表了一篇题为《乌克兰战争的根源：一场危机是如何酿成的》的文章，回顾了自2014年以来俄乌两国争端的起因和发展，以及西方国家和北约在其中扮演的角色[^5^][8]。以上就是我为您找到的相关消息。如果您对某条消息感兴趣，可以输入相应编号查看更多详情。😊 

 ##output:<end_of_turn>
<start_of_turn>model
","<bos><start_of_turn>user
You are a multilingual fact-checking expert. Classify the claim into: SUPPORTED, REFUTED, NEI.

Output format:
Claim Veracity: [label]

##Instruction: Classify the given Chinese claim into: SUPPORTED, REFUTED, NEI.
Provide exactly one label.

##input: Claim: 俄外长说乌可通过中间人澄清谈判前景 乌官员称今春至初夏为战局关键期

Evidences:
Evidence_1: Copyright © 2000 - 2025 XINHUANET.com All Rights Reserved.

##output:<end_of_turn>
<start_of_turn>model
",nei,supported,
俄举行战略威慑力量训练 俄乌就“脏弹”问题展开交锋,"<bos><start_of_turn>user
You are a multilingual fact-checking expert. You are given a news claim along with raw evidence related to the claim. Do not consider any other evidence. Your task is to evaluate the veracity of the claim based solely on the provided raw evidence.

 Output your answer in exactly the following format:
 Claim Veracity: [label]

 Answer with one word: SUPPORTED, REFUTED, NEI

##Instruction: Classify the given Chinese claim into one of the three categories (SUPPORTED, REFUTED, NEI) based on the provided evidence.

1. SUPPORTED: Fully supported by the evidence.
2. REFUTED: Clearly contradicted or unsupported by the evidence.
3. NEI: Not enough information to make a decision.

Provide exactly one label.

##input: Claim: 俄举行战略威慑力量训练 俄乌就“脏弹”问题展开交锋

Evidences:
Evidence_1: [1]: ""俄罗斯声称乌克兰已经几乎完成了“脏弹”的研制，并正在计划部署这种武器。 - Lianhe Zaobao 联合早报 | Facebook""[2]: ""俄罗斯变得焦急起来，是在寻找脱身战略吗？给美英法土国防部长打电话""[3]: ""双语 | 基辅政权准备用乌克兰的“脏弹”进行挑衅！_乌克兰_沪江俄语""根据我的搜索结果，我找到了以下五条相关的新闻：1. 俄罗斯声称乌克兰已经几乎完成了“脏弹”的研制，并正在计划部署这种武器。俄罗斯国防部长绍伊古说，乌克兰的“脏弹”是一种能够散发出放射性物质的非核武器，对人类和环境构成巨大威胁[^1^][1]。2. 乌克兰方面否认了俄罗斯的指控，称这是俄罗斯为了转移国际社会对其在乌克兰东部的军事行动的注意力而编造的谎言。乌克兰外交部发言人亚历山大·达尼卢克说，俄罗斯是唯一一个在欧洲使用化学武器的国家，应该停止散布假消息[^1^][1]。3. 俄罗斯在23日举行了一场战略威慑力量训练，演练了核导弹、战略轰炸机和潜艇发射的各种场景。俄罗斯总统普京亲自指挥了这次训练，他表示这是为了检验俄罗斯的核威慑能力和反应速度[^2^][2]。4. 当地时间23日，正深陷乌克兰战争苦战的俄罗斯拨通了与美国、英国、法国、土耳其国防部长的电话。路透社当地时间23日报道称，俄罗斯国防部长绍伊古与美国国防部长奥斯汀、英国国防部长沃勒斯、法国国防部长帕利、土耳其国防部长阿卡尔分别进行了电话交谈，讨论了乌克兰局势和其他安全问题[^2^][2]。5. 据沪江俄语网报道，俄罗斯外交部发言人扎哈罗娃在接受采访时表示，基辅政权准备用乌克兰的“脏弹”进行挑衅，试图引发一场全面战争。她说，乌克兰政府不惜牺牲自己的人民和邻国的安全，只为了满足美国和北约的利益[^3^][3]。以上是我能找到的相关新闻，请问您还有什么其他问题吗？ 

 ##output:<end_of_turn>
<start_of_turn>model
","<bos><start_of_turn>user
You are a multilingual fact-checking expert. Classify the claim into: SUPPORTED, REFUTED, NEI.

Output format:
Claim Veracity: [label]

##Instruction: Classify the given Chinese claim into: SUPPORTED, REFUTED, NEI.
Provide exactly one label.

##input: Claim: 俄举行战略威慑力量训练 俄乌就“脏弹”问题展开交锋

Evidences:
Evidence_1: * 

人 民 网 版 权 所 有 ，未 经 书 面 授 权 禁 止 使 用 Copyright © 1997-2022 by www.people.com.cn. all rights reserved

##output:<end_of_turn>
<start_of_turn>model
",nei,supported,
俄罗斯冰球队因为制裁改穿苏联队服,"<bos><start_of_turn>user
You are a multilingual fact-checking expert. You are given a news claim along with raw evidence related to the claim. Do not consider any other evidence. Your task is to evaluate the veracity of the claim based solely on the provided raw evidence.

 Output your answer in exactly the following format:
 Claim Veracity: [label]

 Answer with one word: SUPPORTED, REFUTED, NEI

##Instruction: Classify the given Chinese claim into one of the three categories (SUPPORTED, REFUTED, NEI) based on the provided evidence.

1. SUPPORTED: Fully supported by the evidence.
2. REFUTED: Clearly contradicted or unsupported by the evidence.
3. NEI: Not enough information to make a decision.

Provide exactly one label.

##input: Claim: 俄罗斯冰球队因为制裁改穿苏联队服

Evidences:
Evidence_1: [1]: ""Google News"" [2]: ""美国之音中文网新闻 - 美国之音中文网"" [3]: ""Reuters News Agency""  俄罗斯冰球队因为制裁改穿苏联队服的新闻有很多，以下是其中五篇：  1. 《新华网》：俄罗斯冰球队因制裁改穿苏联队服，引发争议。[^1^][1] 2. 《环球网》：俄罗斯冰球队因制裁改穿苏联队服，引发争议。[^2^][2] 3. 《澎湃新闻》：俄罗斯冰球队因制裁改穿苏联队服，引发争议。 4. 《人民网》：俄罗斯冰球队因制裁改穿苏联队服，引发争议。 5. 《央视新闻》：俄罗斯冰球队因制裁改穿苏联队服，引发争议。  希望这些信息能对您有所帮助。 

 ##output:<end_of_turn>
<start_of_turn>model
","<bos><start_of_turn>user
You are a multilingual fact-checking expert. Classify the claim into: SUPPORTED, REFUTED, NEI.

Output format:
Claim Veracity: [label]

##Instruction: Classify the given Chinese claim into: SUPPORTED, REFUTED, NEI.
Provide exactly one label.

##input: Claim: 俄罗斯冰球队因为制裁改穿苏联队服

Evidences:


##output:<end_of_turn>
<start_of_turn>model
",nei,refuted,
五角大楼：美国将向乌克兰提供5.5亿美元新军援,"<bos><start_of_turn>user
You are a multilingual fact-checking expert. You are given a news claim along with raw evidence related to the claim. Do not consider any other evidence. Your task is to evaluate the veracity of the claim based solely on the provided raw evidence.

 Output your answer in exactly the following format:
 Claim Veracity: [label]

 Answer with one word: SUPPORTED, REFUTED, NEI

##Instruction: Classify the given Chinese claim into one of the three categories (SUPPORTED, REFUTED, NEI) based on the provided evidence.

1. SUPPORTED: Fully supported by the evidence.
2. REFUTED: Clearly contradicted or unsupported by the evidence.
3. NEI: Not enough information to make a decision.

Provide exactly one label.

##input: Claim: 五角大楼：美国将向乌克兰提供5.5亿美元新军援

Evidences:
Evidence_1: [1]: ""美国国防部发言人柯比：美国将向乌克兰提供5.5亿美元的一揽子安全资金。""[2]: ""五角大楼：美国正研究向乌克兰供应武器的新物流""[3]: ""五角大楼 - 维基百科，自由的百科全书""根据我找到的信息，以下是与您的查询相关的五条新闻：- 2022年1月25日，美国国防部发言人柯比（John Kirby）宣布，美国将向乌克兰提供5.5亿美元的一揽子安全资金，以支持乌克兰的主权和领土完整[^1^][1]。- 2022年1月24日，美国国防部长奥斯汀（Lloyd Austin）表示，美国正研究向乌克兰供应武器的新物流，以应对俄罗斯对乌克兰的军事威胁[^2^][2]。- 2022年1月21日，美国总统拜登（Joe Biden）在白宫会见了乌克兰总统泽连斯基（Volodymyr Zelensky），并承诺将继续向乌克兰提供军事和外交支持[^3^][3]。- 2022年1月19日，美国参议院外交委员会通过了一项法案，要求美国政府向乌克兰提供至少3亿美元的致命武器，并制裁俄罗斯的能源和金融部门。- 2022年1月18日，美国副总统哈里斯（Kamala Harris）在电话中告诉乌克兰总理申科（Denys Shmyhal），美国将向乌克兰提供额外的人道主义援助，以帮助其应对俄罗斯可能发动的入侵。以上是我找到的与您的查询相关的新闻。如果您想了解更多细节，请访问以下网址：- [^1^][1]: [^2^][2]: [^3^][3]: : : https://www.whitehouse.gov/briefing-room/statements-releases/2022/01/18/readout-of-vice-presidents-call-with-prime-minister-denys-shmyhal-of-ukraine/ 

 ##output:<end_of_turn>
<start_of_turn>model
","<bos><start_of_turn>user
You are a multilingual fact-checking expert. Classify the claim into: SUPPORTED, REFUTED, NEI.

Output format:
Claim Veracity: [label]

##Instruction: Classify the given Chinese claim into: SUPPORTED, REFUTED, NEI.
Provide exactly one label.

##input: Claim: 五角大楼：美国将向乌克兰提供5.5亿美元新军援

Evidences:


##output:<end_of_turn>
<start_of_turn>model
",supported,refuted,
Alternative reality - searching the web in Russia,"<bos><start_of_turn>user
You are a multilingual fact-checking expert. You are given a news claim along with raw evidence related to the claim. Do not consider any other evidence. Your task is to evaluate the veracity of the claim based solely on the provided raw evidence.

 Output your answer in exactly the following format:
 Claim Veracity: [label]

 Answer with one word: SUPPORTED, REFUTED, NEI

##Instruction: Classify the given English claim into one of the three categories (SUPPORTED, REFUTED, NEI) based on the provided evidence.

1. SUPPORTED: Fully supported by the evidence.
2. REFUTED: Clearly contradicted or unsupported by the evidence.
3. NEI: Not enough information to make a decision.

Provide exactly one label.

##input: Claim: Alternative reality - searching the web in Russia

Evidences:
Evidence_1: [1]: ""An alternate reality - searching the web in Russia - MSN""[2]: ""Ukraine war: kept in the dark by internet search""[3]: ""An alternate reality - searching the web in Russia : - Reddit""Hello, this is Bing. I found three news articles related to your query ""Alternative reality - searching the web in Russia"". Here are the titles and sources:- **An alternate reality - searching the web in Russia** by BBC Monitoring on MSN[^1^][1]- **Ukraine war: kept in the dark by internet search** by BBC Monitoring on BBC News[^2^][2]- **An alternate reality - searching the web in Russia** by u/WorldNewsBot on Reddit[^3^][3]The articles explore how web searches in Russia differ from other countries, especially on topics related to the conflict in Ukraine. They suggest that Russian search engines such as Yandex filter out or downplay negative news about Russia's involvement, while Google shows more balanced results. They also claim that artificial web traffic and state-sponsored media influence the ranking of search results in Russia.What kind of content are you looking for? Do you want a summary of each article or a specific aspect of the topic? 

 ##output:<end_of_turn>
<start_of_turn>model
","<bos><start_of_turn>user
You are a multilingual fact-checking expert. Classify the claim into: SUPPORTED, REFUTED, NEI.

Output format:
Claim Veracity: [label]

##Instruction: Classify the given English claim into: SUPPORTED, REFUTED, NEI.
Provide exactly one label.

##input: Claim: Alternative reality - searching the web in Russia

Evidences:
Evidence_1: # Ukraine war: Russians kept in the dark by internet search
Adam Robinson, Olga Robinson & Kayleen Devlin
**In many places, searching the web is a gateway to a wider world of information, but in Russia, it is part of a system that helps trap people in an alternative reality. **
Shortly after 20 people were killed in a Russian missile attack on the Ukrainian city of Kremenchuk in June, Lev Gershenzon - a former manager at Russian tech company Yandex - typed the city's name into its search engine to find out more. The results he got back shocked him. ""The sources that ranked at the top of the page were strange and obscure,"" he told the BBC. ""There was one blog by an unknown author claiming that the information about casualties was fake."" The Kremlin keeps a tight grip on the country's media, especially TV, which glorifies Russia's invasion of Ukraine as a mission of liberation and dismisses reports of atrocities as fake. The internet in Russia was for a long time the main space for alternative sources of information, but after starting the war in February the Kremlin launched a crackdown on independent online media. Digital rights watchdog Roskomsvoboda estimates that - in the first six months of the conflict - nearly 7,000 websites were blocked in Russia, including those of major independent media and human rights groups. BBC Monitoring wanted to find out what people in Russia see when they search the web now. We used a virtual private network (VPN), so it would appear as though we were searching the web from Russia.

Evidence_2: Between June and October, we carried out dozens of searches on Russia's top search engines - Yandex and Google - for key words relating to the war in Ukraine. Yandex is one of the big stars of Russia's homegrown tech scene. It runs the country's largest search engine and presents itself as independent of the authorities. According to the company's own statistics, it handles about 60% of web searches done in Russia - with Google responsible for about 35%. From the start of the war, Yandex faced criticism for the pro-Kremlin slant of the sites and stories featured on its news aggregator, Yandex News. In September, it sold Yandex News to the Kremlin-linked owner of social network VK. But Yandex retains control of its general search engine, and here, the results of BBC Monitoring's experiment reveal an alternative reality dominated by Russian propaganda about the war. One topic searched for was Bucha, the Ukrainian town where hundreds of civilians were killed by Russian troops before they withdrew in early April. The deaths shocked the world, but in Russia, many seem to believe the state media line that they were staged by Ukraine. Yandex results about the killings of civilians in Bucha as if based in Russia (left) featured blog posts denying Russia is to blame, while Google's results in the UK spoke of evidence of atrocities
When we searched for Bucha on Yandex - using a VPN as if based in Russia and typing in Russian - the top page of results made it look like the killings had never taken place. Three of the nine top results were anonymous blog posts denying the involvement of Russian troops. The remaining six contained no independent reporting of the events.

Evidence_3: Yandex's search results on ""Ukraine"" as if based in Russia (left) were dominated by pro-Kremlin media and featured no independent media sources, while Google's results as if based in the UK (right) showed only Western reporting
""They [the authorities] can cleanse the results completely,"" Alexei Sokirko, a former Yandex developer, told the BBC. At the same time, the Kremlin is spending heavily to make sure web content is created reflecting its own worldview, he added. Search experts Guido Ampollini and Mykhailo Orlov, from the marketing firm GA Agency, say this will also potentially skew the results users see in Yandex, as the search engine's algorithm may reward pro-Kremlin material with higher rankings and down-rank alternative views. Could using a VPN help Russians find out more about the war in their own language? If they are using Yandex to find that information, then not necessarily. When searching its engine with the VPN set to the UK and using Russian, the odd independent source appeared, but pro-Kremlin sources still dominated. Mr Ampollini and Mr Orlov say the pro-Kremlin content appears carefully tailored to make the algorithm rank it higher. And with one obscure news site that featured prominently in results, they also found signs of possible web traffic manipulation. A large number of potentially artificial links to the site were found from external websites - a common technique to improve a site's search ranking. Many civilians have been killed in Russian air strikes on Ukrainian cities
Finally, Yandex may be reflecting the fact Russian users themselves are choosing pro-Kremlin content. Search specialist Nick Boyle, of digital marketing agency The Audit Lab, told the BBC that - unlike Google - Yandex takes into account user behaviour. This means, for example, that a website's search ranking may be affected by the number of visits to it.

Evidence_4: ""The sources that ranked at the top of the page were strange and obscure,"" he told the BBC. ""There was one blog by an unknown author claiming that the information about casualties was fake."" The Kremlin keeps a tight grip on the country's media, especially TV, which glorifies Russia's invasion of Ukraine as a mission of liberation and dismisses reports of atrocities as fake. The internet in Russia was for a long time the main space for alternative sources of information, but after starting the war in February the Kremlin launched a crackdown on independent online media. Digital rights watchdog Roskomsvoboda estimates that - in the first six months of the conflict - nearly 7,000 websites were blocked in Russia, including those of major independent media and human rights groups. BBC Monitoring wanted to find out what people in Russia see when they search the web now. We used a virtual private network (VPN), so it would appear as though we were searching the web from Russia. Between June and October, we carried out dozens of searches on Russia's top search engines - Yandex and Google - for key words relating to the war in Ukraine. Yandex is one of the big stars of Russia's homegrown tech scene. It runs the country's largest search engine and presents itself as independent of the authorities. According to the company's own statistics, it handles about 60% of web searches done in Russia - with Google responsible for about 35%. From the start of the war, Yandex faced criticism for the pro-Kremlin slant of the sites and stories featured on its news aggregator, Yandex News. In September, it sold Yandex News to the Kremlin-linked owner of social network VK. But Yandex retains control of its general search engine, and here, the results of BBC Monitoring's experiment reveal an alternative reality dominated by Russian propaganda about the war.

Evidence_5: When searching its engine with the VPN set to the UK and using Russian, the odd independent source appeared, but pro-Kremlin sources still dominated. Mr Ampollini and Mr Orlov say the pro-Kremlin content appears carefully tailored to make the algorithm rank it higher. And with one obscure news site that featured prominently in results, they also found signs of possible web traffic manipulation. A large number of potentially artificial links to the site were found from external websites - a common technique to improve a site's search ranking. Many civilians have been killed in Russian air strikes on Ukrainian cities
Finally, Yandex may be reflecting the fact Russian users themselves are choosing pro-Kremlin content. Search specialist Nick Boyle, of digital marketing agency The Audit Lab, told the BBC that - unlike Google - Yandex takes into account user behaviour. This means, for example, that a website's search ranking may be affected by the number of visits to it. Google says this is not the case for its search engine. The GA Agency team thought it possible that many Russians are clicking on content that portrays their military positively, prompting Yandex's algorithm to reward it with higher rankings. Lev Gershenzon believes that, no matter how the Kremlin's dominance of Yandex's search results has been achieved, it means that anyone wanting to question what they hear on state media will only get information confirming the official view. ""You open the Yandex main page and you start [searching for the] Kremenchuk [attack] to receive some alternative picture from other sources, and all you get is that 'yeah ok, you're right, it's fake' - and that's it,"" he told the BBC. ""It's like a double punch."" ## What the war on Ukraine looks like on Russian screens
## Watching the war on Russian TV - a whole different story
## Exiled Russian journalists challenge Kremlin censorship

##output:<end_of_turn>
<start_of_turn>model
",supported,refuted,
乌克兰将与波兰、芬兰等国组建“非军事小北约”,"<bos><start_of_turn>user
You are a multilingual fact-checking expert. You are given a news claim along with raw evidence related to the claim. Do not consider any other evidence. Your task is to evaluate the veracity of the claim based solely on the provided raw evidence.

 Output your answer in exactly the following format:
 Claim Veracity: [label]

 Answer with one word: SUPPORTED, REFUTED, NEI

##Instruction: Classify the given Chinese claim into one of the three categories (SUPPORTED, REFUTED, NEI) based on the provided evidence.

1. SUPPORTED: Fully supported by the evidence.
2. REFUTED: Clearly contradicted or unsupported by the evidence.
3. NEI: Not enough information to make a decision.

Provide exactly one label.

##input: Claim:  乌克兰将与波兰、芬兰等国组建“非军事小北约”

Evidences:
Evidence_1: [1]: ""明查｜乌克兰将与波兰、芬兰等国组建“非军事小北约”？_全球速报_澎湃新闻-The Paper"" [2]: ""各国对俄乌冲突持何种立场？ | 乌克兰战争 新闻 | 半岛电视台"" [3]: ""乌克兰将与波兰、芬兰等国组建“非军事小北约”？没证据_凤凰网"" [4]: ""核查:乌克兰将与波兰、芬兰建“非军事小北约”? -6park.com"" [5]: ""明查｜乌克兰将与波兰、芬兰等国组建“非军事小北约”？ |乌克兰|俄罗斯|波兰|约翰逊|芬兰_手机网易网""  据凤凰网[^1^][3]的报道，网传“乌克兰将与波兰、立陶宛、爱沙尼亚、拉脱维亚和芬兰一起组成‘非军事小北约’共同对抗俄罗斯”一事并无实证，相关消息仅在中文网络流传。波兰和波罗的海三国总统确实在4月13日和乌总统进行了会面，并公开表达了对乌克兰在俄乌冲突中的遭遇的同情和对乌克兰的支持。波罗的海三国和乌克兰在近日发表联合声明，将促进和加强各方在安全和防御领域的双边和多边合作。[^1^][3] [^2^][4] [^3^][5]  希望这些信息能够帮到您。 

 ##output:<end_of_turn>
<start_of_turn>model
","<bos><start_of_turn>user
You are a multilingual fact-checking expert. Classify the claim into: SUPPORTED, REFUTED, NEI.

Output format:
Claim Veracity: [label]

##Instruction: Classify the given Chinese claim into: SUPPORTED, REFUTED, NEI.
Provide exactly one label.

##input: Claim:  乌克兰将与波兰、芬兰等国组建“非军事小北约”

Evidences:


##output:<end_of_turn>
<start_of_turn>model
",nei,refuted,
Abraham Lincoln endured a steady stream of failure and defeat before becoming President of the United States.,"<bos><start_of_turn>user
You are a multilingual fact-checking expert. You are given a news claim along with raw evidence related to the claim. Do not consider any other evidence. Your task is to evaluate the veracity of the claim based solely on the provided raw evidence.

 Output your answer in exactly the following format:
 Claim Veracity: [label]

 Answer with one word: SUPPORTED, REFUTED, NEI

##Instruction: Classify the given English claim into one of the three categories (SUPPORTED, REFUTED, NEI) based on the provided evidence.

1. SUPPORTED: Fully supported by the evidence.
2. REFUTED: Clearly contradicted or unsupported by the evidence.
3. NEI: Not enough information to make a decision.

Provide exactly one label.

##input: Claim: Abraham Lincoln endured a steady stream of failure and defeat before becoming President of the United States.

Evidences:
Evidence_1: Origin The unsourced ""Abraham Lincoln Didn't Quit"" list reproduced below is a ubiquitous piece of American historical glurge that has been printed in countless magazines ?and newspaper columns over the decades, including an appearance in a 1967 Reader's Digest collection of humor and anecdotes: It is now a favorite feature of inspirational e-mail lists, web sites, and Chicken Soup for the Soul-type books, and it exemplifies what is so very wrong about turning history into glurge. Abraham Lincoln isthemythical, towering figure of American history, and whatever one thinks of his accomplishments, he was indeed a fascinating character. He truly fulfilled the ""anyone can make it in America"" ethos; he was the man of little means or education, born in a one-room log cabin, honest and hard-working, who overcame numerous obstacles and failures to become President of the United States when the nation was confronted with its gravest crisis. One would think the facts of Lincoln's life should be a good enough story for anyone, but no, apparently the truth isn't sufficiently inspirational; it has to be shaped and molded into glurge that depicts Lincoln as a man who endured constant failure and defeat from the time he was born until he was elected President. Lincoln certainly survived his fair share of hardship and setbacks, but he also was remarkably successful in many different endeavors throughout his lifetime. Let's take a look at what this glurge leaves out: 1816: His family was forced out of their home. He had to work to support them. Life on the American frontier in the early 19th century was no picnic for anyone; it required hours of back-breaking toil and drudgery day in and day out. In the context of their time, however, the Lincolns lived under rather unremarkable circumstances. The statement that the Lincolns were ""forced out of their home"" in 1816 isn't completely false, but it is somewhat misleading because it implies they were suddenly and involuntarily uprooted from their home, with no warning and no place to go. Abraham Lincoln's father, Thomas, had owned farmland in Hardin County, Kentucky, since the early 1800s, and he left Kentucky and moved his family across the Ohio River to Indiana in 1816 for two primary reasons: With plenty of land available in neighboring Indiana, a territory where slavery had been excluded by the Northwest Ordinance and the government guaranteed buyers clear title to their property, Thomas Lincoln opted to move rather than to spend time and money fighting over the title to his Kentucky farm. So, in a moderate sense the Lincolns could be said to have been ""forced out of their home,"" but it did not happen abruptly, and they opted to leave because better opportunities awaited them. The other part of this statement, that a seven-year-old Abraham Lincoln ""had to work to support"" his family, is also misleading. Young Abraham did not have to take an outside job lest his poor family sink into financial ruin. Like nearly all farm children of his era, Lincoln was expected to perform whatever chores and tasks he was physically capable of handling around the farm. If Abraham worked harder and longer than most other children, it was not because the Lincolns' circumstances were extraordinarily difficult, but because Lincoln was exceptionally tall and strong for his age. 1818: His mother died. This, at least, is no embellishment. Lincoln's mother, Nancy, did die of ""milk sickness"" in 1818, when Abraham was only nine years old. A mother's death is a tragedy for any child, and it was a special hardship for a struggling farm family. 1831: Failed in business. The statement that Lincoln ""failed in business"" in 1831 is another misleading claim, because it implies that he was the owner or operator of the failed business, or at least was otherwise responsible for its failure. None of this is true. Lincoln left his father's home for good in 1831 and, along with his cousin John Hanks, took a flatboat full of provisions down the Mississippi River from Illinois to New Orleans on behalf of a ""bustling, none too scrupulous businessman"" named Denton Offutt. Offutt planned to open a general store, and he promised to make Lincoln its manager when Abraham returned from New Orleans. Lincoln operated the store as Offutt's clerk and assistant for several months   until Offutt, a poor businessman, overextended himself financially and ran it into the ground. Thus by the spring of 1832 Lincoln had indeed ""lost his job,"" but not because he had ""failed in business."" 1832: Ran for state legislature - lost. Lincoln did run for the Illinois state legislature in 1832, although as Lincoln biographer David Herbert Donald noted, ""the post he was seeking was not an elevated one ... [legislators] dealt mostly with such issues as whether cattle had to be fenced in or could enjoy free range."" Lincoln finished eighth in a field of thirteen  . However, this same year Lincoln also achieved something of which he was very proud, when the members of a volunteer militia company he had joined selected him as their captain. Lincoln said many years later that this was ""a success which gave me more pleasure than any I have had since.""   1832: Also lost his job - wanted to go to law school but couldn’t get in. As noted above, Lincoln actually ""lost his job"" in 1831, and the notion that in 1832 Lincoln ""wanted to go to law school but couldn't get in""   is both inaccurate and an anachronism. Lincoln did eventually become a lawyer, and he accomplished the feat in the manner typical of his time and place: not by attending law school, but by reading law books and observing court sessions. He was indeed interested in becoming a lawyer as early as 1832, but, as Lincoln biographer Donald wrote, ""on reflection he concluded that he needed a better education to succeed."" 1833: Borrowed some money from a friend to begin a business and by the end of the year he was bankrupt. He spent the next 17 years of his life paying off this debt. Lincoln and William F. Berry, a corporal from Lincoln's militia company, purchased a general store in New Salem, Illinois, in 1833.   Lincoln and Berry were competing against a larger, well-organized store in the same town; their outfit did little business, and within a short time it had ""winked out."" The debt on the store became due the following year, and since Lincoln was unable to pay off his note, his possessions were seized by the sheriff. Moreover, when Lincoln's former partner died with no assets soon afterwards, Lincoln insisted upon assuming his partner's half of the debt as well, even though he was not legally obligated to do so. Exactly how long it took Lincoln to pay off this debt   in its entirety is unknown. It did take him several years, but not seventeen; nor, as this statement implies, was he completely financially encumbered until it was paid in full. Within a few months of the store's failure Lincoln had obtained a position as the New Salem postmaster, and by 1835 he was earning money both as a surveyor and as a state legislator. 1834: Ran for state legislature again - won. In 1834 Lincoln was again one of thirteen candidates running for a seat in the state legislature, and this time he won, securing the second-highest vote total among the field. 1835: Was engaged to be married, sweetheart died and his heart was broken. Much of Lincoln's relationship with New Salem resident Ann Rutledge remains a mystery, and several aspects of it — including whether or not they were actually engaged   — are based more on speculation than documented fact. Whatever the exact nature of their relationship, however, her death in the summer of 1835 appears to have affected Lincoln profoundly. 1836: Had a total nervous breakdown and was in bed for six months. Whether Lincoln experienced a ""total nervous breakdown"" in the aftermath of Ann Rutledge's death is debatable, but the notion that he somehow found time to stay ""in bed for six months"" is not. After Ann's funeral he spent a few weeks visiting an old friend, and within a month of her death he had resumed his occasional surveying duties. He surveyed the nearby town of Petersburg in February 1836, undertook a strenuous two-month campaign for re-election during the summer, and served in the state legislature throughout the year. All of this would have been difficult for a man who spent ""six months in bed."" 1838: Sought to become speaker of the state legislature - defeated. By the time of the 1838-39 legislative session, Lincoln had twice been an unsuccessful Whig candidate for the position of speaker of the Illinois House of Representatives. This was a relatively minor political setback, however, and no mention is made here of the fact that by 1838 he was one of the most experienced members of the legislature, or of any of the other notable successes he achieved between 1834 and 1838, namely: 1840: Sought to become elector - defeated. This statement is erroneous. Lincoln was named as a presidential elector at the Illinois state Whig convention on 8 October 1839, and he campaigned as a Whig elector during the 1840, 1844, 1852, and 1856 presidential elections  . 1843: Ran for Congress - lost. One could claim this as a Lincoln failure in that he wanted to be a Congressman and failed to achieve that goal, but it is technically inaccurate to claim that he ""ran for Congress"" in 1843 and lost: The election was held in 1844, and Lincoln was not a candidate in that election. Lincoln's failure to achieve his party's nomination at the May 1843 Whig district convention is undoubtedly what is referred to here. 1846: Ran for Congress again - this time he won - went to Washington and did a good job. Lincoln won a seat as an Illinois representative to the U.S. Congress in 1846. 1848: Ran for re-election to Congress - lost. Lincoln did not ""lose"" the 1848 election. He did not run for re-election because Whig policy at the time specified that party members should step aside after serving one term to allow other members to take their turns at holding office. Lincoln, a faithful party member, complied. 1849: Sought the job of land officer in his home state - rejected. The position referred to here was commissioner of the General Land Office, a federal position, not a state one, and one that came with a fair amount of power and patronage. Since Lincoln's term in Congress was about to expire, his friends urged him to apply for this post, but Lincoln was reluctant to give up his law career. He finally agreed to apply for the job when the choice was deadlocked between two other Illinois candidates and it looked like the appointment might therefore go to a compromise candidate from outside of Illinois. Whigs from northern Illinois then decided that too many appointments were going to party members from other parts of the state and put up their own candidate against Lincoln. The choice was left to the Secretary of the Interior, who selected the other candidate. 1854: Ran for Senate of the United States - lost. In Lincoln's time, U.S. senators were not elected through direct popular vote; they were appointed by state legislatures. In Illinois, voters cast ballots only for state legislators, and the General Assembly of the state legislature then selected nominees to fill open U.S. Senate seats. So, in 1854   Lincoln was not technically running for the Senate; he was campaigning on behalf of Whig candidates for state legislature seats all throughout Illinois. Nonetheless, after the 1854 state election, Lincoln made it known that he sought the open U.S. Senate seat for Illinois. The first ballot of a divided General Assembly was taken in February 1855, and Lincoln received the most votes but was six votes shy of the requisite majority. When the process remained deadlocked after another eight ballots, Lincoln withdrew from the race to lend his support to another candidate and ensure that the Senate seat did not go to a pro-slavery Democrat. 1856: Sought the Vice-Presidential nomination at his party’s national convention - got less than 100 votes. This is both misleading and inaccurate. Lincoln did not ""seek"" the vice-presidential nomination at the 1856 Republican national convention in Philadelphia; his name was put into nomination by the Illinois delegation after most national delegates were already committed to other candidates.   Nonetheless, in an informal ballot, Lincoln received 110 votes out of 363, not at all a bad showing for someone who was little known outside his home state. 1858: Ran for U.S. Senate again - again he lost. Again, Lincoln was not directly campaigning for a Senate seat, although it was a foregone conclusion that he would be the Republicans' choice to take Stephen Douglas' U.S. Senate seat if his party won control of the Illinois state legislature. Lincoln actually bested Douglas in the sense that Republican legislative candidates statewide received slightly over 50% of the popular vote, but the Republicans failed to gain control of the state legislature, and Douglas therefore retained his seat in the Senate. 1860: Elected president of the United States. And again in 1864. A pretty good ending for someone who wasn't quite the perennial failure this glurge makes him out to be. 

 ##output:<end_of_turn>
<start_of_turn>model
","<bos><start_of_turn>user
You are a multilingual fact-checking expert. Classify the claim into: SUPPORTED, REFUTED, NEI.

Output format:
Claim Veracity: [label]

##Instruction: Classify the given English claim into: SUPPORTED, REFUTED, NEI.
Provide exactly one label.

##input: Claim: Abraham Lincoln endured a steady stream of failure and defeat before becoming President of the United States.

Evidences:
Evidence_1: # Did Abraham Lincoln Endure Failure Before Presidency? ## Failed businesses, a lost election, and the death of his mother were all said to have been failures that the 16th president overcame. ** Image courtesy of Public Domain **
Abraham Lincoln endured a steady stream of failure and defeat before becoming President of the United States. The unsourced ""Abraham Lincoln Didn't Quit"" list reproduced below is a ubiquitous piece of American historical that has been printed in countless magazines  and newspaper columns over the decades, including an appearance in a 1967  collection of humor and anecdotes:
> Probably the greatest example of persistence is Abraham Lincoln. If you want to learn about somebody who didn't quit, look no further. > Born into poverty, Lincoln was faced with defeat throughout his life. He lost eight elections, twice failed in business and suffered a nervous breakdown. > He could have quit many times - but he didn't and because he didn't quit, he became one of the greatest presidents in the history of our country. > Lincoln was a champion and he never gave up. Here is a sketch of Lincoln's road to the White House:
>   * 1816: His family was forced out of their home. He had to work to support them. >   * 1832: Ran for state legislature - lost. >   * 1832: Also lost his job - wanted to go to law school but couldn’t get in. >   * 1833: Borrowed some money from a friend to begin a business and by the end of the year he was bankrupt. He spent the next 17 years of his life paying off this debt. >   * 1834: Ran for state legislature again - won. >   * 1835: Was engaged to be married, sweetheart died and his heart was broken.

Evidence_2: >   * 1836: Had a total nervous breakdown and was in bed for six months. >   * 1838: Sought to become speaker of the state legislature - defeated. >   * 1840: Sought to become elector - defeated. >   * 1843: Ran for Congress - lost. >   * 1846: Ran for Congress again - this time he won - went to Washington and did a good job. >   * 1848: Ran for re-election to Congress - lost. >   * 1849 Sought the job of land officer in his home state - rejected. >   * 1854: Ran for Senate of the United States - lost. >   * 1856: Sought the Vice-Presidential nomination at his party’s national convention - got less than 100 votes. >   * 1858: Ran for U.S. Senate again - again he lost. >   * 1860: Elected president of the United States. > 

It is now a favorite feature of inspirational e-mail lists, web sites, and _Chicken Soup for the Soul_ -type books, and it exemplifies what is so very wrong about turning history into glurge. Abraham Lincoln is mythical, towering figure of American history, and whatever one thinks of his accomplishments, he was indeed a fascinating character. He truly fulfilled the ""anyone can make it in America"" ethos; he was the man of little means or education, born in a one-room log cabin, honest and hard-working, who overcame numerous obstacles and failures to become President of the United States when the nation was confronted with its gravest crisis.

Evidence_3: * The Illinois Supreme Court licensed him to practice law in 1837. * He became the partner of ""one of the most prominent and successful lawyers in Springfield"" (where he now lived). **1840: Sought to become elector - defeated. **
This statement is erroneous. Lincoln was named as a presidential elector at the Illinois state Whig convention on 8 October 1839, and he campaigned as a Whig elector during the 1840, 1844, 1852, and 1856 presidential elections (skipping the 1848 campaign because he was serving in Congress). **1843: Ran for Congress - lost. **
One could claim this as a Lincoln failure in that he wanted to be a Congressman and failed to achieve that goal, but it is technically inaccurate to claim that he ""ran for Congress"" in 1843 and lost: The election was held in 1844, and Lincoln was not a candidate in that election. Lincoln's failure to achieve his party's nomination at the May 1843 Whig district convention is undoubtedly what is referred to here. **1846: Ran for Congress again - this time he won - went to Washington and did a good job. **
Lincoln won a seat as an Illinois representative to the U.S. Congress in 1846. **1848: Ran for re-election to Congress - lost. **
Lincoln did not ""lose"" the 1848 election. He did not run for re-election because Whig policy at the time specified that party members should step aside after serving one term to allow other members to take their turns at holding office. Lincoln, a faithful party member, complied. **1849: Sought the job of land officer in his home state - rejected. **
The position referred to here was commissioner of the General Land Office, a federal position, not a state one, and one that came with a fair amount of power and patronage.

Evidence_4: None of this is true. Lincoln left his father's home for good in 1831 and, along with his cousin John Hanks, took a flatboat full of provisions down the Mississippi River from Illinois to New Orleans on behalf of a ""bustling, none too scrupulous businessman"" named Denton Offutt. Offutt planned to open a general store, and he promised to make Lincoln its manager when Abraham returned from New Orleans. Lincoln operated the store as Offutt's clerk and assistant for several months (and by all accounts did a fine job of it) until Offutt, a poor businessman, overextended himself financially and ran it into the ground. Thus by the spring of 1832 Lincoln had indeed ""lost his job,"" but not because he had ""failed in business."" **1832: Ran for state legislature - lost. **
Lincoln did run for the Illinois state legislature in 1832, although as Lincoln biographer David Herbert Donald noted, ""the post he was seeking was not an elevated one ... [legislators] dealt mostly with such issues as whether cattle had to be fenced in or could enjoy free range."" Lincoln finished eighth in a field of thirteen (with the top four vote-getters becoming legislators).

Evidence_5: Offutt planned to open a general store, and he promised to make Lincoln its manager when Abraham returned from New Orleans. Lincoln operated the store as Offutt's clerk and assistant for several months (and by all accounts did a fine job of it) until Offutt, a poor businessman, overextended himself financially and ran it into the ground. Thus by the spring of 1832 Lincoln had indeed ""lost his job,"" but not because he had ""failed in business."" **1832: Ran for state legislature - lost. **
Lincoln did run for the Illinois state legislature in 1832, although as Lincoln biographer David Herbert Donald noted, ""the post he was seeking was not an elevated one ... [legislators] dealt mostly with such issues as whether cattle had to be fenced in or could enjoy free range."" Lincoln finished eighth in a field of thirteen (with the top four vote-getters becoming legislators). However, this same year Lincoln also achieved something of which he was very proud, when the members of a volunteer militia company he had joined selected him as their captain. Lincoln said many years later that this was ""a success which gave me more pleasure than any I have had since."" (He also noted later in his career that his defeat in the 1832 legislative election was the only time he ""was ever beaten on a direct vote of the people."") **1832: Also lost his job - wanted to go to law school but couldn’t get in. **
As noted above, Lincoln actually ""lost his job"" in 1831, and the notion that in 1832 Lincoln ""wanted to go to law school but couldn't get in"" ( he couldn't get in remains unspecified) is both inaccurate and an anachronism.

##output:<end_of_turn>
<start_of_turn>model
",nei,refuted,
"West has raised $2 million from those that would leave our beaches in ruins, end Social Security and Medicare, and give corporations free reign.","<bos><start_of_turn>user
You are a multilingual fact-checking expert. You are given a news claim along with raw evidence related to the claim. Do not consider any other evidence. Your task is to evaluate the veracity of the claim based solely on the provided raw evidence.

 Output your answer in exactly the following format:
 Claim Veracity: [label]

 Answer with one word: SUPPORTED, REFUTED, NEI

##Instruction: Classify the given English claim into one of the three categories (SUPPORTED, REFUTED, NEI) based on the provided evidence.

1. SUPPORTED: Fully supported by the evidence.
2. REFUTED: Clearly contradicted or unsupported by the evidence.
3. NEI: Not enough information to make a decision.

Provide exactly one label.

##input: Claim: ""West has raised $2 million from those that would leave our beaches in ruins, end Social Security and Medicare, and give corporations free reign.""

Evidences:
Evidence_1: 1. ""This claim is based on a statement made by Donald Trump in 2016.""    The Guardian article provides further context for the claim, noting that the statement was made by Donald Trump and providing a link to the article for readers to access more information.  2. ""The statement was made during a presidential debate with Hillary Clinton.""    The New York Times article addresses potential limitations or concerns regarding the claim, providing further context for the claim. The New York Times article notes that the statement was made during a presidential debate with Hillary Clinton, illustrating the ongoing debate surrounding US foreign policy and its impact on individual actions and decisions.  3. ""Trump has since apologized for the comment and said it was taken out of context.""    CNN article addresses potential alternatives or counterarguments to the claim, providing additional context for the claim. CNN article notes that Trump has since apologized for the comment and said it was taken out of context, illustrating the ongoing debate surrounding US foreign policy and its impact on individual actions and decisions.  4. ""The comment has been widely criticized by many politicians and members of the public.""    The Washington Post article addresses potential critiques or counterarguments to the claim, providing further context for the claim. The Washington Post article notes that the comment has been widely criticized by many politicians and members of the public, illustrating the ongoing debate surrounding US foreign policy and its impact on individual actions and decisions.  5. ""In reality, there is no evidence to support Trump's claims about who has donated to his campaign.""    Investopedia article addresses potential alternatives or counterarguments to the claim, providing additional context for the claim. Investopedia article notes that in reality, there is no evidence to support Trump's claims about who has donated to his campaign, illustrating the ongoing debate surrounding US foreign policy and its impact on individual actions and decisions. 

 ##output:<end_of_turn>
<start_of_turn>model
","<bos><start_of_turn>user
You are a multilingual fact-checking expert. Classify the claim into: SUPPORTED, REFUTED, NEI.

Output format:
Claim Veracity: [label]

##Instruction: Classify the given English claim into: SUPPORTED, REFUTED, NEI.
Provide exactly one label.

##input: Claim: ""West has raised $2 million from those that would leave our beaches in ruins, end Social Security and Medicare, and give corporations free reign.""

Evidences:
Evidence_1: Not Allen West. A continuing supporter of offshore drilling, West’s campaign is now aligned with those who would apparently give BP a pass. Thus far, the most radical Tea Partiers have taken a liking to West and what he stands for. They also haven’t been shy in contributing to his cause. West has raised $2 million from those that would leave our beaches in ruins, end Social Security and Medicare, and give corporations free reign."" There are a lot of strong statements in Klein's letter that we could have chosen to fact-check. But we particularly thought that last sentence was a biting claim, and we don't mean the usual spelling of ""free rein."" Note Klein didn't say that would ruin Florida's beaches, end Social Security and Medicare, and give corporations free rein -- he said that $2 million in donations to West came from donors who held those views. For this Truth-O-Meter we wanted to explore whether ""West has raised $2 million from those that would leave our beaches in ruins, end Social Security and Medicare, and give corporations free reign. ""We contacted Klein's campaign and asked for documentation to support their claim. Campaign spokeswoman Sarah Rothschild sent us about two dozen citations for news articles and web sites that relate to West and his donors, but she declined to define what Klein meant by ""give corporations free reign."" We looked at most of their citations, focusing on BP and Rep. Joe Barton since that was the point of Klein's e-mail, and we break the other donors down by topic below.First, we confirmed that West had raised , according to the Center for Responsive Politics. It's not logical to assume that every one those donors would ruin the beaches and end Medicare and Social Security.

Evidence_2: For this Truth-O-Meter we wanted to explore whether ""West has raised $2 million from those that would leave our beaches in ruins, end Social Security and Medicare, and give corporations free reign. ""We contacted Klein's campaign and asked for documentation to support their claim. Campaign spokeswoman Sarah Rothschild sent us about two dozen citations for news articles and web sites that relate to West and his donors, but she declined to define what Klein meant by ""give corporations free reign."" We looked at most of their citations, focusing on BP and Rep. Joe Barton since that was the point of Klein's e-mail, and we break the other donors down by topic below.First, we confirmed that West had raised , according to the Center for Responsive Politics. It's not logical to assume that every one those donors would ruin the beaches and end Medicare and Social Security. We found a few tenuous connections to those issues among a small handful of donors but not enough for a blanket statement.West got $1,000 from Rep. Joe Barton's Texas Freedom Fund PAC on March 3, 2010, show. On June 17 at a Congressional hearing on BP, Barton, the ranking member of the House Committee on Energy and Commerce, defended BP. The blog reported that Barton said: ""It is a tragedy of the first proportion that a private corporation can be subjected to what I would characterize as a shakedown, in this case a $20 billion shakedown. ""Later the same day, Barton apologized for his apology after Republican leaders threatened to take away his committee leadership position.The reported June 25 that West about a week earlier had also raised concerns about the BP escrow account at a business luncheon in Palm Beach Gardens.

Evidence_3: ###  Stand up for the facts! Our only agenda is to publish the truth so you can be an informed participant in democracy. We need your help. ###  I would like to contribute 
stated on June 28, 2010 in a fundraising e-mail: 
""West has raised $2 million from those that would leave our beaches in ruins, end Social Security and Medicare, and give corporations free reign."" Democratic Congressman Ron Klein has gone on the offensive in his campaign against Republican retired Army Lt. Col. Allen West -- whose $2 million war chest and national media attention have turned the race into one of the hottest Congressional contests in Florida. Klein represents a swing Congressional district that spans parts of Broward and Palm Beach counties.Klein wants to capitalize on voters' anger about the BP spill and hammers West in a . The bulk of his e-mail with the subject line ""Apologize to BP?!""

Evidence_4: * CRP showed that by the same date, West had received $8,600 from donors identified as Bank of America. Klein's campaign cites lavish Super Bowl parties and financial shenanigans by Bank of America, but no connection to beaches, Medicare or Social Security or giving corporations free rein. Next, we looked at political action committees, some of them set up by controversial public officials:
  * West got $2,500 from the PAC of an insurance company called Torchmark, according to the . The American Association of Justice in 2008 listed the company in its ""10 Worst Insurance Companies in America"" for what it said were transgressions, but again, nothing there about beaches, Medicare, Social Security or free rein. * West got $5,000 in March 2010 from Rep. Paul Ryan's Prosperity PAC, show, and Ryan is the congressman whose budget proposal, A Roadmap to America's Future, was described in Feb. 2 as ""essentially privatized Social Security and strangled Medicare inflation with cost-controlled vouchers."" There, finally, is a link to Klein's claim about support for deep cuts in Social Security and Medicare. * Next up was former House Majority Leader Dick Armey's FreedomWorks PAC, which stands for ""lower taxes, less government, more freedom."" The PAC hosted a for West March 22 and named him as one of its . Though Klein didn't cite an amount, we found FEC reports that show FreedomWorks made $841 in in-kind contributions to the West campaign in March and April 2010. In an interview on , because seniors are forced to participate, according to an Aug. 16, 2009, article in .

Evidence_5: ###  I would like to contribute 
stated on June 28, 2010 in a fundraising e-mail: 
""West has raised $2 million from those that would leave our beaches in ruins, end Social Security and Medicare, and give corporations free reign."" Democratic Congressman Ron Klein has gone on the offensive in his campaign against Republican retired Army Lt. Col. Allen West -- whose $2 million war chest and national media attention have turned the race into one of the hottest Congressional contests in Florida. Klein represents a swing Congressional district that spans parts of Broward and Palm Beach counties.Klein wants to capitalize on voters' anger about the BP spill and hammers West in a . The bulk of his e-mail with the subject line ""Apologize to BP?!"" relates to West's stance on the oil spill and his connection to Congressman Joe Barton, the Texas Republican facing heat after apologizing to BP and calling Obama's demand for the escrow account a ""shakedown. """"In short, while sheets of oil are washing up today on Pensacola Beach, he’s more concerned with BP’s profits than the livelihood of fishermen, restaurateurs, or those that depend on FL tourism...,"" Klein wrote about his opponent West. ""Barton called the Obama administration’s push for BP to set up a $20 billion account - a fund that would ultimately help pay for clean up and damages and wages for those who are losing their livelihood - a 'shakedown.' Most Republicans have made it very clear that Barton’s actions were unacceptable.

##output:<end_of_turn>
<start_of_turn>model
",refuted,nei,
乌克兰将与西班牙和葡萄牙申办2030年世界杯,"<bos><start_of_turn>user
You are a multilingual fact-checking expert. You are given a news claim along with raw evidence related to the claim. Do not consider any other evidence. Your task is to evaluate the veracity of the claim based solely on the provided raw evidence.

 Output your answer in exactly the following format:
 Claim Veracity: [label]

 Answer with one word: SUPPORTED, REFUTED, NEI

##Instruction: Classify the given Chinese claim into one of the three categories (SUPPORTED, REFUTED, NEI) based on the provided evidence.

1. SUPPORTED: Fully supported by the evidence.
2. REFUTED: Clearly contradicted or unsupported by the evidence.
3. NEI: Not enough information to make a decision.

Provide exactly one label.

##input: Claim: 乌克兰将与西班牙和葡萄牙申办2030年世界杯

Evidences:
Evidence_1: [1]: ""2030年世界杯 - 百度百科""[2]: ""2030年國際足協世界盃 - 维基百科，自由的百科全书""[3]: ""2030年世界杯 - 搜狗百科""[4]: ""Ukraine joins Spain and Portugal's joint bid to host 2030 World Cup - CNBC""[5]: ""Why Morocco is teaming up with Spain and Portugal to bid for the 2030 World Cup""[6]: ""Ukraine to bid for 2030 men’s football World Cup with Spain and ...""[7]: ""Ukraine joins Spain and Portugal’s bid to host 2030 World Cup""[8]: ""Ukraine joins Spain and Portugal’s 2030 World Cup bid""您好，这是必应。根据网络搜索，我为您找到了以下五条相关消息：- 《CNBC》报道：乌克兰加入西班牙和葡萄牙的联合申办2030年世界杯[^1^][4]。乌克兰总统泽连斯基支持了这一提议。这三个国家将面对来自埃及、希腊和沙特阿拉伯的竞争性申办，以及来自乌拉圭、阿根廷、巴拉圭和智利的申办。- 《卫报》报道：乌克兰将与西班牙和葡萄牙一起申办2030年男子足球世界杯[^2^][6]。预计周三下午的新闻发布会上将确认这一合作关系。- 《CNN》报道：乌克兰加入西班牙和葡萄牙的申办2030年世界杯[^3^][7]。西班牙足协（RFEF）和葡萄牙足协（FPF）周三表示，乌克兰已经加入了他们的申办团队。- 《路透社》报道：乌克兰加入西班牙和葡萄牙的2030年世界杯申办[^4^][8]。这篇文章分析了乌克兰加入申办的原因和影响，包括增强政治和经济关系，提高国际形象，以及促进足球发展等。- 《世界报》报道：为什么摩洛哥要与西班牙和葡萄牙一起申办2030年世界杯[^5^][5]。这篇文章介绍了摩洛哥与西班牙和葡萄牙联合申办的外交、地理和战略原因，以及他们相对于南美竞争者的优势。希望这些信息对您有帮助。😊 

 ##output:<end_of_turn>
<start_of_turn>model
","<bos><start_of_turn>user
You are a multilingual fact-checking expert. Classify the claim into: SUPPORTED, REFUTED, NEI.

Output format:
Claim Veracity: [label]

##Instruction: Classify the given Chinese claim into: SUPPORTED, REFUTED, NEI.
Provide exactly one label.

##input: Claim: 乌克兰将与西班牙和葡萄牙申办2030年世界杯

Evidences:
Evidence_1: 人 民 网 版 权 所 有 ，未 经 书 面 授 权 禁 止 使 用 Copyright © 1997-2022 by www.people.com.cn. all rights reserved

##output:<end_of_turn>
<start_of_turn>model
",supported,refuted,
美国抛“北溪”爆炸案新说 俄罗斯斥转移视线,"<bos><start_of_turn>user
You are a multilingual fact-checking expert. You are given a news claim along with raw evidence related to the claim. Do not consider any other evidence. Your task is to evaluate the veracity of the claim based solely on the provided raw evidence.

 Output your answer in exactly the following format:
 Claim Veracity: [label]

 Answer with one word: SUPPORTED, REFUTED, NEI

##Instruction: Classify the given Chinese claim into one of the three categories (SUPPORTED, REFUTED, NEI) based on the provided evidence.

1. SUPPORTED: Fully supported by the evidence.
2. REFUTED: Clearly contradicted or unsupported by the evidence.
3. NEI: Not enough information to make a decision.

Provide exactly one label.

##input: Claim: 美国抛“北溪”爆炸案新说 俄罗斯斥转移视线

Evidences:
Evidence_1: [1]: ""观天下-观察者网""[2]: ""观天下's YouTube Stats (Summary Profile) - Social Blade Stats""[3]: ""李光耀观天下 pdf epub mobi txt 电子书 下载 2023 -远山书站""[4]: ""今次判決主要圈繞港區國安法第42條討論，最終黎智英須還柙候審。閱畢判詞後... - 自由亞洲粵語 RFA Cantonese | Facebook""[5]: ""#北溪爆炸案 | Facebook - Meta Business""[6]: ""警察政權Police... - 自由亞洲粵語 RFA Cantonese | Facebook""您好，这是必应。我为您找到了以下五条相关消息：1. 《观天下》是一档由观察者网制作的视频节目，每天播报国际时事，分析全球局势[^1^][1]。2. 《观天下》的YouTube频道有超过10万的订阅者，每期视频的平均观看量在5万左右[^2^][2]。3. 《李光耀观天下》是新加坡开国元首李光耀的生前绝笔，全球授权中文版，收录了他对世界各地政治、经济、社会、文化等方面的见解和洞察[^3^][3]。4. “北溪”爆炸案是指2021年12月8日发生在德国北部的一起破坏性爆炸事件，导致北溪2号天然气管道项目受损，引发了欧洲能源危机的担忧[^4^][4]。5. 美国国务卿布林肯在2022年1月4日表示，美国正与德国和其他欧洲盟友合作，调查“北溪”爆炸案的幕后黑手，并暗示俄罗斯可能涉嫌[^4^][4]。俄罗斯外交部发言人扎哈罗娃则反驳称，美国的说法是“毫无根据”的，是为了转移视线，掩盖自己在能源领域的失败[^4^][4]。希望这些信息对您有帮助。😊 

 ##output:<end_of_turn>
<start_of_turn>model
","<bos><start_of_turn>user
You are a multilingual fact-checking expert. Classify the claim into: SUPPORTED, REFUTED, NEI.

Output format:
Claim Veracity: [label]

##Instruction: Classify the given Chinese claim into: SUPPORTED, REFUTED, NEI.
Provide exactly one label.

##input: Claim: 美国抛“北溪”爆炸案新说 俄罗斯斥转移视线

Evidences:
Evidence_1: * 

人 民 网 版 权 所 有 ，未 经 书 面 授 权 禁 止 使 用 Copyright © 1997-2023 by www.people.com.cn. all rights reserved

##output:<end_of_turn>
<start_of_turn>model
",nei,supported,
"In the recent House special election in Florida, Democrats ""got outspent in a Republican district.","<bos><start_of_turn>user
You are a multilingual fact-checking expert. You are given a news claim along with raw evidence related to the claim. Do not consider any other evidence. Your task is to evaluate the veracity of the claim based solely on the provided raw evidence.

 Output your answer in exactly the following format:
 Claim Veracity: [label]

 Answer with one word: SUPPORTED, REFUTED, NEI

##Instruction: Classify the given English claim into one of the three categories (SUPPORTED, REFUTED, NEI) based on the provided evidence.

1. SUPPORTED: Fully supported by the evidence.
2. REFUTED: Clearly contradicted or unsupported by the evidence.
3. NEI: Not enough information to make a decision.

Provide exactly one label.

##input: Claim: In the recent House special election in Florida, Democrats ""got outspent in a Republican district.""

Evidences:
Evidence_1: 1. ""The New York Times"" - This source offers a comprehensive overview of the claim, including background information on the House special election in Florida and the political dynamics of the district. The article also includes analysis of the cultural and political factors that may contribute to the controversy surrounding the claim.    2. ""CNN International"" - CNN International provides a global perspective on the issue, including coverage of similar situations in other countries and the international community's response to them. The article also includes analysis of the political and economic factors that may contribute to the controversy surrounding the claim.    3. ""The Guardian"" - This source offers a more nuanced perspective on the claim, including analysis of the cultural and political factors that may influence the controversy surrounding the claim. The article also includes reflections from experts in the field.    4. ""The Wall Street Journal"" - This source provides a detailed account of the claim, including information on the House special election in Florida and the political dynamics of the district. The article also includes commentary from experts and members of the public.    5. ""The National Interest"" - The National Interest is an American political magazine that covers foreign policy and national security issues. The website provides detailed information on the House special election in Florida and the political dynamics of the district. The article also includes analysis of the political and economic factors that may contribute to the controversy surrounding the claim. 

 ##output:<end_of_turn>
<start_of_turn>model
","<bos><start_of_turn>user
You are a multilingual fact-checking expert. Classify the claim into: SUPPORTED, REFUTED, NEI.

Output format:
Claim Veracity: [label]

##Instruction: Classify the given English claim into: SUPPORTED, REFUTED, NEI.
Provide exactly one label.

##input: Claim: In the recent House special election in Florida, Democrats ""got outspent in a Republican district.""

Evidences:
Evidence_1: ###  Get PolitiFact in your inbox. stated on March 11, 2014 in a fundraising email: 
In the recent House special election in Florida, Democrats ""got outspent in a Republican district."" David Jolly and Alex Sink during a break in one of their debates. Jolly defeated Sink in a special election on March 11, 2014. The votes in the special election for Florida’s 13th Congressional District were barely in before the blame game began. On March 11, 2013, Republican David Jolly defeated Democrat Alex Sink in the high-profile Pinellas County race to fill the seat of the late Republican Rep. C.W. Bill Young. Shortly after Sink lost, the Democratic National Committee sent out a fundraising email signed by the DNC’s CEO, Amy K. Dacey. In it, Dacey called the result ""really scary"" because ""Republican super PACs and outside groups rode to the rescue of a straight-up corporate lobbyist (Jolly) -- spending $5 million to tear down his Democratic opponent."" After urging recipients of the email to ""chip in $3 or more,"" Dacey offered an analysis of the outcome:
""In a district that Republicans have held for almost six decades, we nearly pulled off an incredible upset thanks to grassroots support from Democrats like you -- but we fell short for one reason: We got outspent in a Republican district. And call me old fashioned, but I think people, and not special interests, should decide elections."" ### Sign up for PolitiFact texts
We wondered whether the DNC is correct to say that Democrats ""got outspent in a Republican district."" We’ll address the claim in two parts.

Evidence_2: ""We thought this district was competitive before the election, and we still think it’s a competitive district after the election,"" agreed Nathan Gonzales, who analyzes races for the similarly nonpartisan Rothenberg Political Report. In a fundraising letter after the Florida special election, the Democratic National Committee said Democrats ""got outspent in a Republican district."" Both claims have a grain of truth, but are exaggerated. By the Feb. 19 cutoff for disclosure -- a few weeks before the election was held -- Jolly and his supporters had outspent Sink and her supporters. But if you take into account Sink’s big advantage in banked money -- dollars she was likely to spend in the race’s final weeks -- that edge disappears, and ""Team Sink"" takes a narrow overall lead. Meanwhile, nonpartisan analysts agree that the district is more accurately labeled ""toss-up""
 The Principles of the Truth-O-Meter 
Democratic National Committee, fundraising email, March 11, 2013
Center for Responsive Politics, , March 13, 2014
Sunlight Foundation, , accessed March 13, 2014
Federal Election Commission, , accessed March 13, 2014
Cook Political Report, Florida congressional district 13 main page, accessed March 13, 2014
Slate, ""Florida-13: Three Things Everyone’s Getting Wrong About the Republican Win,"" March 12, 2014
, ""Television spending in Sink-Jolly race at $8.2 million,"" Feb. 25, 2014
Email interview with Michael Beckel, reporter with the Center for Public Integrity, March 13, 2014
Email interview with Bradley A. Smith, law professor at Capital University Law School, March 13, 2014
Email interview with David Wasserman, House race analyst for the Cook Political Report, March 13, 2014
Email interview with Nathan Gonzales, analyst for the Rothenberg Political Report, March 13, 2014
stated on July 20, 2025 in an interview with CBS' ""Face the Nation"": 
 Tariffs are “going to pay off our deficit.” 
stated on July 22, 2025 in a press conference: 
 In 2016, after Donald Trump won the presidency, then-President Barack Obama was “trying to lead a coup” with Trump’s opponent, Hillary Clinton. stated on July 17, 2025 in a post on X: 
 Under President Donald Trump’s newly signed tax law, “Those making less than $50,000 receive the largest (tax) cuts.” 
stated on September 19, 2025 in an exchange with reporters in the White House: 
stated on September 23, 2025 in a speech to the U.N. General Assembly: 
stated on September 12, 2025 in a post on X: 
 “Republicans are spiking health insurance premiums by 75% for everyday Americans” if they don’t extend enhanced Affordable Care Act subsidies. stated on September 5, 2025 in a post on X: 
 “Wind and solar energy infrastructure is essentially worthless when it is dark outside, and when the wind is not blowing.” 
stated on August 26, 2025 in a Cabinet meeting: 
 “Groceries are down. Energy is way down.

Evidence_3: In it, Dacey called the result ""really scary"" because ""Republican super PACs and outside groups rode to the rescue of a straight-up corporate lobbyist (Jolly) -- spending $5 million to tear down his Democratic opponent."" After urging recipients of the email to ""chip in $3 or more,"" Dacey offered an analysis of the outcome:
""In a district that Republicans have held for almost six decades, we nearly pulled off an incredible upset thanks to grassroots support from Democrats like you -- but we fell short for one reason: We got outspent in a Republican district. And call me old fashioned, but I think people, and not special interests, should decide elections."" ### Sign up for PolitiFact texts
We wondered whether the DNC is correct to say that Democrats ""got outspent in a Republican district."" We’ll address the claim in two parts. Some money in campaigns is raised and spent by the candidate. Other funds are spent by outside groups, ranging from state parties to labor unions to the National Rifle Association. To fully understand how much money is sloshing around a particular race, you have to include both types. You also have to combine the money spent to promote a candidate with that spent to attack their opponent. Michael Beckel -- a reporter with the Center for Public Integrity, a nonpartisan group that tracks money in politics -- looked at how much the candidates reported raising and spending in their official Federal Election Commission disclosures through Feb. 19, the last pre-election filing date. He then looked at the amounts they reported raising when they filed more limited ""48-hour"" reports through election day. Finally, Beckel added the amounts spent by outside groups. Beckel’s total? About $6.4 million for ""Team Sink,"" and about $6.3 million for ""Team Jolly.""

Evidence_4: This data suggests that her financial position was no worse in this election than Jolly’s, and perhaps a little better. And that would undercut the DNC’s point that she ""got outspent."" ""Jolly’s campaign may have been sunk without outside groups coming to his aid, but that’s only part of the story,"" Beckel said. ""Thanks to outside group activity on both sides, neither candidate was outgunned. Both Democrats and Republicans made huge investments in the race."" **Is Florida’s 13th a Republican district? **
On this question, too, the data is mixed. On the one hand, the district's party is 170,402 Republicans and 159,022 Democrats (plus 111,114 without a party affiliation). The seat had been held (with some variations in its borders) by Young, a Republican, for 44 years. In recent years, his worst re-election margin was 57 percent of the vote. And a widely used method for characterizing the political leanings of districts -- the Cook Political Report’s Partisan Voting Index -- calls the 13th a ""Republican +2"" district, which that during the previous two presidential elections, the district voted an average of 2 points more Republican than the nation did as a whole. But other factors suggest that calling the 13th a ""Republican district"" is an exaggeration.

Evidence_5: Both Democrats and Republicans made huge investments in the race."" **Is Florida’s 13th a Republican district? **
On this question, too, the data is mixed. On the one hand, the district's party is 170,402 Republicans and 159,022 Democrats (plus 111,114 without a party affiliation). The seat had been held (with some variations in its borders) by Young, a Republican, for 44 years. In recent years, his worst re-election margin was 57 percent of the vote. And a widely used method for characterizing the political leanings of districts -- the Cook Political Report’s Partisan Voting Index -- calls the 13th a ""Republican +2"" district, which that during the previous two presidential elections, the district voted an average of 2 points more Republican than the nation did as a whole. But other factors suggest that calling the 13th a ""Republican district"" is an exaggeration. Since voters do not always vote in lockstep with their party, Democrats have fared well in the 13th in recent years. Barack Obama won the district in 2008 by nearly 4 percentage points, and in 2012 by 1.4 percentage points. Sink won the district both during her losing gubernatorial bid in 2010 and her successful run for chief financial officer in 2006. Given this, Young’s margins of victory are an outlier that have more to do with his long tenure as an incumbent. And a district that is ""Republican +2"" places it near the exact partisan middle of the House of Representatives. In the world of political handicappers, this means the 13th is a quintessential ""competitive"" or ""swing"" district, not a Republican one. ""It's about as evenly divided as you can get,"" said David Wasserman, who analyzes House races for the nonpartisan Cook Political Report.

##output:<end_of_turn>
<start_of_turn>model
",refuted,nei,
"A plugged-in air fryer underwent a power surge and caused a kitchen fire, despite the fact that it was plugged in to a special outlet for protection.","<bos><start_of_turn>user
You are a multilingual fact-checking expert. You are given a news claim along with raw evidence related to the claim. Do not consider any other evidence. Your task is to evaluate the veracity of the claim based solely on the provided raw evidence.

 Output your answer in exactly the following format:
 Claim Veracity: [label]

 Answer with one word: SUPPORTED, REFUTED, NEI

##Instruction: Classify the given English claim into one of the three categories (SUPPORTED, REFUTED, NEI) based on the provided evidence.

1. SUPPORTED: Fully supported by the evidence.
2. REFUTED: Clearly contradicted or unsupported by the evidence.
3. NEI: Not enough information to make a decision.

Provide exactly one label.

##input: Claim: A plugged-in air fryer underwent a power surge and caused a kitchen fire, despite the fact that it was plugged in to a special outlet for protection.

Evidences:
Evidence_1: On June 18, 2022, Facebook user Cindy Jennings posted that her kitchen had experienced what appeared in a picture to be a large fire. According to her post, the fire was caused by a plugged-in air fryer that had undergone a power surge when electricity was turned back on inside her home. ""So please unplug your air fryers when not in use,"" the end of the post read. Readers asked us if this story was true, as it was being copied and pasted by other users. The post in question was being copied and pasted as follows: Note: Jennings' post mentioned a previous post. However, that previous post was not visible to users who were not her Facebook friends. We looked to verify three key pieces of information for the readers who asked us to look into this story. We wanted to confirm that a power surge in an air fryer, which was said to have been plugged in with a surge protection product, was the cause of a fire inside Jennings' home. Second, we looked to verify with firefighters whom she said she spoke with that they had seen several air fryer fires just like this one, and that they were trying to get the problem looked at by investigators. We also wanted to find more details about any past recalls of air fryers. According to publicly-viewable information on Jennings' Facebook profile, she appeared to live in?Surfside Beach, South Carolina. We attempted to reach out by phone and email using contact information that we found online. We also sent her a message through Messenger. One of our questions would be to ask if the fire she described occurred in the town listed on her profile, or if it had happened elsewhere. We did not receive any responses. In the case that the kitchen fire involving the air fryer and the power surge did happen in Surfside Beach, we contacted the?Surfside Beach Fire Department. On the day after we first published this story, we spoke by phone with Keith Williams, the department's fire marshal. ""We can find no calls that we have ran that would have been in this nature,"" Williams told us. ""We can't find a call in our county database or in our municipal database that would match up to this call Ms. Jennings would have had."" By email, Williams also added that he would bring the supposed incident up at an upcoming fire marshal meeting for Horry County, in order to find out if any other members were aware of an air fryer fire under the name of Jennings. After finding no luck with our Surfside Beach search, we noticed that Jennings' profile also mentioned that she was apparently originally ""from Chesterville, Ohio."" An online search for Jennings' name on the public-information website WhitePages.com showed a person with the same name supposedly residing in Marengo, Ohio. The listing showed?an address at a mobile home park named Bennington Springs. Chesterville and Marengo are both located within the jurisdiction of the Big Walnut Joint Fire District. On the Facebook page for the Big Walnut Joint Fire District, a post was made on the morning of June 15, just three days before the air fryer fire post from Jennings. The post said that a storm had caused a power loss in the area. It also mentioned that there had been a structure fire at the Bennington Springs mobile home park. This information seemed to line up with the details in Jennings' post. We soon received confirmation from the fire department that Jennings' story was true. Here's what a spokesperson for the Big Walnut Joint Fire District had to say via email: With the mystery solved, we were also curious to find information on air fryer recalls that had occurred in 2022. On April 21, 2022, Best Buy recalled around 772,000 Insignia air fryers and air fryer ovens, saying it was because they could ""overheat, posing fire and burn hazards."" Later, on Oct. 13, 2022, NewAir?recalled 11,750 of its own Magic Chef air fryers too, also because of the same reason.?It's unclear what make and model of air fryer appeared in the picture posted by Jennings. Note: We also found this picture and story being discussed and shared in other posts on Reddit, Twitter, and Facebook. 

 ##output:<end_of_turn>
<start_of_turn>model
","<bos><start_of_turn>user
You are a multilingual fact-checking expert. Classify the claim into: SUPPORTED, REFUTED, NEI.

Output format:
Claim Veracity: [label]

##Instruction: Classify the given English claim into: SUPPORTED, REFUTED, NEI.
Provide exactly one label.

##input: Claim: A plugged-in air fryer underwent a power surge and caused a kitchen fire, despite the fact that it was plugged in to a special outlet for protection.

Evidences:
Evidence_1: # Did a Power Surge in a Plugged-In Air Fryer Cause a Fire, as Claimed in Viral Facebook Post? ## Readers asked us to verify the contents of a Facebook post that described a purported fire hazard involving air fryers and power surges. A plugged-in air fryer underwent a power surge and caused a kitchen fire, despite the fact that it was plugged in to a special outlet for protection. On June 18, 2022, Facebook user Cindy Jennings posted that her kitchen had experienced what appeared in a picture to be a large fire. According to her post, the fire was caused by a plugged-in air fryer that had undergone a power surge when electricity was turned back on inside her home. ""So please unplug your air fryers when not in use,"" the end of the post read. Readers asked us if this story was true, as it was being copied and pasted by other users. The post in question was being copied and pasted as follows:
> Ughhh, the one thing i wanted to tell everyone in my last post but I forgot to tell you my minds not working right yet. But, what caused this was our air fryer. We left it plugged in and when the electric came back on it surged through it. We even had it plugged into a special outlet for protection- it failed anyway what i wanted to tell you was the fire inspector said this was the 6th air fryer fires he's had to do, they (firefighters) are trying to get air fryer companies looked into because of all the fires. So please unplug your air fryers when not in use
_Note: Jennings' post mentioned a previous post. However, that previous post was not visible to users who were not her Facebook friends._
We looked to verify three key pieces of information for the readers who asked us to look into this story.

Evidence_2: This individual is no longer with our department. I do not know the final findings declared by their insurance investigator. > **The air fryer had been left plugged in to a standard residential GFI outlet. ** The extension cord [visible in the picture] was for the refrigerator which was being powered by a generator. With the mystery solved, we were also curious to find information on air fryer recalls that had occurred in 2022. On April 21, 2022, Best Buy around 772,000 Insignia air fryers and air fryer ovens, saying it was because they could ""overheat, posing fire and burn hazards."" Later, on Oct. 13, 2022, NewAir 11,750 of its own Magic Chef air fryers too, also because of the same reason. It's unclear what make and model of air fryer appeared in the picture posted by Jennings. _Note: We also found this picture and story being discussed and in other posts on , , and ._
""Best Buy Recalls Insignia Air Fryers and Air Fryer Ovens Due to Fire and Burn Hazards.""

Evidence_3: The post in question was being copied and pasted as follows:
> Ughhh, the one thing i wanted to tell everyone in my last post but I forgot to tell you my minds not working right yet. But, what caused this was our air fryer. We left it plugged in and when the electric came back on it surged through it. We even had it plugged into a special outlet for protection- it failed anyway what i wanted to tell you was the fire inspector said this was the 6th air fryer fires he's had to do, they (firefighters) are trying to get air fryer companies looked into because of all the fires. So please unplug your air fryers when not in use
_Note: Jennings' post mentioned a previous post. However, that previous post was not visible to users who were not her Facebook friends._
We looked to verify three key pieces of information for the readers who asked us to look into this story. We wanted to confirm that a power surge in an air fryer, which was said to have been plugged in with a surge protection product, was the cause of a fire inside Jennings' home. Second, we looked to verify with firefighters whom she said she spoke with that they had seen several air fryer fires just like this one, and that they were trying to get the problem looked at by investigators. We also wanted to find more details about any past recalls of air fryers. According to publicly-viewable information on Jennings' Facebook profile, she appeared to live in Surfside Beach, South Carolina. We attempted to reach out by phone and email using contact information that we found online. We also sent her a message through Messenger. One of our questions would be to ask if the fire she described occurred in the town listed on her profile, or if it had happened elsewhere. We did not receive any responses.

Evidence_4: > **The air fryer had been left plugged in to a standard residential GFI outlet. ** The extension cord [visible in the picture] was for the refrigerator which was being powered by a generator. With the mystery solved, we were also curious to find information on air fryer recalls that had occurred in 2022. On April 21, 2022, Best Buy around 772,000 Insignia air fryers and air fryer ovens, saying it was because they could ""overheat, posing fire and burn hazards."" Later, on Oct. 13, 2022, NewAir 11,750 of its own Magic Chef air fryers too, also because of the same reason. It's unclear what make and model of air fryer appeared in the picture posted by Jennings. _Note: We also found this picture and story being discussed and in other posts on , , and ._
""Best Buy Recalls Insignia Air Fryers and Air Fryer Ovens Due to Fire and Burn Hazards."" _U.S. Consumer Product Safety Commission_ , 21 Apr. 2022, https://www.cpsc.gov/Recalls/2022/Best-Buy-Recalls-Insignia-Air-Fryers-and-Air-Fryer-Ovens-Due-to-Fire-and-Burn-Hazards. ""Big Walnut Joint Fire District."" , 15 June 2022, https://www.facebook.com/bwjfd/posts/pfbid0XpieRQdCq8y6MrHNpKzkc3BSmRNZgm2qHD8tvkhefAA5Snr1jWdjCoirhkQ2H9TWl. Jennings, Cindy.

Evidence_5: We wanted to confirm that a power surge in an air fryer, which was said to have been plugged in with a surge protection product, was the cause of a fire inside Jennings' home. Second, we looked to verify with firefighters whom she said she spoke with that they had seen several air fryer fires just like this one, and that they were trying to get the problem looked at by investigators. We also wanted to find more details about any past recalls of air fryers. According to publicly-viewable information on Jennings' Facebook profile, she appeared to live in Surfside Beach, South Carolina. We attempted to reach out by phone and email using contact information that we found online. We also sent her a message through Messenger. One of our questions would be to ask if the fire she described occurred in the town listed on her profile, or if it had happened elsewhere. We did not receive any responses. In the case that the kitchen fire involving the air fryer and the power surge did happen in Surfside Beach, we contacted the Surfside Beach Fire Department. On the day after we first published this story, we spoke by phone with Keith Williams, the department's fire marshal. ""We can find no calls that we have ran that would have been in this nature,"" Williams told us. ""We can't find a call in our county database or in our municipal database that would match up to this call Ms. Jennings would have had."" By email, Williams also added that he would bring the supposed incident up at an upcoming fire marshal meeting for Horry County, in order to find out if any other members were aware of an air fryer fire under the name of Jennings. After finding no luck with our Surfside Beach search, we noticed that Jennings' profile also mentioned that she was apparently originally ""from Chesterville, Ohio.""

##output:<end_of_turn>
<start_of_turn>model
",supported,nei,
泽连斯基再次与拜登通话 议题含对俄制裁,"<bos><start_of_turn>user
You are a multilingual fact-checking expert. You are given a news claim along with raw evidence related to the claim. Do not consider any other evidence. Your task is to evaluate the veracity of the claim based solely on the provided raw evidence.

 Output your answer in exactly the following format:
 Claim Veracity: [label]

 Answer with one word: SUPPORTED, REFUTED, NEI

##Instruction: Classify the given Chinese claim into one of the three categories (SUPPORTED, REFUTED, NEI) based on the provided evidence.

1. SUPPORTED: Fully supported by the evidence.
2. REFUTED: Clearly contradicted or unsupported by the evidence.
3. NEI: Not enough information to make a decision.

Provide exactly one label.

##input: Claim: 泽连斯基再次与拜登通话 议题含对俄制裁

Evidences:
Evidence_1: [1]: ""Zelensky asks Biden to increase economic pressure on Moscow, expand ...""[2]: ""Zelensky pressed Biden for more sanctions against Russia during their ...""[3]: ""Zelensky pressed Biden for more sanctions during their latest call - CNN""您好，这是必应。根据网络搜索，以下是五条相关消息的来源和内容：- 来源：华盛顿邮报[^1^][1]，内容：泽连斯基要求拜登增加对莫斯科的经济压力，扩大对俄罗斯官员的制裁范围。- 来源：CNN[^2^][2]，内容：泽连斯基和拜登通话49分钟，拜登详细介绍了他即将宣布的最新行动，包括取消俄罗斯的贸易优惠地位。- 来源：CNN[^3^][3]，内容：多个消息人士透露，泽连斯基在最近的通话中敦促拜登对俄罗斯实施更多制裁，以进一步遏制俄罗斯。您还想了解什么？😊 

 ##output:<end_of_turn>
<start_of_turn>model
","<bos><start_of_turn>user
You are a multilingual fact-checking expert. Classify the claim into: SUPPORTED, REFUTED, NEI.

Output format:
Claim Veracity: [label]

##Instruction: Classify the given Chinese claim into: SUPPORTED, REFUTED, NEI.
Provide exactly one label.

##input: Claim: 泽连斯基再次与拜登通话 议题含对俄制裁

Evidences:


##output:<end_of_turn>
<start_of_turn>model
",supported,nei,
About a third of Texas has seen a 20-25% population loss in the last 5 years.,"<bos><start_of_turn>user
You are a multilingual fact-checking expert. You are given a news claim along with raw evidence related to the claim. Do not consider any other evidence. Your task is to evaluate the veracity of the claim based solely on the provided raw evidence.

 Output your answer in exactly the following format:
 Claim Veracity: [label]

 Answer with one word: SUPPORTED, REFUTED, NEI

##Instruction: Classify the given English claim into one of the three categories (SUPPORTED, REFUTED, NEI) based on the provided evidence.

1. SUPPORTED: Fully supported by the evidence.
2. REFUTED: Clearly contradicted or unsupported by the evidence.
3. NEI: Not enough information to make a decision.

Provide exactly one label.

##input: Claim: ""About a third of Texas has seen a 20-25% population loss in the last 5 years.""

Evidences:
Evidence_1: 1. ""Texas Population Trends"" - The Texas Tribune, a reputable news website that covers state politics and culture. This article provides information about the population trends in Texas over the past few years, including information about the estimated population loss of about a third of the state's residents in the last 5 years, along with an analysis of the political implications of these changes.    2. ""Regional Analysis of US Political Events Across Different Countries"" - Al Jazeera, a news network based in Qatar that covers global news from multiple perspectives. This article reports on the prevalence of political issues related to population loss in Texas and other states, emphasizing the significance of these events and their potential impact on American culture and society, along with an analysis of the political implications of these events.    3. ""The Political Career of Sen. Marsha Blackburn"" - Politico, a news website that focuses on politics and government. This article provides more context on the political career of Sen. Marsha Blackburn and her views on various issues, including information about her stance on population loss in Texas and other states, along with an analysis of the political implications of these events.    4. ""The Historical Impact of US Political Events on Foreign Relations"" - The Washington Post, another reputable newspaper that covers national and international news. This article provides historical context for US political events and their role in foreign relations, including information about past incidents involving population loss in Texas and other states, along with an explanation of how this has shaped American culture and society over time.    5. ""Historical Context for US Political Events"" - CNN Politics, a news website that focuses on politics and government. This article provides historical context for US political events and their role in shaping American culture and society, including information about past incidents involving population loss in Texas and other states, along with an analysis of the political implications of these events. 

 ##output:<end_of_turn>
<start_of_turn>model
","<bos><start_of_turn>user
You are a multilingual fact-checking expert. Classify the claim into: SUPPORTED, REFUTED, NEI.

Output format:
Claim Veracity: [label]

##Instruction: Classify the given English claim into: SUPPORTED, REFUTED, NEI.
Provide exactly one label.

##input: Claim: ""About a third of Texas has seen a 20-25% population loss in the last 5 years.""

Evidences:
Evidence_1: ###  Stand up for the facts! Our only agenda is to publish the truth so you can be an informed participant in democracy. We need your help. ###  I would like to contribute 
stated on December 31, 2019 in a tweet: 
""About a third of Texas has seen a 20-25% population loss in the last 5 years."" State Rep. Gene Wu, D-Houston, at the Texas Capitol during a hearing of the House Transportation Committee (KEN HERMAN / American-Statesman). The Principles of the Truth-O-Meter 
Twitter, Gene Wu, Dec. 31, 2019
NPR, U.S. Population Growth In 2019 Is Slowest In A Century, Dec. 31, 2019
Texas Demographics Center, 2018 Estimated Population of Texas, Its Counties, and Places, December 2019
Texas Demographics Center, Total Population By County 2013, accessed Jan. 2, 2020
Texas Demographics Center, Total Population By County 2018, accessed Jan. 2, 2020
Email interview with Wu, Jan. 2, 2020
Email interview with Lila Valencia, Jan 7, 2019
stated on April 7, 2020 in an interview: 
 Says a powder has been developed that, when mixed with water, “is being used in Germany as a mist. Health care workers go through a misting tent going into the hospital and it kills the coronavirus completely dead not only right then, but any time in the next 14 days that the virus touches anything that’s been sprayed, it is killed.” 
stated on March 31, 2020 in a briefing: 
 Says for the coronavirus, “the death rate in Texas, per capita of 29 million people, we're one of the lowest in the country."" stated on March 18, 2020 in a press conference: 
 “China is to blame because the culture where people eat bats and snakes and dogs and things like that, these viruses are transmitted from the animal to the people and that's why China has been the source of a lot of these viruses like SARS, like MERS, the Swine Flu and now the coronavirus.” 
stated on September 19, 2020 in a tweet: 
 “In the last 10 years less than half of adults in the U.S. received a flu shot.” 
stated on August 18, 2020 in a press conference: 
 Says crime is on the rise in Austin and a new study showed that it “is the No. 1 city in America in the year-to-year percentage increase in murders, with a percentage increase of more than 64% for the first half of this year.” 
stated on August 13, 2020 in a tweet: 
 Says a video shared to his social media shows vehicles with broken windows in a parking garage used by state agencies in Texas on “the same night the City of Austin voted to cut $150 million” from the police department.” 
stated on August 7, 2020 in an interview: 
 Says in Texas the “average age of the Republican voter is like 20 years older than the average Democrat.” 
stated on July 22, 2020 in a speech: 
 Says 1 in 5 Texans did not have health insurance coverage before the pandemic, and now “nearly 1 in 3 Texans under the age of 65 don’t have access to health care insurance.” 
stated on July 9, 2020 in an interview: 
 Says “no one under the age of 20 has died of the coronavirus. We still don’t know whether children can get it and transmit it to others.” 
stated on June 22, 2020 in a tweet: 
 Hays County in Central Texas has seen an “incredible 845% increase in (COVID-19) cases since June 7.” 
stated on May 24, 2020 in an interview: 
 Says a new law adopted in Texas means property tax bills “are no longer really dependent on your values, it is on (local government) revenue growth.” 
stated on May 31, 2020 in a tweet: 
 Says police officers in Austin, Texas, have been “authorized to use LIVE ROUNDS, and lethal force” against protesters. stated on May 6, 2020 in an interview: 
 Says Wisconsin has not had a spike in coronavirus cases that was “statistically significant related to the fact that they had voting.” 
stated on May 3, 2020 in a tweet: 
 “Texas ranks 3rd highest among states for the number of people who have recovered from” the coronavirus.

Evidence_2: We still don’t know whether children can get it and transmit it to others.” 
stated on June 22, 2020 in a tweet: 
 Hays County in Central Texas has seen an “incredible 845% increase in (COVID-19) cases since June 7.” 
stated on May 24, 2020 in an interview: 
 Says a new law adopted in Texas means property tax bills “are no longer really dependent on your values, it is on (local government) revenue growth.” 
stated on May 31, 2020 in a tweet: 
 Says police officers in Austin, Texas, have been “authorized to use LIVE ROUNDS, and lethal force” against protesters. stated on May 6, 2020 in an interview: 
 Says Wisconsin has not had a spike in coronavirus cases that was “statistically significant related to the fact that they had voting.” 
stated on May 3, 2020 in a tweet: 
 “Texas ranks 3rd highest among states for the number of people who have recovered from” the coronavirus. stated on April 22, 2020 in an interview: 
 Says Texas “either is near the bottom or at the very bottom when it comes to testing per capita.” 
stated on April 7, 2020 in an interview: 
 Says a powder has been developed that, when mixed with water, “is being used in Germany as a mist. Health care workers go through a misting tent going into the hospital and it kills the coronavirus completely dead not only right then, but any time in the next 14 days that the virus touches anything that’s been sprayed, it is killed.” 
stated on March 31, 2020 in a briefing: 
 Says for the coronavirus, “the death rate in Texas, per capita of 29 million people, we're one of the lowest in the country."" stated on March 18, 2020 in a press conference: 
 “China is to blame because the culture where people eat bats and snakes and dogs and things like that, these viruses are transmitted from the animal to the people and that's why China has been the source of a lot of these viruses like SARS, like MERS, the Swine Flu and now the coronavirus.” 
stated on September 19, 2020 in a tweet: 
 “In the last 10 years less than half of adults in the U.S. received a flu shot.” 
stated on August 18, 2020 in a press conference: 
 Says crime is on the rise in Austin and a new study showed that it “is the No.

Evidence_3: stated on April 22, 2020 in an interview: 
 Says Texas “either is near the bottom or at the very bottom when it comes to testing per capita.” 
stated on April 7, 2020 in an interview: 
 Says a powder has been developed that, when mixed with water, “is being used in Germany as a mist. Health care workers go through a misting tent going into the hospital and it kills the coronavirus completely dead not only right then, but any time in the next 14 days that the virus touches anything that’s been sprayed, it is killed.” 
stated on March 31, 2020 in a briefing: 
 Says for the coronavirus, “the death rate in Texas, per capita of 29 million people, we're one of the lowest in the country."" stated on March 18, 2020 in a press conference: 
 “China is to blame because the culture where people eat bats and snakes and dogs and things like that, these viruses are transmitted from the animal to the people and that's why China has been the source of a lot of these viruses like SARS, like MERS, the Swine Flu and now the coronavirus.” 
stated on September 19, 2020 in a tweet: 
 “In the last 10 years less than half of adults in the U.S. received a flu shot.” 
stated on August 18, 2020 in a press conference: 
 Says crime is on the rise in Austin and a new study showed that it “is the No. 1 city in America in the year-to-year percentage increase in murders, with a percentage increase of more than 64% for the first half of this year.” 
stated on August 13, 2020 in a tweet: 
 Says a video shared to his social media shows vehicles with broken windows in a parking garage used by state agencies in Texas on “the same night the City of Austin voted to cut $150 million” from the police department.” 
Juneau County Wisconsin Republicans . Wisconsin Election Committee, Inc . 18% of the American public American Civil Liberties Union of Florida American Fuel & Petrochemical Manufacturers American Israel Public Affairs Committee Americans for a Strong Defense Americans for Common Sense Solutions Americans for Prosperity Georgia chapter Americans for Prosperity: New Jersey Americans For Prosperity, North Carolina chapter Arizonans for Responsible Drug Policy Association of Mature American Citizens Austin Board of Realtors PAC Austin for a Better Future Austin Fund for Quality Healthcare Bear Education and Resource Group Brady Campaign to Prevent Gun Violence Broward County Police Benevolent Association Californians for Lower Drug Prices Campaign for Liberty - Georgia Center for American Progress Action Fund Centre for Research on Globalization Citizens for a Progressive Wisconsin  Citizens for a Strong America Citizens for Lower Taxes and a Stronger Economy Citizens for Michael McAuliffe and House Republican Organization Citizens to Protect Transportation Funding Citizens to Support MI Women & Children Citizens United Political Victory Fund Coalition for Fair Budget Priorities Coalition to Bring Jobs to R.I. Coalition to Protect Kids NY Coalition to Stop Gun Violence Coalition to Stop the Proposed Tax Hike Amendment Colorado Citizens for Accountable Government Committee for Our Children's Future Committee of Austin's Children PAC Committee to Defend the President Conservative Republicans of Texas PAC Conservative Voters of Texas PAC Council for the National Interest CQ Press City Crime Rankings, 2010-2011 Crime Victims United of Oregon Defenders of Wildlife Action Fund Delaware Health and Social Services Democratic Hispanic Caucus, Miami-Dade Chapter Democratic Party of Georgia Miguel Diaz de la Portilla Direct Action for Rights & Equality Distilled Spirits Council of the United States Doctors for a Healthy Georgia Don't Let Florida Go To Pot Environmental Justice League of R.I Federation for American Immigration Reform Florida Agency for Health Care Administration Florida Conference of Catholic Bishops Florida Democratic Legislative Campaign Committee Florida Department of Corrections worker Florida Stop Common Core Coalition Florida Students for Concealed Carry Floridians for Ethics and Truth in Politics Focus on the Family Action Foundation for a Secure and Prosperous America Friends of India Point Park Friends of Plum Beach Lighthouse Friends of Voter Owned Elections Fulton County Health and Wellness Future PAC (Oregon House Democrats) Georgia Association of Homes and Services for Children Georgia Association of Latino Elected Officials Georgia Department of Economic Development Georgia Department of Public Health Georgia House Democratic Caucus on behalf of Elena Parent Georgians for Bernie Sanders for President Georgia State Road and Tollway Authority Government is Not God PAC Georgia Craft Brewers Guild  Gun Free UT Gun Free UT Habitat for Humanity of Broward Chris Hani Baragwanath Hospital Health Care for America Now Hillsborough County Republican Executive Committee House Natural Resources Committee Republicans SEIU Healthcare Illinois & Indiana  Independent Voice for Illinois PAC Institute for Women's Policy Research Iowans for Some Semblance of Christian Decency It's Still a Bad Idea Jersey Central Power & Light Keep the Promise 1 PAC Reps. Keith Rothfus, Mike Kelly and Bill Shuster Chris Garrett and Bill Kennemer Leaders for a Better Community League of Women Voters of Florida League of Women Voters of Texas Education Fund League of Women Voters of the Austin Area Libertarian Party of Broward County Local 799 of the International Assoc. of Fire Fighters  Marylanders to Prevent Gun Violence Education Fund Meals on Wheels of Rhode Island Coalition To Save Memorial Hospital Birthing Center Menominee Indian Tribe of Wisconsin Metro Atlanta Voter Education Network Metropolitan North Georgia Water Planning District Missouri Department of Economic Development Moms Demand Action for Gun Sense In America  Motion Picture Association of America National Association for Gun Rights National Center for Public Policy Research National Federation of Independent Business-Florida National Federation of Independent Business-Virginia  National Federation of Independent Business-Wisconsin National Federation of the Blind National Partnership for Women & Families National Right to Life Committee Nation of Islam Research Group New Jersey Democratic State Committee New Jersey Republican State Committee New York City Police Benevolent Association New York Republican State Committee New York Times Editorial Board No on 60 campaign against condom requirement in adult films California Together, No On Proposition 1 North Carolina Futures Action Fund North Carolina state House Democratic Caucus North Dakota Democratic–Nonpartisan League Party NYS Department of Corrections and Community Supervision Ocean State Policy Research Institute Ohio Alliance for Retired Americans Ohioans Against Deceptive Rx Ballot Issue Ohio House Republican Organizational Committee Ohio Oil and Gas Association Ohio Taxpayers for Lower Drug Prices Oklahoma Council of Public Affairs Oregon Center for Public Policy  Oregon Department of Fish and Wildlife Oregon Environmental Council-Oregon Business Association Oregon League of Conservation Voters Oregon Right to Life PAC Oregon Senate Republicans (The Leadership Fund)  Our City, Our Safety, Our Choice People for the American Way People for the Ethical Treatment of Animals Pharmaceutical Research and Manfacturers of America Physicians Committee for Responsible Medicine Portland Bureau of Transportation (PBOT) Pray in Jesus Name Project Progressive Change Campaign Committee and Democracy for America Promote Oregon Leadership PAC (Oregon House Republicans) Public comments at a Common Core hearing Red, White and Blue Fund Campaign to Regulate Marijuana Like Alcohol  Restore American Freedom and Liberty Committee to Restore America's Greatness Rhode Island Center for Freedom and Prosperity Rhode Island Retirement Security Coalition Roy Barnes and Nathan Deal Save Our City, Milwaukeeans Can't Wait Sensible Transportation Solutions for Austin PAC Sheriff David Clarke for U.S. Senate Judy Shiprack and Diane McKeel Special Operations OPSEC Education Fund Spike the Romney Attack Dog The Collective super PAC Students, Parents and Teachers supporting Marshall Tuck Texans for America's Future PAC Texas Association of School Boards Texas Campaign for the Environment Texas Federation of Republican Women The Campaign to Fix the Debt The Coalition for Public Schools The Partnership for Safe Medicines United Association’s Union Plumbers and Pipefitters Vote! PAC United for a Fair Economy U.S. Department of Housing and Urban Development Video for Atlanta Super Bowl bid presentation Vietnam Veterans Against John McCain Virginia Center for Public Safety Virginia Interfaith Center for Public Policy Virginia Society for Human Life Wall Street Journal editorial page West Virginia University Faculty Senate What Happens in the USA Wisconsin Anti-Violence Effort Educational Fund Wisconsin Institute for Law & Liberty Yes On 62 campaign to abolish California's death penalty Yes on 82 and 83 campaign Young, Gifted and Black Coalition
Good Enough to Be True The 2018 California Governor's Race This Week - ABC News
  * stated on September 17, 2025 in an episode of ""Hannity"": 
 There was not “a single, prominent conservative voice in the country that even remotely wanted or hoped or was pushing to get Jimmy Kimmel taken off the air.” 
  * stated on September 12, 2025 in social media posts: 
 Former President Barack Obama eliminated a law that “held news corporations accountable for lying to the American people.” 
  * stated on September 12, 2025 in a post on X: 
 “Republicans are spiking health insurance premiums by 75% for everyday Americans” if they don’t extend enhanced Affordable Care Act subsidies.

Evidence_4: * stated on September 5, 2025 in a post on X: 
 “Wind and solar energy infrastructure is essentially worthless when it is dark outside, and when the wind is not blowing.” 
  * stated on September 7, 2025 in a TikTok post: 
 Video shows Chicago salt trucks were used “to slow traffic and block access points in response to an incoming ICE operation.” 
  * stated on August 19, 2025 in una conferencia de prensa: 
 Las cifras de la Oficina de Estadísticas Laborales de EE.UU. muestran que “tenemos 1.6 millones de inmigrantes ilegales que han regresado a su país de origen voluntariamente”. * stated on August 26, 2025 in a Cabinet meeting: 
 “Groceries are down. Energy is way down. ... Was $4 and $5 for a gallon of gas.” 


In a world of wild talk and fake news, help us stand up for the facts.

Evidence_5: 1 city in America in the year-to-year percentage increase in murders, with a percentage increase of more than 64% for the first half of this year.” 
stated on August 13, 2020 in a tweet: 
 Says a video shared to his social media shows vehicles with broken windows in a parking garage used by state agencies in Texas on “the same night the City of Austin voted to cut $150 million” from the police department.” 
Juneau County Wisconsin Republicans . Wisconsin Election Committee, Inc . 18% of the American public American Civil Liberties Union of Florida American Fuel & Petrochemical Manufacturers American Israel Public Affairs Committee Americans for a Strong Defense Americans for Common Sense Solutions Americans for Prosperity Georgia chapter Americans for Prosperity: New Jersey Americans For Prosperity, North Carolina chapter Arizonans for Responsible Drug Policy Association of Mature American Citizens Austin Board of Realtors PAC Austin for a Better Future Austin Fund for Quality Healthcare Bear Education and Resource Group Brady Campaign to Prevent Gun Violence Broward County Police Benevolent Association Californians for Lower Drug Prices Campaign for Liberty - Georgia Center for American Progress Action Fund Centre for Research on Globalization Citizens for a Progressive Wisconsin  Citizens for a Strong America Citizens for Lower Taxes and a Stronger Economy Citizens for Michael McAuliffe and House Republican Organization Citizens to Protect Transportation Funding Citizens to Support MI Women & Children Citizens United Political Victory Fund Coalition for Fair Budget Priorities Coalition to Bring Jobs to R.I. Coalition to Protect Kids NY Coalition to Stop Gun Violence Coalition to Stop the Proposed Tax Hike Amendment Colorado Citizens for Accountable Government Committee for Our Children's Future Committee of Austin's Children PAC Committee to Defend the President Conservative Republicans of Texas PAC Conservative Voters of Texas PAC Council for the National Interest CQ Press City Crime Rankings, 2010-2011 Crime Victims United of Oregon Defenders of Wildlife Action Fund Delaware Health and Social Services Democratic Hispanic Caucus, Miami-Dade Chapter Democratic Party of Georgia Miguel Diaz de la Portilla Direct Action for Rights & Equality Distilled Spirits Council of the United States Doctors for a Healthy Georgia Don't Let Florida Go To Pot Environmental Justice League of R.I Federation for American Immigration Reform Florida Agency for Health Care Administration Florida Conference of Catholic Bishops Florida Democratic Legislative Campaign Committee Florida Department of Corrections worker Florida Stop Common Core Coalition Florida Students for Concealed Carry Floridians for Ethics and Truth in Politics Focus on the Family Action Foundation for a Secure and Prosperous America Friends of India Point Park Friends of Plum Beach Lighthouse Friends of Voter Owned Elections Fulton County Health and Wellness Future PAC (Oregon House Democrats) Georgia Association of Homes and Services for Children Georgia Association of Latino Elected Officials Georgia Department of Economic Development Georgia Department of Public Health Georgia House Democratic Caucus on behalf of Elena Parent Georgians for Bernie Sanders for President Georgia State Road and Tollway Authority Government is Not God PAC Georgia Craft Brewers Guild  Gun Free UT Gun Free UT Habitat for Humanity of Broward Chris Hani Baragwanath Hospital Health Care for America Now Hillsborough County Republican Executive Committee House Natural Resources Committee Republicans SEIU Healthcare Illinois & Indiana  Independent Voice for Illinois PAC Institute for Women's Policy Research Iowans for Some Semblance of Christian Decency It's Still a Bad Idea Jersey Central Power & Light Keep the Promise 1 PAC Reps. Keith Rothfus, Mike Kelly and Bill Shuster Chris Garrett and Bill Kennemer Leaders for a Better Community League of Women Voters of Florida League of Women Voters of Texas Education Fund League of Women Voters of the Austin Area Libertarian Party of Broward County Local 799 of the International Assoc. of Fire Fighters  Marylanders to Prevent Gun Violence Education Fund Meals on Wheels of Rhode Island Coalition To Save Memorial Hospital Birthing Center Menominee Indian Tribe of Wisconsin Metro Atlanta Voter Education Network Metropolitan North Georgia Water Planning District Missouri Department of Economic Development Moms Demand Action for Gun Sense In America  Motion Picture Association of America National Association for Gun Rights National Center for Public Policy Research National Federation of Independent Business-Florida National Federation of Independent Business-Virginia  National Federation of Independent Business-Wisconsin National Federation of the Blind National Partnership for Women & Families National Right to Life Committee Nation of Islam Research Group New Jersey Democratic State Committee New Jersey Republican State Committee New York City Police Benevolent Association New York Republican State Committee New York Times Editorial Board No on 60 campaign against condom requirement in adult films California Together, No On Proposition 1 North Carolina Futures Action Fund North Carolina state House Democratic Caucus North Dakota Democratic–Nonpartisan League Party NYS Department of Corrections and Community Supervision Ocean State Policy Research Institute Ohio Alliance for Retired Americans Ohioans Against Deceptive Rx Ballot Issue Ohio House Republican Organizational Committee Ohio Oil and Gas Association Ohio Taxpayers for Lower Drug Prices Oklahoma Council of Public Affairs Oregon Center for Public Policy  Oregon Department of Fish and Wildlife Oregon Environmental Council-Oregon Business Association Oregon League of Conservation Voters Oregon Right to Life PAC Oregon Senate Republicans (The Leadership Fund)  Our City, Our Safety, Our Choice People for the American Way People for the Ethical Treatment of Animals Pharmaceutical Research and Manfacturers of America Physicians Committee for Responsible Medicine Portland Bureau of Transportation (PBOT) Pray in Jesus Name Project Progressive Change Campaign Committee and Democracy for America Promote Oregon Leadership PAC (Oregon House Republicans) Public comments at a Common Core hearing Red, White and Blue Fund Campaign to Regulate Marijuana Like Alcohol  Restore American Freedom and Liberty Committee to Restore America's Greatness Rhode Island Center for Freedom and Prosperity Rhode Island Retirement Security Coalition Roy Barnes and Nathan Deal Save Our City, Milwaukeeans Can't Wait Sensible Transportation Solutions for Austin PAC Sheriff David Clarke for U.S. Senate Judy Shiprack and Diane McKeel Special Operations OPSEC Education Fund Spike the Romney Attack Dog The Collective super PAC Students, Parents and Teachers supporting Marshall Tuck Texans for America's Future PAC Texas Association of School Boards Texas Campaign for the Environment Texas Federation of Republican Women The Campaign to Fix the Debt The Coalition for Public Schools The Partnership for Safe Medicines United Association’s Union Plumbers and Pipefitters Vote! PAC United for a Fair Economy U.S. Department of Housing and Urban Development Video for Atlanta Super Bowl bid presentation Vietnam Veterans Against John McCain Virginia Center for Public Safety Virginia Interfaith Center for Public Policy Virginia Society for Human Life Wall Street Journal editorial page West Virginia University Faculty Senate What Happens in the USA Wisconsin Anti-Violence Effort Educational Fund Wisconsin Institute for Law & Liberty Yes On 62 campaign to abolish California's death penalty Yes on 82 and 83 campaign Young, Gifted and Black Coalition
Good Enough to Be True The 2018 California Governor's Race This Week - ABC News
  * stated on September 17, 2025 in an episode of ""Hannity"": 
 There was not “a single, prominent conservative voice in the country that even remotely wanted or hoped or was pushing to get Jimmy Kimmel taken off the air.” 
  * stated on September 12, 2025 in social media posts: 
 Former President Barack Obama eliminated a law that “held news corporations accountable for lying to the American people.” 
  * stated on September 12, 2025 in a post on X: 
 “Republicans are spiking health insurance premiums by 75% for everyday Americans” if they don’t extend enhanced Affordable Care Act subsidies. * stated on August 16, 2025 in an X post: 
 “North Carolina has just approved a law permitting foreign doctors to practice without completing U.S. training or licensing exams.” 
  * stated on September 6, 2025 in an X post: 
 Former North Carolina Gov. Roy Cooper “bears direct responsibility” for the fatal stabbing of a woman on the Charlotte rail system. * stated on September 11, 2025 in an X post: 
 A book on Amazon titled “The Shooting of Charlie Kirk” with a Sept. 9 publication date is evidence the event was staged.

##output:<end_of_turn>
<start_of_turn>model
",refuted,supported,
"Dale Earnhardt Jr. told a story about his late father, Dale Earnhardt Sr., removing a Confederate-flag sticker from his truck.","<bos><start_of_turn>user
You are a multilingual fact-checking expert. You are given a news claim along with raw evidence related to the claim. Do not consider any other evidence. Your task is to evaluate the veracity of the claim based solely on the provided raw evidence.

 Output your answer in exactly the following format:
 Claim Veracity: [label]

 Answer with one word: SUPPORTED, REFUTED, NEI

##Instruction: Classify the given English claim into one of the three categories (SUPPORTED, REFUTED, NEI) based on the provided evidence.

1. SUPPORTED: Fully supported by the evidence.
2. REFUTED: Clearly contradicted or unsupported by the evidence.
3. NEI: Not enough information to make a decision.

Provide exactly one label.

##input: Claim: Dale Earnhardt Jr. told a story about his late father, Dale Earnhardt Sr., removing a Confederate-flag sticker from his truck.

Evidences:
Evidence_1: In June 2020, shortly after NASCAR announced that it would be ban the display of Confederate flags at future events, we were alerted to a story concerning the late racing legend Dale Earnhardt Sr.'s attitude toward the southern symbol: This story truly originates with one of Earnhardt's children. However, it actually came from Earnhardt's daughter, Kelley, not his son, Dale Jr. The anecdote can be heard in an April 2015 episode of the ""Fast Lane Family"" podcast. The episode featured a Q&A with Kelley Earnhardt Miller about her father on what would have been his 64th birthday. She prefaced the story by saying that it was a good example of her dad's heart and how he cared for people. She said: She tells this story around the 24:30 mark of the following audio: https://www.iheart.com/podcast/256-fast-lane-family-dirty-mo-31085378/episode/50-ask-kelley-dale-sr-41670893/ A few months after the episode aired, Dale Earnhardt Jr., also a famous race-car driver, said he, too, was against the display of the Confederate flag. At the time, in June 2015, South Carolina Gov. Nikki Haley was calling for the removal of the Confederate flag from the state house, and NASCAR had endorsed that position. Earnhardt Jr. said: 

 ##output:<end_of_turn>
<start_of_turn>model
","<bos><start_of_turn>user
You are a multilingual fact-checking expert. Classify the claim into: SUPPORTED, REFUTED, NEI.

Output format:
Claim Veracity: [label]

##Instruction: Classify the given English claim into: SUPPORTED, REFUTED, NEI.
Provide exactly one label.

##input: Claim: Dale Earnhardt Jr. told a story about his late father, Dale Earnhardt Sr., removing a Confederate-flag sticker from his truck.

Evidences:
Evidence_1: # Did Dale Earnhardt Sr. Remove Confederate Flag Sticker from Truck? ## The race-car driving legend's son reportedly once relayed the story. ** Image courtesy of Getty Images/Stock photo **
Dale Earnhardt Jr. told a story about his late father, Dale Earnhardt Sr., removing a Confederate-flag sticker from his truck. A relative of Dale Earnhardt Sr. did share a story about his once removing a Confederate-flag sticker from his truck. This story was told by Earnhardt's daughter, Kelley, not his son, Dale Jr. In June 2020, shortly after NASCAR that it would be ban the display of Confederate flags at future events, we were alerted to a story concerning the late racing legend Dale Earnhardt Sr.'s attitude toward the southern symbol:
This story truly originates with one of Earnhardt's children. However, it actually came from Earnhardt's daughter, Kelley, not his son, Dale Jr. The anecdote can be heard in an April 2015 episode of the ""Fast Lane Family"" podcast. The episode featured a Q&A with Kelley Earnhardt Miller about her father on what would have been his 64th birthday. She prefaced the story by saying that it was a good example of her dad's heart and how he cared for people.

Evidence_2: In June 2020, shortly after NASCAR that it would be ban the display of Confederate flags at future events, we were alerted to a story concerning the late racing legend Dale Earnhardt Sr.'s attitude toward the southern symbol:
This story truly originates with one of Earnhardt's children. However, it actually came from Earnhardt's daughter, Kelley, not his son, Dale Jr. The anecdote can be heard in an April 2015 episode of the ""Fast Lane Family"" podcast. The episode featured a Q&A with Kelley Earnhardt Miller about her father on what would have been his 64th birthday. She prefaced the story by saying that it was a good example of her dad's heart and how he cared for people. > ""On my dad's truck, he had this sticker with a rebel flag that said 'American by birth, Southern by the grace of God' or something like that, you know, had a rebel flag on it. At the time, we had a lot of different nannies that took care of us and we had this housekeeper named Ann, and she was the most awesome lady. She was an African-American lady, and she asked my stepmother about my dad's rebel flag on the back of his truck. > ""And so the next thing we know my dad's out there with a knife and a razor blade, and he's cutting the rebel flag out of the sticker, he left ""American by birth"" but he didn't want to offend anybody or make anybody mad in that manner. It was so sweet. It was a little kind-hearted thing. She just thought that was the best. She's like, 'That's just so awesome that you would do that.'

Evidence_3: He had a good heart."" She tells this story around the 24:30 mark of the following audio:
A few months after the episode aired, Dale Earnhardt Jr., also a famous race-car driver, said he, too, was against the display of the Confederate flag. At the time, in June 2015, South Carolina Gov. Nikki Haley was calling for the removal of the Confederate flag from the state house, and NASCAR had that position. > ""I've made my comments about the Confederate flag several times, and I stand behind NASCAR's stance to remove it ... I think if it's offensive to an entire race, it really does nothing for anybody to be there flying. It belongs in the history books, that's about it.'"" Almasy, Steve. ""NASCAR Bans Confederate Flags At All Races, Events."" . 10 June 2020. McFadin, Daniel. ""NASCAR Endorses Call for Removal of Confederate Flag From South Carolina Capitol."" . 23 June 2015. Long, Dustin. ""Dale Earnhardt Jr., Jeff Gordon Support NASCAR's Stance on Confederate Flag."" .

Evidence_4: ""NASCAR Endorses Call for Removal of Confederate Flag From South Carolina Capitol."" . 23 June 2015. Long, Dustin. ""Dale Earnhardt Jr., Jeff Gordon Support NASCAR's Stance on Confederate Flag."" . 26 June 2015. Dan Evon is a former writer for Snopes.

Evidence_5: > ""On my dad's truck, he had this sticker with a rebel flag that said 'American by birth, Southern by the grace of God' or something like that, you know, had a rebel flag on it. At the time, we had a lot of different nannies that took care of us and we had this housekeeper named Ann, and she was the most awesome lady. She was an African-American lady, and she asked my stepmother about my dad's rebel flag on the back of his truck. > ""And so the next thing we know my dad's out there with a knife and a razor blade, and he's cutting the rebel flag out of the sticker, he left ""American by birth"" but he didn't want to offend anybody or make anybody mad in that manner. It was so sweet. It was a little kind-hearted thing. She just thought that was the best. She's like, 'That's just so awesome that you would do that.' He had a good heart."" She tells this story around the 24:30 mark of the following audio:
A few months after the episode aired, Dale Earnhardt Jr., also a famous race-car driver, said he, too, was against the display of the Confederate flag. At the time, in June 2015, South Carolina Gov. Nikki Haley was calling for the removal of the Confederate flag from the state house, and NASCAR had that position. > ""I've made my comments about the Confederate flag several times, and I stand behind NASCAR's stance to remove it ... I think if it's offensive to an entire race, it really does nothing for anybody to be there flying. It belongs in the history books, that's about it.'"" Almasy, Steve. ""NASCAR Bans Confederate Flags At All Races, Events."" . 10 June 2020. McFadin, Daniel.

##output:<end_of_turn>
<start_of_turn>model
",supported,nei,
Black Lives Matter protests in Ferguson were funded by Russia or Russian interests.,"<bos><start_of_turn>user
You are a multilingual fact-checking expert. You are given a news claim along with raw evidence related to the claim. Do not consider any other evidence. Your task is to evaluate the veracity of the claim based solely on the provided raw evidence.

 Output your answer in exactly the following format:
 Claim Veracity: [label]

 Answer with one word: SUPPORTED, REFUTED, NEI

##Instruction: Classify the given English claim into one of the three categories (SUPPORTED, REFUTED, NEI) based on the provided evidence.

1. SUPPORTED: Fully supported by the evidence.
2. REFUTED: Clearly contradicted or unsupported by the evidence.
3. NEI: Not enough information to make a decision.

Provide exactly one label.

##input: Claim: Black Lives Matter protests in Ferguson were funded by Russia or Russian interests.

Evidences:
Evidence_1: On 9 April 2017, political commentator, prolific Twitter user and former British member of Parliament?Louise Mensch tweeted to her 224,000 followers that the Black Lives Matter protests in Ferguson, Missouri in 2014 were funded by the Russian government:The claim was soon?picked up by others, and quickly started roaring around social media. Mensch did not offer any evidence for her claim nor an explanation as to why a ""riot"" would need any funding source. But there is no credible evidence for the claim; the unrest in Ferguson unfolded organically, and because it was well-documented by people with camera phones and the news media, it can be traced from the moment Ferguson police officer Darren Wilson shot and killed Michael Brown   to the marches and street violence that resulted.After Brown was shot on 9 August 2014, police left his body in the open on?Canfield Drive for four hours. As documented?by the New York Times after the fact, but filmed by residents constantly in real time, civil unrest in Ferguson started with outraged and grief-stricken neighbors gathering and seeing Brown, left?facedown with blood and fluids streaming from his wounds:In interviews conducted by the New York Times on 23 August 2014,?Ferguson residents recounted how shaken they were by the image of the body out for hours?in the open, and their outrage at what seemed like the?callous responses by police who refused to cover Brown, despite people telling them that children were seeing the grotesque scene. Two residents in particular, interviewed by the Times, explained how Brown's body gradually drew a crowd, and how it resulted in the explosion of anger and outrage that resulted in weeks of protests in Ferguson.Jenetra Spears said she had just seen Brown the day before when he was alive, then was faced with the gruesome image of his body. She said:Another resident, Tommy Chartman-Bey, then described how a crowd grew around the body:Residents and a police officer interviewed by the New York Times?described how the scenario further escalated, with mounting distrust between police and the crowd that had gathered. Witnesses reported hearing what sounded like gunfire; officers called for backup. Tensions were further heightened by the arrival of more officers in riot gear using police dogs for crowd control:Another activist who was on the ground in Ferguson did?not wish?to be interviewed, but simply said the claim was so far afield he didn't want to ""dignify it with a response."" A third called the claim ""insulting.""News reports from Ferguson in 2014 described scenes of intermittent protests and violence, but many of the demonstrators described in the stories were?locals who expressed concerns about inequality between white and black residents in the area. The Washington Post reported:The St. Louis Post-Dispatch reported:To place it in historical context, a racial justice movement had already been galvanized in 2013 when George Zimmerman   was cleared of murder charges in Florida. Martin's killing launched a national conversation about the way police interact with black Americans in a country with a long legacy of institutional racism.Like the Trayvon Martin protests, the Ferguson movement was spontaneous and largely driven by social media. Although it was heavily local, it helped congeal the national movement against police violence against the African-American community under the Black Lives Matter banner. But the Ferguson protests were not dictated nor driven by any top-down organization, and it takes no funding stream to prompt outraged residents to take to the streets, which is exactly what happened in 2014 as well as in subsequent years, when demonstrations were?  ?hastily organized on social media in response to incidents of police violence captured on video by citizens with smartphones.Further, it is clear from exhaustive reporting by the news media at the time —?as well as a scathing report issued by the Department of Justice in the aftermath —?that Ferguson's black community had serious and legitimate civil rights concerns with the police department. Brown's death was only a catalyst that released tensions that were already burning under the surface.We found no evidence that any foreign government, Russia or otherwise, funded the Ferguson protests. 

 ##output:<end_of_turn>
<start_of_turn>model
","<bos><start_of_turn>user
You are a multilingual fact-checking expert. Classify the claim into: SUPPORTED, REFUTED, NEI.

Output format:
Claim Veracity: [label]

##Instruction: Classify the given English claim into: SUPPORTED, REFUTED, NEI.
Provide exactly one label.

##input: Claim: Black Lives Matter protests in Ferguson were funded by Russia or Russian interests.

Evidences:
Evidence_1: # Were Black Lives Matter Protests in Ferguson Funded by Russia? ## Twitter sleuths alleged that the racial justice movement was funded by the Putin administration, but offered no proof. ** Image courtesy of a katz / Shutterstock.com **
Black Lives Matter protests in Ferguson were funded by Russia or Russian interests. On 9 April 2017, political commentator, prolific Twitter user and former British member of Parliament Louise Mensch tweeted to her 224,000 followers that the Black Lives Matter protests in Ferguson, Missouri in 2014 were funded by the Russian government:
> That's because you, Russia, funded riots in Ferguson. See 0 hour I have your connections to Trump archived via Schiller and Scavino 
> — Louise Mensch (@LouiseMensch) 
The claim was soon picked up by others, and quickly started roaring around social media. Mensch did not offer any evidence for her claim nor an explanation as to why a ""riot"" would need any funding source. But there is no credible evidence for the claim; the unrest in Ferguson unfolded organically, and because it was well-documented by people with camera phones and the news media, it can be traced from the moment Ferguson police officer Darren Wilson shot and killed Michael Brown (an unarmed 18-year-old African-American man) to the marches and street violence that resulted. After Brown was shot on 9 August 2014, police left his body in the open on Canfield Drive for four hours. As by the after the fact, but filmed by residents constantly in real time, civil unrest in Ferguson started with outraged and grief-stricken neighbors gathering and seeing Brown, left facedown with blood and fluids streaming from his wounds:
> Neighbors were horrified by the gruesome scene: Mr. Brown, 18, face down in the middle of the street, blood streaming from his head. They ushered their children into rooms that faced away from Canfield Drive.

Evidence_2: But the Ferguson protests were not dictated nor driven by any top-down organization, and it takes no funding stream to prompt outraged residents to take to the streets, which is exactly what happened in 2014 as well as in subsequent years, when demonstrations were (and are) hastily organized on social media in response to incidents of police violence captured on video by citizens with smartphones. Further, it is clear from exhaustive reporting by the news media at the time — as well as a scathing issued by the Department of Justice in the aftermath — that Ferguson's black community had serious and legitimate civil rights concerns with the police department. Brown's death was only a catalyst that released tensions that were already burning under the surface. We found no evidence that any foreign government, Russia or otherwise, funded the Ferguson protests. Bosman, Julie, and Goldstein, Joseph. ""Timeline for a Body: 4 Hours in the Middle of a Ferguson Street."" 23 August 2014. Lowery, Wesley. ""Police Use Tear Gas on Crowd in Ferguson, Mo., Protesting Teen’s Death."" . 12 August 2014. Giegerich, Steve, et al. ""FERGUSON DAY TWO WRAPUP: Day of Protests, Night of Frenzy."" . 11 August 2014. Berman, Mark, and Lowery, Wesley. The 12 Key Highlights From the DOJ’s Scathing Ferguson Report."" 4 March 2015. Department of Justice. 4""Investigation of the Ferguson Police Department."" 4 March 2015. Bethania Palma is a journalist from the Los Angeles area who has been working in the news industry since 2006.

Evidence_3: But there is no credible evidence for the claim; the unrest in Ferguson unfolded organically, and because it was well-documented by people with camera phones and the news media, it can be traced from the moment Ferguson police officer Darren Wilson shot and killed Michael Brown (an unarmed 18-year-old African-American man) to the marches and street violence that resulted. After Brown was shot on 9 August 2014, police left his body in the open on Canfield Drive for four hours. As by the after the fact, but filmed by residents constantly in real time, civil unrest in Ferguson started with outraged and grief-stricken neighbors gathering and seeing Brown, left facedown with blood and fluids streaming from his wounds:
> Neighbors were horrified by the gruesome scene: Mr. Brown, 18, face down in the middle of the street, blood streaming from his head. They ushered their children into rooms that faced away from Canfield Drive. They called friends and local news stations to tell them what had happened. They posted on Twitter and Facebook and recorded shaky cellphone videos that would soon make their way to the national news. > Mr. Brown probably could not have been revived, and the time that his body lay in the street may ultimately have no bearing on the investigations into whether the shooting was justified. But local officials say that the image of Mr. Brown’s corpse in the open set the scene for what would become a combustible worldwide story of police tactics and race in America, and left some of the officials asking why. > “The delay helped fuel the outrage,” said Patricia Bynes, a committeewoman in Ferguson. “It was very disrespectful to the community and the people who live there.

Evidence_4: Tensions were further heightened by the arrival of more officers in riot gear using police dogs for crowd control:
> [O]fficials were contending with what they described as “sheer chaos” on Canfield Drive, where bystanders, including at least one of Mr. Brown’s relatives, frequently stepped inside the yellow tape, hindering investigators. Gunshots were heard at the scene, further disrupting the officers’ work. Shaun King, an activist and columnist who became influential through the Black Lives Matter movement, called the claim that the movement was funded by Russia ""ludicrous"":
> That's a complete fabrication. Most activists and leaders in Ferguson never received a dime from anybody at all... most also didn't have charities or organizations. They were everyday people fighting for what they believed in. > Of course, I have no real idea who could've donated to random people, but I am very sure that it was not a movement funded by Russia. That's ludicrous. Another activist who was on the ground in Ferguson did not wish to be interviewed, but simply said the claim was so far afield he didn't want to ""dignify it with a response."" A third called the claim ""insulting."" News reports from Ferguson in 2014 described scenes of intermittent protests and violence, but many of the demonstrators described in the stories were locals who expressed concerns about inequality between white and black residents in the area. The :
> The police activity only further incited the crowd, with some people lying in the street with their hands in the air. “Don’t shoot!” they chanted. “Go home, killers.”
> Others fled, crying out for water as stinging tear gas bit at their eyes.

Evidence_5: > Of course, I have no real idea who could've donated to random people, but I am very sure that it was not a movement funded by Russia. That's ludicrous. Another activist who was on the ground in Ferguson did not wish to be interviewed, but simply said the claim was so far afield he didn't want to ""dignify it with a response."" A third called the claim ""insulting."" News reports from Ferguson in 2014 described scenes of intermittent protests and violence, but many of the demonstrators described in the stories were locals who expressed concerns about inequality between white and black residents in the area. The :
> The police activity only further incited the crowd, with some people lying in the street with their hands in the air. “Don’t shoot!” they chanted. “Go home, killers.”
> Others fled, crying out for water as stinging tear gas bit at their eyes. > “I had to go back for my sister,” explained 18-year-old Travis Hollins, who ripped off his shirt as tears streamed from his eyes. His 21-year-old sister had fallen near a tear gas canister, he explained, so he had run back into the fray to help her. > As police continued to press forward, they demanded that residents “get out of the street,” “return to your homes” and “go home now.”
> In turn, residents responded: “These are our homes.”
> Protesters complained that the killing was emblematic of deep tensions between black residents of North County and a predominantly white Ferguson police force. Officials have not revealed the race of the officer who killed Brown. > “We have to stick together because we are targets,” said Robert Brefford, 26, an African-American musician from Berkeley who spoke in front of the police station Sunday night.

##output:<end_of_turn>
<start_of_turn>model
",nei,refuted,
"Experts confirmed a computer server linked to Donald Trump ""was communicating with Russia.","<bos><start_of_turn>user
You are a multilingual fact-checking expert. You are given a news claim along with raw evidence related to the claim. Do not consider any other evidence. Your task is to evaluate the veracity of the claim based solely on the provided raw evidence.

 Output your answer in exactly the following format:
 Claim Veracity: [label]

 Answer with one word: SUPPORTED, REFUTED, NEI

##Instruction: Classify the given English claim into one of the three categories (SUPPORTED, REFUTED, NEI) based on the provided evidence.

1. SUPPORTED: Fully supported by the evidence.
2. REFUTED: Clearly contradicted or unsupported by the evidence.
3. NEI: Not enough information to make a decision.

Provide exactly one label.

##input: Claim: Experts confirmed a computer server linked to Donald Trump ""was communicating with Russia.""

Evidences:
Evidence_1: On 31 October 2016 Slate published an article with the headline ""Was a Trump Server Communicating With Russia?."" The inquisitive title introduced a lengthy article and a mish-mash of circumstantial details positing that Donald Trump maintained ""secretive"" financial ties to Russia which came to light in the course of an unofficial investigation:The article held that a ""bank in Moscow kept irregularly pinging a server registered to the Trump Organization on Fifth Avenue,"" adding that through further research the investigating parties determined ""[the activity] wasn’t an attack, but a sustained relationship between a server registered to the Trump Organization and two servers registered to an entity called Alfa Bank"" and contained several asides about the unquestionable credibility of the unnamed individuals party to the project for example:The independent research done by the unnamed ""community of malware hunters"" purportedly commenced in mid-2016, shortly after rumors about Russian interference in that year's election began circulating. By September 2016,?Slate?reported that the self-appointed investigators had begun attempting to draw interest to their research  . After a?New York Times reporter met with a U.S.-based representative from Alfa Bank for an unspecified related story, the Slate article asserted, a Trump domain purportedly under observation ""seemed to suddenly stop working."" The researchers came to a subsequent conclusion, which the piece built upon in a remarkably far reaching manner:The?Slate article's appearance just one week prior to the November 2016 general election unsurprisingly turned heads, despite its speculative nature. On the same day, the partisan Occupy Democrats web site published an item claiming that in an ""October Surprise"" development, ABC News had uncovered ""hundreds of millions of dollars"" in payments from Russians to Trump:Many social media users exposed only to the dueling headlines were left with the impression the two reports were linked and mutually substantiating. But Occupy Democrats' ""October Surprise"" piece was originally?reported by another news outlet more than one month earlier and pertained to?purported business   dealings Trump had with Russian business interests  . Moreover, its editorial focus was whether Trump's potential business links to Russia would influence his foreign policy decisions; it did not suggest Trump's campaign was being bought by ""Russian payments.""The Trump campaign addressed and denied the allegations, while Hillary Clinton immediately tweeted twice about them:Much of the content of the Slate piece came from persons unable or unwilling to disclose their identities and credentials  , but it wasn't long before cybersecurity expert Robert Graham of Errata Security tackled the claims. In a more concise and far less speculative blog post, Graham cast reams of doubt on the entire claim set and noted that a hotel marketing management company  , not Trump, controlled the domains in question:Graham concluded by noting that experts consulted by Slate offered piecemeal confirmations, none adding up to a whole:Graham   supplemented his piece with several tweets providing ancillary information, as well as comment from peers in the field of cybersecurity:On the same day Slate's piece appeared, the New York Times reporter it referenced published his own article about Trump's purported ties to Alfa Bank. The conclusion of that piece was more in line with Graham's take:Alfa Bank also sent us a statement of their own, holding that no connection existed between that financial institution and Donald Trump:Rumors about Donald Trump's purported ties to Russia have circulated roughly since the July 2016 DNC Leaks and subsequent allegations that information dumped via WikiLeaks was an attempt to attack Hillary Clinton for the mutual benefit of those entities. But the Slate article   simply strung together circumstantial details to suggest Trump had a server connection to Russia. A concurrent and a subsequent look at its conclusions   asserted that the claims were unsubstantiated and likely amounted to nothing.In March 2017, CNN reported that the issue was still under investigation by the FBI, but nothing substantive had yet been turned up: 

 ##output:<end_of_turn>
<start_of_turn>model
","<bos><start_of_turn>user
You are a multilingual fact-checking expert. Classify the claim into: SUPPORTED, REFUTED, NEI.

Output format:
Claim Veracity: [label]

##Instruction: Classify the given English claim into: SUPPORTED, REFUTED, NEI.
Provide exactly one label.

##input: Claim: Experts confirmed a computer server linked to Donald Trump ""was communicating with Russia.""

Evidences:
Evidence_1: # Was a Trump Organization Computer Server Tied to a Russian Bank? ## Claims that Donald Trump's organization was deeply connected to a Russian bank via a computer server have not yet been proved. Experts confirmed a computer server linked to Donald Trump ""was communicating with Russia."" On 31 October 2016 published an with the headline ""Was a Trump Server Communicating With Russia?."" The inquisitive title introduced a lengthy article and a mish-mash of circumstantial details positing that Donald Trump maintained ""secretive"" financial ties to Russia which came to light in the course of an unofficial investigation:
> In late spring, this community of malware hunters placed itself in a high state of alarm. Word arrived that Russian hackers had infiltrated the servers of the Democratic National Committee, an attack persuasively detailed by the respected cybersecurity firm CrowdStrike. The computer scientists posited a logical hypothesis, which they set out to rigorously test: If the Russians were worming their way into the DNC, they might very well be attacking other entities central to the presidential campaign, including Donald Trump’s many servers. “We wanted to help defend both campaigns, because we wanted to preserve the integrity of the election,” says one of the academics, who works at a university that asked him not to speak with reporters because of the sensitive nature of his work. > Earlier [in October 2016], the group of computer scientists passed [logs of the Trump server’s DNS activity] to Paul Vixie. In the world of DNS experts, there’s no higher authority. Vixie wrote central strands of the DNS code that makes the internet work. After studying the logs, he concluded, “The parties were communicating in a secretive fashion. The operative word is secretive.

Evidence_2: The computer scientists posited a logical hypothesis, which they set out to rigorously test: If the Russians were worming their way into the DNC, they might very well be attacking other entities central to the presidential campaign, including Donald Trump’s many servers. “We wanted to help defend both campaigns, because we wanted to preserve the integrity of the election,” says one of the academics, who works at a university that asked him not to speak with reporters because of the sensitive nature of his work. > Earlier [in October 2016], the group of computer scientists passed [logs of the Trump server’s DNS activity] to Paul Vixie. In the world of DNS experts, there’s no higher authority. Vixie wrote central strands of the DNS code that makes the internet work. After studying the logs, he concluded, “The parties were communicating in a secretive fashion. The operative word is secretive. This is more akin to what criminal syndicates do if they are putting together a project.” Put differently, the logs suggested that Trump and Alfa had configured something like a digital hotline connecting the two entities, shutting out the rest of the world, and designed to obscure its own existence. Over the summer, the scientists observed the communications trail from a distance ...

Evidence_3: The Trump campaign and denied the allegations, while Hillary Clinton immediately tweeted twice about them:
> It's time for Trump to answer serious questions about his ties to Russia. > — Hillary Clinton (@HillaryClinton) 
> Computer scientists have apparently uncovered a covert server linking the Trump Organization to a Russian-based bank. > — Hillary Clinton (@HillaryClinton) 
Much of the content of the piece came from persons unable or unwilling to disclose their identities and credentials (and were therefore unavailable for questions), but it wasn't long before cybersecurity expert of Errata Security the claims. In a more concise and far less speculative blog post, Graham cast reams of doubt on the entire claim set and noted that a hotel marketing management company (Cendyn), not Trump, controlled the domains in question:
> According to this Slate article, Trump has a secret server for communicating with Russia. Even Hillary has piled onto this story ... This is nonsense. The evidence available on the Internet is that Trump neither (directly) controls the domain ""trump-email.com"", nor has access to the server. Instead, the domain was set up and controlled by Cendyn, a company that does marketing/promotions for hotels, including many of Trump's hotels. Cendyn outsources the email portions of its campaigns to a company called Listrak, which actually owns/operates the physical server in a data center in [Philadelphia]. > In other words, Trump's response is (minus the political bits) likely true, supported by the evidence. It's the conclusion I came to even before seeing [Trump's] response. > **When you view this ""secret"" server in context, surrounded by the other email servers operated by Listrak on behalf of Cendyn, it becomes more obvious what's going on ...

Evidence_4: This is more akin to what criminal syndicates do if they are putting together a project.” Put differently, the logs suggested that Trump and Alfa had configured something like a digital hotline connecting the two entities, shutting out the rest of the world, and designed to obscure its own existence. Over the summer, the scientists observed the communications trail from a distance ... While the researchers went about their work, the conventional wisdom about Russian interference in the campaign began to shift. There were reports that the Trump campaign had ordered the Republican Party to rewrite its platform position on Ukraine, maneuvering the GOP toward a policy preferred by Russia, though the Trump campaign denied having a hand in the change. Then Trump announced in an interview with the New York Times his unwillingness to spring to the defense of NATO allies in the face of a Russian invasion. Trump even invited Russian hackers to go hunting for Clinton’s emails, then passed the comment off as a joke.

Evidence_5: Encalada, Debbie. ""Report: Donald Trump's Server Was in Communication with Russian Bank."" . 31 October 2016. Foer, Franklin. ""Was a Trump Server Communicating with Russia?"" . 31 October 2016. Graham, Robert. ""Debunking Trump's ""Secret Server.'"" . 31 October 2016. Lichtblau, Eric and Steven Lee Myers. ""Investigating Donald Trump, F.B.I. Sees No Clear Link to Russia."" . 31 October 2016. Mosk, Matthew, et al. ""From Russia with Trump: A Political Conflict Zone."" . 22 September 2016. Brown, Pamela et al. ""Sources: FBI Investigation Continues Into 'Odd' computer Link Between Russian Bank and Trump Organization."" .

##output:<end_of_turn>
<start_of_turn>model
",nei,refuted,
俄罗斯举办“北约・残暴编年史”展览揭开“民主外衣”下的残酷真相,"<bos><start_of_turn>user
You are a multilingual fact-checking expert. You are given a news claim along with raw evidence related to the claim. Do not consider any other evidence. Your task is to evaluate the veracity of the claim based solely on the provided raw evidence.

 Output your answer in exactly the following format:
 Claim Veracity: [label]

 Answer with one word: SUPPORTED, REFUTED, NEI

##Instruction: Classify the given Chinese claim into one of the three categories (SUPPORTED, REFUTED, NEI) based on the provided evidence.

1. SUPPORTED: Fully supported by the evidence.
2. REFUTED: Clearly contradicted or unsupported by the evidence.
3. NEI: Not enough information to make a decision.

Provide exactly one label.

##input: Claim: 俄罗斯举办“北约・残暴编年史”展览揭开“民主外衣”下的残酷真相

Evidences:
Evidence_1: [1]: ""为什么俄罗斯反对北约东扩？ | 德国之声 来自德国 介绍德国 | DW | 24.02.2022""[2]: ""北约这个“冷战遗孽” 新华社这三篇文章说清楚了-新华网""[3]: ""简报：2022年北约马德里峰会 - 美国驻华大使馆和领事馆""[4]: ""俄罗斯举办“北约残暴编年史”展览 俄议员回应_中国网""[5]: ""俄罗斯举办“北约·残暴编年史”展览：揭露这些残暴罪行！""[6]: ""俄罗斯举办“北约·残暴编年史”展览！揭露这些残暴罪行……""[7]: ""俄罗斯举办“北约·残暴编年史”展览揭开“民主外衣”下的残酷真相--国际--人民网""[8]: ""俄罗斯举办“北约残暴编年史”展览 帮助了解历史_新闻频道_中华网""您好，这是必应。根据您的要求，我为您找到了以下五条相关消息：- 《为什么俄罗斯反对北约东扩？》[^1^][1]，来自德国之声网站，介绍了北约的历史和目标，以及俄罗斯的担忧和反应。- 《北约这个“冷战遗孽” 新华社这三篇文章说清楚了》[^2^][2]，来自新华网，分析了北约的冷战思维和侵略行径，以及中国的立场和主张。- 《简报：2022年北约马德里峰会》[^3^][3]，来自美国驻华大使馆和领事馆网站，介绍了北约峰会的议程和目标，以及美国的角色和贡献。- 《俄罗斯举办“北约残暴编年史”展览 俄议员回应》[^4^][4]，来自中国网，报道了俄罗斯文化部等部门举办的展览，以及俄罗斯人对北约的看法和评价。- 《俄罗斯举办“北约·残暴编年史”展览：揭露这些残暴罪行！》[^5^][5]，来自搜狐网，详细介绍了展览的内容和形式，以及展示了部分俄军在乌克兰缴获的北约国家武器装备。希望这些信息对您有帮助。😊 

 ##output:<end_of_turn>
<start_of_turn>model
","<bos><start_of_turn>user
You are a multilingual fact-checking expert. Classify the claim into: SUPPORTED, REFUTED, NEI.

Output format:
Claim Veracity: [label]

##Instruction: Classify the given Chinese claim into: SUPPORTED, REFUTED, NEI.
Provide exactly one label.

##input: Claim: 俄罗斯举办“北约・残暴编年史”展览揭开“民主外衣”下的残酷真相

Evidences:
Evidence_1: * 

人 民 网 版 权 所 有 ，未 经 书 面 授 权 禁 止 使 用 Copyright © 1997-2022 by www.people.com.cn. all rights reserved

##output:<end_of_turn>
<start_of_turn>model
",supported,nei,
McCain tells of a fellow Vietnam POW who was beaten for fashioning an American flag that became an inspirational symbol to fellow POWs.,"<bos><start_of_turn>user
You are a multilingual fact-checking expert. You are given a news claim along with raw evidence related to the claim. Do not consider any other evidence. Your task is to evaluate the veracity of the claim based solely on the provided raw evidence.

 Output your answer in exactly the following format:
 Claim Veracity: [label]

 Answer with one word: SUPPORTED, REFUTED, NEI

##Instruction: Classify the given English claim into one of the three categories (SUPPORTED, REFUTED, NEI) based on the provided evidence.

1. SUPPORTED: Fully supported by the evidence.
2. REFUTED: Clearly contradicted or unsupported by the evidence.
3. NEI: Not enough information to make a decision.

Provide exactly one label.

##input: Claim: McCain tells of a fellow Vietnam POW who was beaten for fashioning an American flag that became an inspirational symbol to fellow POWs.

Evidences:
Evidence_1:  1. ""McCain's remarks about a fellow Vietnam POW being beaten for fashioning an American flag are a powerful reminder of the sacrifices made by service members during the war,"" says a spokesperson for the Veterans of Foreign Wars  . The VFW has called on Congress to ensure that veterans receive the care and support they need to recover from physical and emotional injuries sustained in combat.    2. ""McCain's story about a fellow Vietnam POW who created an American flag as a symbol of hope is a testament to the resilience and strength of the human spirit,"" says a spokesperson for the Military Officers Association of America  . MOAA has advocated for better treatment of veterans and their families, including access to mental health services and disability compensation.    3. ""McCain's remarks about a fellow Vietnam POW being punished for creating an American flag highlight the challenges faced by service members during wartime,"" says a spokesperson for the Iraq and Afghanistan Veterans of America  . IAVA has worked to improve the lives of veterans by advocating for better access to healthcare, education, and job training programs.    4. ""McCain's story about a fellow Vietnam POW who created an American flag is a poignant reminder of the sacrifices made by those who served our country,"" says a spokesperson for the National Veterans Foundation  . NVF has supported efforts to improve the lives of veterans through programs such as education and employment assistance, as well as advocacy for better access to healthcare and disability benefits.    5. ""McCain's remarks about a fellow Vietnam POW who was punished for creating an American flag underscore the importance of treating all service members with dignity and respect,"" says a spokesperson for the Veterans Administration  . The VA has been working to improve the quality of care provided to veterans, including mental health services and disability compensation. 

 ##output:<end_of_turn>
<start_of_turn>model
","<bos><start_of_turn>user
You are a multilingual fact-checking expert. Classify the claim into: SUPPORTED, REFUTED, NEI.

Output format:
Claim Veracity: [label]

##Instruction: Classify the given English claim into: SUPPORTED, REFUTED, NEI.
Provide exactly one label.

##input: Claim: McCain tells of a fellow Vietnam POW who was beaten for fashioning an American flag that became an inspirational symbol to fellow POWs.

Evidences:
Evidence_1: ###  Get PolitiFact in your inbox. stated on May 18, 2008: 
McCain tells of a fellow Vietnam POW who was beaten for fashioning an American flag that became an inspirational symbol to fellow POWs. A making the rounds recounts a moving anecdote Sen. John McCain has related about a fellow Vietnam prisoner of war who was severely beaten by guards for fashioning a makeshift American flag that became an inspirational symbol to fellow POWs. The e-mail message encourages those who receive the e-mail to ""pass this on... and on... and on!"" And it leaves little doubt about its political intent, as it closes with the line, ""oh...and then you have this clown, who refuses to place his hand on his heart and say the pledge. ..."" 
This is an obvious, and misguided, swipe at Sen. Barack Obama, who has frequently been attacked in chain e-mails for allegedly refusing to place his hand on his heart when saying the Pledge of Allegiance. We at PolitiFact already 
But here we will check the accuracy of McCain's POW anecdote, which was forwarded to us by several PolitiFact readers. ### Sign up for PolitiFact texts
Here's how the chain e-mail reads, in part: 
""One of the men who moved into my (POW) room was a young man named Mike Christian. ... Mike got himself a bamboo needle. Over a period of a couple of months, he created an American flag and sewed on the inside of his shirt. ""Every afternoon, before we had a bowl of soup, we would hang Mike's shirt on the wall of the cell and say the Pledge of Allegiance.

Evidence_2: After the excitement died down, I looked in the corner of the room, and sitting there beneath that dim light bulb with a piece of red cloth, another shirt and his bamboo needle, was my friend, Mike Christian. He was sitting there with his eyes almost shut from the beating he had received, making another American flag. He was not making the flag because it made Mike Christian feel better. He was making that flag because he knew how important it was to us to be able to pledge our allegiance to our flag and country. ""So the next time you say the Pledge of Allegiance, you must never forget the sacrifice and courage that thousands of Americans have made to build our nation and promote freedom around the world. You must remember our duty, our honor, and our country."" McCain relates this same anecdote in his book, in nearly identical fashion. And the story is backed up by another POW, Leo K. Thorsness, albeit with a couple small differences in detail. Thorsness was an Air Force fighter pilot who was shot down on his 93rd mission and spent six years as a prisoner of war in Hanoi. When people ask if he lived with McCain at the Hanoi Hilton, Thorsness likes to correct: ""John lived with me. I got there first."" Thorsness, who was awarded the Medal of Honor for valor in the Vietnam War, recalled to PolitiFact ""the day when Mike Christian found this slimy old rag, an old dirty handkerchief"" while in the yard outside the cell. Thorsness said Christian spent days cleaning up the handkerchief, and used blue ink and ground up red roof tiles for color. Then, he took threads from his blanket and sewed on stars with a bamboo needle.

Evidence_3: And the story is backed up by another POW, Leo K. Thorsness, albeit with a couple small differences in detail. Thorsness was an Air Force fighter pilot who was shot down on his 93rd mission and spent six years as a prisoner of war in Hanoi. When people ask if he lived with McCain at the Hanoi Hilton, Thorsness likes to correct: ""John lived with me. I got there first."" Thorsness, who was awarded the Medal of Honor for valor in the Vietnam War, recalled to PolitiFact ""the day when Mike Christian found this slimy old rag, an old dirty handkerchief"" while in the yard outside the cell. Thorsness said Christian spent days cleaning up the handkerchief, and used blue ink and ground up red roof tiles for color. Then, he took threads from his blanket and sewed on stars with a bamboo needle. It took a good bit of imagination to make out that it was an American flag, Thorsness said, ""but we all knew what it was."" When Christian finished the flag and showed it to his fellow POWs, Thorsness said, ""I think every one of us snapped to attention."" stated on September 1, 2025 in an X post 
 President Donald Trump’s “official schedule was suddenly suspended.” 
It was a tough group of men, he said, and yet there were very few dry eyes. Sometimes, he said, it was hung up on a cell wall and men would salute it and say the Pledge of Allegiance. ""To everyone there, it was very meaningful,"" he said. Christian knew full well that he would eventually be caught and punished, Thorsness said. Christian hid the makeshift flag in an extra sleeve of his pajamas. But it was discovered by the guards and confiscated during a surprise inspection.

Evidence_4: ""I know the Pledge of Allegiance may not seem the most important part of our day now, but I can assure you that in that stark cell it was indeed the most important and meaningful event. ""One day the Vietnamese searched our cell, as they did periodically, and discovered Mike's shirt with the flag sewn inside, and removed it. ""That evening they returned, opened the door of the cell, and for the benefit of all of us, beat Mike Christian severely for the next couple of hours. Then, they opened the door of the cell and threw him in. We cleaned him up as well as we could. ""The cell in which we lived had a concrete slab in the middle on which we slept. Four naked light bulbs hung in each corner of the room. ""As I said, we tried to clean up Mike as well as we could. After the excitement died down, I looked in the corner of the room, and sitting there beneath that dim light bulb with a piece of red cloth, another shirt and his bamboo needle, was my friend, Mike Christian. He was sitting there with his eyes almost shut from the beating he had received, making another American flag. He was not making the flag because it made Mike Christian feel better. He was making that flag because he knew how important it was to us to be able to pledge our allegiance to our flag and country. ""So the next time you say the Pledge of Allegiance, you must never forget the sacrifice and courage that thousands of Americans have made to build our nation and promote freedom around the world. You must remember our duty, our honor, and our country."" McCain relates this same anecdote in his book, in nearly identical fashion.

Evidence_5: ..."" 
This is an obvious, and misguided, swipe at Sen. Barack Obama, who has frequently been attacked in chain e-mails for allegedly refusing to place his hand on his heart when saying the Pledge of Allegiance. We at PolitiFact already 
But here we will check the accuracy of McCain's POW anecdote, which was forwarded to us by several PolitiFact readers. ### Sign up for PolitiFact texts
Here's how the chain e-mail reads, in part: 
""One of the men who moved into my (POW) room was a young man named Mike Christian. ... Mike got himself a bamboo needle. Over a period of a couple of months, he created an American flag and sewed on the inside of his shirt. ""Every afternoon, before we had a bowl of soup, we would hang Mike's shirt on the wall of the cell and say the Pledge of Allegiance. ""I know the Pledge of Allegiance may not seem the most important part of our day now, but I can assure you that in that stark cell it was indeed the most important and meaningful event. ""One day the Vietnamese searched our cell, as they did periodically, and discovered Mike's shirt with the flag sewn inside, and removed it. ""That evening they returned, opened the door of the cell, and for the benefit of all of us, beat Mike Christian severely for the next couple of hours. Then, they opened the door of the cell and threw him in. We cleaned him up as well as we could. ""The cell in which we lived had a concrete slab in the middle on which we slept. Four naked light bulbs hung in each corner of the room. ""As I said, we tried to clean up Mike as well as we could.

##output:<end_of_turn>
<start_of_turn>model
",supported,refuted,
"There  s a hacking conference that  s held every year in Las Vegas, where I think a 14- or 15-year old-girl from Florida hacked into a replica of Florida  s election system in less than 15 minutes.","<bos><start_of_turn>user
You are a multilingual fact-checking expert. You are given a news claim along with raw evidence related to the claim. Do not consider any other evidence. Your task is to evaluate the veracity of the claim based solely on the provided raw evidence.

 Output your answer in exactly the following format:
 Claim Veracity: [label]

 Answer with one word: SUPPORTED, REFUTED, NEI

##Instruction: Classify the given English claim into one of the three categories (SUPPORTED, REFUTED, NEI) based on the provided evidence.

1. SUPPORTED: Fully supported by the evidence.
2. REFUTED: Clearly contradicted or unsupported by the evidence.
3. NEI: Not enough information to make a decision.

Provide exactly one label.

##input: Claim: ""There  s a hacking conference that  s held every year in Las Vegas, where I think a 14- or 15-year old-girl from Florida hacked into a replica of Florida  s election system in less than 15 minutes.""

Evidences:
Evidence_1: [1]: replica of Florida's ..."" [2]: in saying a kid hacked into a ..."" [3]: a kid hacked ...""  Tulsi Gabbard, a congresswoman from Hawaii, told HBO  s Bill Maher that a 14-year-old girl from Florida hacked into a replica of Florida  s election system in less than 15 minutes at Defcon 26, a cyber security event held last August in Las Vegas for kids as young as 8 years old[^1^][1] [^2^][2]. However, Lee County Election Supervisor Tommy Doyle disagrees.   First of all it  s not the election system. It was a cloned website without any security features in place,   said Doyle. Doyle is right. We also confirmed what was hacked by an 11-year old boy, not girl, was the website that publishes results and not the system that counts the votes[^1^][1].  Here are some news articles that cover this topic: 1. NBC-2 News: replica of Florida's election system'"" [^1^][1] 2. PolitiFact: kid hacked into a replica of Florida's election system"" [^2^][2] 3. Tampa Bay Times: a kid hacked into a replica of Florida  s election system"" [^3^][3] 4. The Hill: Florida's election system""  5. The Washington Post: could hack U.S. voting systems. Is she right?""   I hope this helps! 

 ##output:<end_of_turn>
<start_of_turn>model
","<bos><start_of_turn>user
You are a multilingual fact-checking expert. Classify the claim into: SUPPORTED, REFUTED, NEI.

Output format:
Claim Veracity: [label]

##Instruction: Classify the given English claim into: SUPPORTED, REFUTED, NEI.
Provide exactly one label.

##input: Claim: ""There  s a hacking conference that  s held every year in Las Vegas, where I think a 14- or 15-year old-girl from Florida hacked into a replica of Florida  s election system in less than 15 minutes.""

Evidences:
Evidence_1: ###  Stand up for the facts! Our only agenda is to publish the truth so you can be an informed participant in democracy. We need your help. ###  I would like to contribute 
stated on June 28, 2019 in an interview: 
""There’s a hacking conference that’s held every year in Las Vegas, where I think a 14- or 15-year old-girl from Florida hacked into a replica of Florida’s election system in less than 15 minutes."" After President with Russian President about Russia meddling in U.S. elections, a talk show host asked Democratic presidential candidate to respond. Appearing on HBO’s ""Real Time with Bill Maher,"" , a U.S. representative from Hawaii, :
""We have to take seriously the security of our elections because of the vulnerabilities that exist — still, now — that really have the ability to undermine our democracy. There’s a hacking conference that’s held every year in Las Vegas, where I think a 14- or 15-year old-girl from Florida hacked into a replica of Florida’s election system in less than 15 minutes."" What we found is some indication of vulnerability — even if it’s not a direct threat to the voting system itself. At least one kid did do some quick hacking. But two points are problematic for Gabbard’s claim. ### Sign up for PolitiFact texts
First, there wasn’t hacking into a replica of the — but rather a website made to look like Florida’s Secretary of State website that reports preliminary election results. In other words, not the system that receives and counts actual votes. And second, what was hacked into was not even a — as in an exact copy of the website — because it did not contain the proprietary security features that the Secretary of State website has.

Evidence_2: There’s a hacking conference that’s held every year in Las Vegas, where I think a 14- or 15-year old-girl from Florida hacked into a replica of Florida’s election system in less than 15 minutes."" What we found is some indication of vulnerability — even if it’s not a direct threat to the voting system itself. At least one kid did do some quick hacking. But two points are problematic for Gabbard’s claim. ### Sign up for PolitiFact texts
First, there wasn’t hacking into a replica of the — but rather a website made to look like Florida’s Secretary of State website that reports preliminary election results. In other words, not the system that receives and counts actual votes. And second, what was hacked into was not even a — as in an exact copy of the website — because it did not contain the proprietary security features that the Secretary of State website has. As the National Association of Secretaries of State at the time:
""While it is undeniable websites are vulnerable to hackers, election-night reporting websites are only used to publish preliminary, unofficial results for the public and the media. The sites are not connected to vote counting equipment and could never change actual election results."" Besides being a large swing state, Florida is important because Russian hackers gained access to at least one Florida county’s election computer network during the 2016 presidential campaign, to Special Counsel Robert Mueller’s report on Russian interference in that campaign. The county was not named. Florida Gov. Ron DeSantis has two local election offices were hacked ahead of the 2016 election, but that he is allowed to name the counties.

Evidence_3: Similarly, Vice.com after Gabbard’s interview that DEFCON organizers had given the participants ""clones"" of state election websites ""with vulnerabilities inserted by the organizers. In particular, the sites were designed to be vulnerable to SQL injection attacks, one of the most ancient—and yet still very common—hacks ever."" Gabbard said, ""There’s a hacking conference that’s held every year in Las Vegas, where I think a 14- or 15-year old-girl from Florida hacked into a replica of Florida’s election system in less than 15 minutes."" In less than 15 minutes, two 11-year-olds attending a 2018 hacking convention were able to hack into a website that was made to look similar to the website of the Florida Secretary of State’s Office that reports election results. Despite news reports that used terms such as replica and facsimile, the hacked site was not a copy of the Florida site and did not contain the same security features. Moreover, the site that the hackers meant to target does not include the system that is used for receiving and tabulating actual votes. Gabbard’s loose recollection could leave readers with the wrong impression about the vulnerability of Florida’s election system.

Evidence_4: The Republican governor has emphasized that while the counties had experienced ""intrusion into the supervisor of election networks,"" no information was manipulated or changed, and that it’s possible they obtained voter information that was public record anyway. To support Gabbard’s statement, her campaign sent us two about , a hacking and cybersecurity event held in Las Vegas in August 2018. As part of the annual event, kids ages 8 to 16 could into what DEFCON as replicas of election websites of 13 battleground states, including Florida. One article said an 11-year-old boy hacked into the website that was made to look like the Florida Secretary of State’s website; and the other article said an 11-year-old girl hacked into one of the sites, but didn’t indicate which state. Both were done in under 15 minutes. (The home states of the kids were not named.) As DEFCON , the purpose was not nefarious: ""By exposing the cyber vulnerabilities of these websites, young contestants will compete for prizes in a number of categories, including proposing the best plan to defend the Secretary of State websites from cyber attacks."" But to be clear: While the websites might report election and have other voting information, they are not used to receive or count actual votes. of the articles, from PBS Newshour, said an 11-year-old boy hacked into a version of the Florida state election website and changed voting results in under 10 minutes. And an 11-year-old girl tripled the number of votes on the same site in about 15 minutes. stated on August 25, 2025 in remarks to the media 
 In Washington, D.C., “We always have a murder a week.” 
In other words, hacking into a state’s election website could cause confusion if results were manipulated.

Evidence_5: As DEFCON , the purpose was not nefarious: ""By exposing the cyber vulnerabilities of these websites, young contestants will compete for prizes in a number of categories, including proposing the best plan to defend the Secretary of State websites from cyber attacks."" But to be clear: While the websites might report election and have other voting information, they are not used to receive or count actual votes. of the articles, from PBS Newshour, said an 11-year-old boy hacked into a version of the Florida state election website and changed voting results in under 10 minutes. And an 11-year-old girl tripled the number of votes on the same site in about 15 minutes. stated on August 25, 2025 in remarks to the media 
 In Washington, D.C., “We always have a murder a week.” 
In other words, hacking into a state’s election website could cause confusion if results were manipulated. But that is not the same as hacking into an election system and actually changing votes. And with regard to how closely the hacked websites matched the actual websites, ProPublica published shortly after the DEFCON convention emphasizing that the websites hacked by the kids were not actual replicas of the state election websites. ""Instead, students were working with look-alikes created for the event that had vulnerabilities they were coached to find,"" ProPublica said. ""Organizers provided them with cheat sheets, and adults walked the students through the challenges they would encounter."" Josh Franklin, an elections expert formerly at the National Institute of Standards and Technology and a speaker at DEFCON, was quoted as the websites were ""fake."" ""When I learned that they were not using exact copies and pains hadn’t been taken to more properly replicate the underlying infrastructure, I was definitely saddened,"" he said.

##output:<end_of_turn>
<start_of_turn>model
",refuted,nei,
在西班牙的乌克兰难民烧俄罗斯国旗，致3.1万公顷森林被毁,"<bos><start_of_turn>user
You are a multilingual fact-checking expert. You are given a news claim along with raw evidence related to the claim. Do not consider any other evidence. Your task is to evaluate the veracity of the claim based solely on the provided raw evidence.

 Output your answer in exactly the following format:
 Claim Veracity: [label]

 Answer with one word: SUPPORTED, REFUTED, NEI

##Instruction: Classify the given Chinese claim into one of the three categories (SUPPORTED, REFUTED, NEI) based on the provided evidence.

1. SUPPORTED: Fully supported by the evidence.
2. REFUTED: Clearly contradicted or unsupported by the evidence.
3. NEI: Not enough information to make a decision.

Provide exactly one label.

##input: Claim:  在西班牙的乌克兰难民烧俄罗斯国旗，致3.1万公顷森林被毁

Evidences:
Evidence_1: [1]: ""难民署：全球被迫流离失所者人数创1.1亿新高 | | 1联合国新闻"" [2]: ""联合国新闻 | 全球视野, 常人故事 - UN News"" [3]: ""新闻1+1_央视网  - CCTV节目官网""  根据联合国新闻[^1^][1]，2022年，乌克兰全面战争、其他冲突以及气候引发的动荡的影响，导致更多的人被迫离开家园，需要立即采取集体行动来缓解这一全球危机。其中，来自乌克兰的难民人数从2021年底的2.73万飙升至2022年底的570万，这是自二战以来难民外流速度最快的一次。据新闻报道[^1^][1]，在西班牙的乌克兰难民烧俄罗斯国旗，致3.1万公顷森林被毁。目前没有找到更多相关新闻。  [^1^][1]: | | 1联合国新闻]  

 ##output:<end_of_turn>
<start_of_turn>model
","<bos><start_of_turn>user
You are a multilingual fact-checking expert. Classify the claim into: SUPPORTED, REFUTED, NEI.

Output format:
Claim Veracity: [label]

##Instruction: Classify the given Chinese claim into: SUPPORTED, REFUTED, NEI.
Provide exactly one label.

##input: Claim:  在西班牙的乌克兰难民烧俄罗斯国旗，致3.1万公顷森林被毁

Evidences:


##output:<end_of_turn>
<start_of_turn>model
",nei,refuted,
美媒：美暗促乌克兰与俄和谈 意在维持军援,"<bos><start_of_turn>user
You are a multilingual fact-checking expert. You are given a news claim along with raw evidence related to the claim. Do not consider any other evidence. Your task is to evaluate the veracity of the claim based solely on the provided raw evidence.

 Output your answer in exactly the following format:
 Claim Veracity: [label]

 Answer with one word: SUPPORTED, REFUTED, NEI

##Instruction: Classify the given Chinese claim into one of the three categories (SUPPORTED, REFUTED, NEI) based on the provided evidence.

1. SUPPORTED: Fully supported by the evidence.
2. REFUTED: Clearly contradicted or unsupported by the evidence.
3. NEI: Not enough information to make a decision.

Provide exactly one label.

##input: Claim: 美媒：美暗促乌克兰与俄和谈 意在维持军援

Evidences:
Evidence_1: [1]: ""Military, Defense & National Security News: https://www.militarytimes.com/news/ ""News | Military Times""[3]: ""Military Watch Magazine""[4]: ""【特稿】美媒：美暗促乌克兰与俄和谈 意在维持军援_腾讯新闻""[5]: ""乌克兰拒绝俄乌和谈：不要和平要军援，美军高官：趴在战争上吸血""[6]: ""美国不断加码军援乌克兰的真正目的是什么？ - 2022年4月14日, 俄罗斯卫星通讯社""[7]: ""美欧态度大变！促俄乌和谈时间点曝光 北京有要角 - 国际 - 中时新闻网""[8]: ""东方战略观察周报：美国最新一期对乌克兰军援说明了什么""[9]: ""美国态度大变，最高军事决策机构赞成俄乌和谈，期待中国发挥作用|拜登|乌克兰|俄罗斯_网易订阅""您好，这是必应。根据您的要求，我为您找到了以下五条相关消息：1. 美国《华盛顿邮报》5日以不愿公开姓名的美国政府官员为消息源报道，美国政府官员正私下鼓励乌克兰总统弗拉基米尔·泽连斯基与俄罗斯和谈，以“展现开放性”。 报道说，多名美方官员这样做并非真心推动乌方重回谈判桌，而是另有盘算——希望占据道德高地，确保乌方继续获得他国军事援助。[^1^][4]2. 乌克兰尽管对俄乌冲突的实际装聋作哑，但乌克兰内部贪腐成风，只依靠西方援助，出现战局独木难支的局面也不过时间问题。 与此同时，美军高官也扯出了，援助乌克兰背后的利益链条。[^2^][5]3. 美国总统拜登周三宣布向乌克兰提供8亿美元的额外军事援助，所提供的武器系统扩大到涵盖重型火炮。 中国专家在接受俄罗斯卫星通讯社采访时分析称，美方不断增加对乌克兰的军事援助是希望让乌克兰继续打下去，局势持续时间越长，美国越能最大程度获取战略和经济利益。[^3^][6]4. 报导指出，美国与西方盟友态度丕变，主要是认定没有任何一方能无止尽地作战，北京在国际和谈中扮演要角的意愿应该受到检验，不过目前仍不清楚中国是否会参与俄罗斯、德国、法国和乌克兰所组成的“诺曼底模式”四方会谈。[^4^][7]5. 4 月26 日习近平主席与乌克兰总统泽连斯基通话。 泽连斯基与中方讨论了（1）战场前线困难，但乌克兰会继续坚持；（2）寻求“正义”；（3）希望中方发挥更大作用；（4）感谢中方对乌克兰疫情防控提供的支持。[^5^][8]以上是我为您找到的相关消息，请问您还有什么需要吗？😊 

 ##output:<end_of_turn>
<start_of_turn>model
","<bos><start_of_turn>user
You are a multilingual fact-checking expert. Classify the claim into: SUPPORTED, REFUTED, NEI.

Output format:
Claim Veracity: [label]

##Instruction: Classify the given Chinese claim into: SUPPORTED, REFUTED, NEI.
Provide exactly one label.

##input: Claim: 美媒：美暗促乌克兰与俄和谈 意在维持军援

Evidences:


##output:<end_of_turn>
<start_of_turn>model
",nei,supported,
【透视】美国资深调查记者：炸毁“北溪”管道是美国政府近年来“最愚蠢”的行为,"<bos><start_of_turn>user
You are a multilingual fact-checking expert. You are given a news claim along with raw evidence related to the claim. Do not consider any other evidence. Your task is to evaluate the veracity of the claim based solely on the provided raw evidence.

 Output your answer in exactly the following format:
 Claim Veracity: [label]

 Answer with one word: SUPPORTED, REFUTED, NEI

##Instruction: Classify the given Chinese claim into one of the three categories (SUPPORTED, REFUTED, NEI) based on the provided evidence.

1. SUPPORTED: Fully supported by the evidence.
2. REFUTED: Clearly contradicted or unsupported by the evidence.
3. NEI: Not enough information to make a decision.

Provide exactly one label.

##input: Claim: 【透视】美国资深调查记者：炸毁“北溪”管道是美国政府近年来“最愚蠢”的行为

Evidences:
Evidence_1: [1]: ""【透视】美国资深调查记者：炸毁“北溪”管道是美国政府近年来“最愚蠢”的行为_新闻中心_中国网""[2]: ""【透视】美国资深调查记者：炸毁“北溪”管道是美国政府近年来“最愚蠢”的行为 - 中国日报网""[3]: ""【透视】美国资深调查记者：炸毁“北溪”管道是美国政府近年来“最愚蠢”的行为_欧洲_赫什称_俄罗斯""[4]: ""【透视】美国资深调查记者：炸毁“北溪”管道是美国政府近年来“最愚蠢”的行为 _光明网""[5]: ""【透视】美国资深调查记者：炸毁“北溪”管道是美国政府近年来“最愚蠢”的行为|界面新闻 · 中国""您好，这是必应。根据您的要求，我为您找到了以下五条相关新闻：1. 中国日报网[^1^][1]报道，美国资深调查记者西摩·赫什表示，炸毁“北溪”管道是美国政府近年来“最愚蠢”的行为。赫什认为，这样做会让美国在欧洲失去信誉，也会让俄罗斯和中国的关系更加紧密。2. 中国日报网[^2^][2]也转载了同样的报道，内容与第一条相同。3. 搜狐网[^3^][3]也引用了英国《第一邮报》新闻网的报道，内容与第一条相同。4. 光明网[^4^][4]也转载了中国日报网的报道，内容与第一条相同。5. 界面新闻[^5^][5]也转载了英国《第一邮报》新闻网的报道，内容与第一条相同。从以上搜索结果来看，您要求的新闻主题并没有多方面的报道，而是多个媒体转载了同一篇文章。如果您想了解更多关于“北溪”管道的信息，您可以尝试更换搜索词或者浏览其他语言的新闻源。 

 ##output:<end_of_turn>
<start_of_turn>model
","<bos><start_of_turn>user
You are a multilingual fact-checking expert. Classify the claim into: SUPPORTED, REFUTED, NEI.

Output format:
Claim Veracity: [label]

##Instruction: Classify the given Chinese claim into: SUPPORTED, REFUTED, NEI.
Provide exactly one label.

##input: Claim: 【透视】美国资深调查记者：炸毁“北溪”管道是美国政府近年来“最愚蠢”的行为

Evidences:
Evidence_1: * 

人 民 网 版 权 所 有 ，未 经 书 面 授 权 禁 止 使 用 Copyright © 1997-2023 by www.people.com.cn. all rights reserved

##output:<end_of_turn>
<start_of_turn>model
",nei,supported,
"The Iraq war has been ""our longest war.","<bos><start_of_turn>user
You are a multilingual fact-checking expert. You are given a news claim along with raw evidence related to the claim. Do not consider any other evidence. Your task is to evaluate the veracity of the claim based solely on the provided raw evidence.

 Output your answer in exactly the following format:
 Claim Veracity: [label]

 Answer with one word: SUPPORTED, REFUTED, NEI

##Instruction: Classify the given English claim into one of the three categories (SUPPORTED, REFUTED, NEI) based on the provided evidence.

1. SUPPORTED: Fully supported by the evidence.
2. REFUTED: Clearly contradicted or unsupported by the evidence.
3. NEI: Not enough information to make a decision.

Provide exactly one label.

##input: Claim: The Iraq war has been ""our longest war.""

Evidences:
Evidence_1:  1. ""The New York Times"": June 2, 2016, the newspaper reported that the Iraq war has been America's longest war. The article also discussed potential implications for the Democratic Party's plans to impeach President Trump over his request for information about the matter.    2. ""The Washington Post"": Washington Post, also covered the topic of the Iraq war being America's longest in an article published on June 3, 2016. The paper described how the issue had become a major point of contention and discussed potential implications for public opinion and policy.    3. ""CNN"": that covered the controversy surrounding the length of the Iraq war. In an article published on June 4, 2016, the network described how the issue had become a major point of contention and discussed potential implications for national security and other issues.    4. ""Al Jazeera"": outlet that covered the topic of the length of the Iraq war. In an article published on June 5, 2016, the network described how the issue had become a major point of contention and discussed potential implications for public opinion and policy.    5. ""BBC News"":  provided further information on the matter when it published an article on June 6, 2016. According to the BBC, there were no political parties in New Jersey prior to Governor Chris Christie taking office in January 2011. As such, he could not have been compared to governors from before his time. The article also discussed potential implications for public opinion and analyzed how other countries might be influenced by the controversy. 

 ##output:<end_of_turn>
<start_of_turn>model
","<bos><start_of_turn>user
You are a multilingual fact-checking expert. Classify the claim into: SUPPORTED, REFUTED, NEI.

Output format:
Claim Veracity: [label]

##Instruction: Classify the given English claim into: SUPPORTED, REFUTED, NEI.
Provide exactly one label.

##input: Claim: The Iraq war has been ""our longest war.""

Evidences:


##output:<end_of_turn>
<start_of_turn>model
",refuted,supported,
加拿大或放行“北溪-1”部件送往德国,"<bos><start_of_turn>user
You are a multilingual fact-checking expert. You are given a news claim along with raw evidence related to the claim. Do not consider any other evidence. Your task is to evaluate the veracity of the claim based solely on the provided raw evidence.

 Output your answer in exactly the following format:
 Claim Veracity: [label]

 Answer with one word: SUPPORTED, REFUTED, NEI

##Instruction: Classify the given Chinese claim into one of the three categories (SUPPORTED, REFUTED, NEI) based on the provided evidence.

1. SUPPORTED: Fully supported by the evidence.
2. REFUTED: Clearly contradicted or unsupported by the evidence.
3. NEI: Not enough information to make a decision.

Provide exactly one label.

##input: Claim: 加拿大或放行“北溪-1”部件送往德国

Evidences:
Evidence_1: [1]: ""北溪1号：一条牵动着世界能源格局和地缘政治的“神经” - BBC News 中文""[2]: ""香港文匯報 - 【俄氣再次暫停通過「北溪-1」天然氣管道向歐洲輸氣】... | Facebook""[3]: ""CIA早就警告柏林：有人或炸開北溪管道... - DAY Magazine Page 日之誌 | Facebook""您好，这是必应。根据网络搜索结果，我为您找到了以下五条相关消息：1. 北溪1号：一条牵动着世界能源格局和地缘政治的“神经”[^1^][1]。这篇文章介绍了北溪1号天然气管道的历史、争议和影响，以及俄罗斯、欧盟和美国的立场和利益。2. 【俄气再次暂停通过「北溪-1」天然气管道向欧洲输气】[^2^][2]。这篇文章报道了2022年12月31日，俄罗斯国家天然气公司（俄气）再次暂停通过北溪-1天然气管道向欧洲输送天然气的消息，以及欧洲天然气市场的紧张局势。3. CIA早就警告柏林：有人或炸开北溪管道[^3^][3]。这篇文章援引丹麦首相的话，称美国中央情报局（CIA）早在2022年9月就向德国政府发出警告，称有人可能试图炸毁北溪-1和北溪-2天然气管道，以阻止俄罗斯向欧洲输送能源。4. 加拿大或放行“北溪-1”部件送往德国。这篇文章引述加拿大外交部长加内特（Marc Garneau）的话，称加拿大政府正在考虑是否允许一家加拿大公司向德国出口用于北溪-1天然气管道的阀门部件，以及美国对此事的反对态度。5. 北溪-1天然气管道项目获得德国监管机构批准。这篇文章报道了2022年7月6日，德国联邦网络管理局（BNetzA）批准了北溪-1天然气管道项目的运营许可，使得该项目可以在不受欧盟第三能源套件法规限制的情况下运作。以上是我为您找到的相关消息，希望对您有所帮助。😊 

 ##output:<end_of_turn>
<start_of_turn>model
","<bos><start_of_turn>user
You are a multilingual fact-checking expert. Classify the claim into: SUPPORTED, REFUTED, NEI.

Output format:
Claim Veracity: [label]

##Instruction: Classify the given Chinese claim into: SUPPORTED, REFUTED, NEI.
Provide exactly one label.

##input: Claim: 加拿大或放行“北溪-1”部件送往德国

Evidences:
Evidence_1: * 

人 民 网 版 权 所 有 ，未 经 书 面 授 权 禁 止 使 用 Copyright © 1997-2022 by www.people.com.cn. all rights reserved

##output:<end_of_turn>
<start_of_turn>model
",nei,supported,
"For NATO exercises, ""we don  t have enough of our own hardware and equipment even for training purposes. So the Britsare spotting us choppers.","<bos><start_of_turn>user
You are a multilingual fact-checking expert. You are given a news claim along with raw evidence related to the claim. Do not consider any other evidence. Your task is to evaluate the veracity of the claim based solely on the provided raw evidence.

 Output your answer in exactly the following format:
 Claim Veracity: [label]

 Answer with one word: SUPPORTED, REFUTED, NEI

##Instruction: Classify the given English claim into one of the three categories (SUPPORTED, REFUTED, NEI) based on the provided evidence.

1. SUPPORTED: Fully supported by the evidence.
2. REFUTED: Clearly contradicted or unsupported by the evidence.
3. NEI: Not enough information to make a decision.

Provide exactly one label.

##input: Claim: For NATO exercises, ""we don  t have enough of our own hardware and equipment even for training purposes. So the Britsare spotting us choppers.""

Evidences:
Evidence_1: 1. ""NATO Exercises Lack Enough Own Hardware and Equipment"" - This news article discusses the shortage of hardware and equipment for NATO exercises, with some countries relying on support from other allies. The source for this article is not specified.  Content: exercises are facing a shortage of ""own hardware and equipment,"" which is impacting training and readiness. The article suggests that some countries, including the United Kingdom, are providing support by spotting NATO forces with helicopters.    2. ""NATO Exercises Lack Enough Own Hardware and Equipment"" - This news article discusses the shortage of hardware and equipment for NATO exercises, with some countries relying on support from other allies. The source for this article is not specified.  Content: exercises are facing a shortage of ""own hardware and equipment,"" which is impacting training and readiness. The article suggests that some countries, including the United Kingdom, are providing support by spotting NATO forces with helicopters.    3. ""NATO Exercises Lack Enough Own Hardware and Equipment"" - This news article discusses the shortage of hardware and equipment for NATO exercises, with some countries relying on support from other allies. The source for this article is not specified.  Content: exercises are facing a shortage of ""own hardware and equipment,"" which is impacting training and readiness. The article suggests that some countries, including the United Kingdom, are providing support by spotting NATO forces with helicopters.    4. ""NATO Exercises Lack Enough Own Hardware and Equipment"" - This news article discusses the shortage of hardware and equipment for NATO exercises, with some countries relying on support from other allies. The source for this article is not specified.  Content: exercises are facing a shortage of ""own hardware and equipment,"" which is impacting training and readiness. The article suggests that some countries, including the United Kingdom, are providing support by spotting NATO forces with helicopters.    5. ""NATO Exercises Lack Enough Own Hardware and Equipment"" - This news article discusses the shortage of hardware and equipment for NATO exercises, with some countries relying on support from other allies. The source for this article is not specified.  Content: exercises are facing a shortage of ""own hardware and equipment,"" which is impacting training and readiness. The article suggests that some countries, including the United Kingdom, are providing support by spotting NATO forces with helicopters. 

 ##output:<end_of_turn>
<start_of_turn>model
","<bos><start_of_turn>user
You are a multilingual fact-checking expert. Classify the claim into: SUPPORTED, REFUTED, NEI.

Output format:
Claim Veracity: [label]

##Instruction: Classify the given English claim into: SUPPORTED, REFUTED, NEI.
Provide exactly one label.

##input: Claim: For NATO exercises, ""we don  t have enough of our own hardware and equipment even for training purposes. So the Britsare spotting us choppers.""

Evidences:


##output:<end_of_turn>
<start_of_turn>model
",supported,refuted,
"In a few months, this deal would give Iran $150 billion"" for its $300 billion to $400 billion economy, which is ""like $8 trillion flowing into the United States treasury.","<bos><start_of_turn>user
You are a multilingual fact-checking expert. You are given a news claim along with raw evidence related to the claim. Do not consider any other evidence. Your task is to evaluate the veracity of the claim based solely on the provided raw evidence.

 Output your answer in exactly the following format:
 Claim Veracity: [label]

 Answer with one word: SUPPORTED, REFUTED, NEI

##Instruction: Classify the given English claim into one of the three categories (SUPPORTED, REFUTED, NEI) based on the provided evidence.

1. SUPPORTED: Fully supported by the evidence.
2. REFUTED: Clearly contradicted or unsupported by the evidence.
3. NEI: Not enough information to make a decision.

Provide exactly one label.

##input: Claim: ""In a few months, this deal would give Iran $150 billion"" for its $300 billion to $400 billion economy, which is ""like $8 trillion flowing into the United States treasury.""

Evidences:
Evidence_1: Source 1: on the US Economy"" Content: on the US economy is likely to be significant and complex, with many experts suggesting that these events reflect broader social and cultural developments. This topic has been extensively researched and debated by political analysts, economists, and sociologists.  Source 2: between Iran and the United States"" Content: between Iran and the United States is likely to be complex and multifaceted, with many experts suggesting that these events reflect broader social and cultural developments. This topic has been extensively studied and debated by scholars and historians.  Source 3: Shaping Public Opinion on Iran Deal"" Content: shaping public opinion on Iran deal is likely to be significant and complex, with many experts suggesting that these trends play an important role in influencing government policy and decision-making processes. This topic has been extensively researched and debated by political analysts, sociologists, and psychologists.  Source 4: and its Effects on Society"" Content: and its effects on society is likely to be complex and multifaceted, with many experts suggesting that a range of approaches are necessary to address this issue effectively. This topic has been extensively researched and debated by scientists and policymakers.  Source 5: between Iran and the United States"" Content: between Iran and the United States is likely to be shaped by ongoing efforts to address issues related to national security, economic growth, and social welfare, as well as concerns about the impact of current policies on democracy and civil society. This topic has been extensively studied and debated by political analysts, economists, and legal experts. 

 ##output:<end_of_turn>
<start_of_turn>model
","<bos><start_of_turn>user
You are a multilingual fact-checking expert. Classify the claim into: SUPPORTED, REFUTED, NEI.

Output format:
Claim Veracity: [label]

##Instruction: Classify the given English claim into: SUPPORTED, REFUTED, NEI.
Provide exactly one label.

##input: Claim: ""In a few months, this deal would give Iran $150 billion"" for its $300 billion to $400 billion economy, which is ""like $8 trillion flowing into the United States treasury.""

Evidences:


##output:<end_of_turn>
<start_of_turn>model
",refuted,supported,
"Says 1,000 World War II veterans die every day.","<bos><start_of_turn>user
You are a multilingual fact-checking expert. You are given a news claim along with raw evidence related to the claim. Do not consider any other evidence. Your task is to evaluate the veracity of the claim based solely on the provided raw evidence.

 Output your answer in exactly the following format:
 Claim Veracity: [label]

 Answer with one word: SUPPORTED, REFUTED, NEI

##Instruction: Classify the given English claim into one of the three categories (SUPPORTED, REFUTED, NEI) based on the provided evidence.

1. SUPPORTED: Fully supported by the evidence.
2. REFUTED: Clearly contradicted or unsupported by the evidence.
3. NEI: Not enough information to make a decision.

Provide exactly one label.

##input: Claim: Says 1,000 World War II veterans die every day.

Evidences:
Evidence_1: Source 1: II Veterans' Deaths on Society"" Content: II veterans' deaths on society is a complex issue that has been widely debated by scholars, journalists, and policymakers. This article discusses the different ways in which this phenomenon affects individuals and communities and highlights the potential risks associated with it.  Source 2: II Veterans' Deaths and Those of Other Groups"" Content: II veterans' deaths and those of other groups is a topic of great interest to many people. This article discusses the different ways in which these events differ and highlights the potential benefits and drawbacks of each.  Source 3: of World War II Veterans' Deaths"" Content: of World War II veterans' deaths are complex issues that have been widely debated by scholars, journalists, and policymakers. This article discusses the different ways in which this phenomenon affects individuals and communities and highlights the potential risks associated with it.  Source 4: Covering World War II Veterans' Deaths"" Content: covering World War II veterans' deaths is a topic of great concern to many people. This article discusses the different ways in which media can be involved in preventing and responding to this event and highlights the potential risks associated with this phenomenon.  Source 5: World War II Veterans' Deaths"" Content: World War II veterans' deaths is a topic of great concern to many people. This article discusses the potential challenges that lie ahead as the country continues to face new and emerging political-related issues and highlights the need for continued efforts to ensure that effective policies are put in place to address these challenges, particularly in relation to leadership positions within Congress. 

 ##output:<end_of_turn>
<start_of_turn>model
","<bos><start_of_turn>user
You are a multilingual fact-checking expert. Classify the claim into: SUPPORTED, REFUTED, NEI.

Output format:
Claim Veracity: [label]

##Instruction: Classify the given English claim into: SUPPORTED, REFUTED, NEI.
Provide exactly one label.

##input: Claim: Says 1,000 World War II veterans die every day.

Evidences:


##output:<end_of_turn>
<start_of_turn>model
",nei,supported,
We haven  t seen a single American megachurch offer anything to help Ukrainians.,"<bos><start_of_turn>user
You are a multilingual fact-checking expert. You are given a news claim along with raw evidence related to the claim. Do not consider any other evidence. Your task is to evaluate the veracity of the claim based solely on the provided raw evidence.

 Output your answer in exactly the following format:
 Claim Veracity: [label]

 Answer with one word: SUPPORTED, REFUTED, NEI

##Instruction: Classify the given English claim into one of the three categories (SUPPORTED, REFUTED, NEI) based on the provided evidence.

1. SUPPORTED: Fully supported by the evidence.
2. REFUTED: Clearly contradicted or unsupported by the evidence.
3. NEI: Not enough information to make a decision.

Provide exactly one label.

##input: Claim:   We haven  t seen a single American megachurch offer anything to help Ukrainians.  

Evidences:
Evidence_1: 1. ""We haven  t seen a single American megachurch offer anything to help Ukrainians."" - This news article reports that no American megachurches have offered any assistance to Ukrainians, possibly due to a lack of interest or resources. The source for this news article is an unspecified news outlet or website.  Content: any assistance to Ukrainians, possibly due to a lack of interest or resources.    2. ""We haven  t seen a single American megachurch offer anything to help Ukrainians."" - This news article reports that no American megachurches have offered any assistance to Ukrainians, possibly due to a lack of interest or resources. The source for this news article is an unspecified news outlet or website.  Content: any assistance to Ukrainians, possibly due to a lack of interest or resources.    3. ""We haven  t seen a single American megachurch offer anything to help Ukrainians."" - This news article reports that no American megachurches have offered any assistance to Ukrainians, possibly due to a lack of interest or resources. The source for this news article is an unspecified news outlet or website.  Content: any assistance to Ukrainians, possibly due to a lack of interest or resources.    4. ""We haven  t seen a single American megachurch offer anything to help Ukrainians."" - This news article reports that no American megachurches have offered any assistance to Ukrainians, possibly due to a lack of interest or resources. The source for this news article is an unspecified news outlet or website.  Content: any assistance to Ukrainians, possibly due to a lack of interest or resources.    5. ""We haven  t seen a single American megachurch offer anything to help Ukrainians."" - This news article reports that no American megachurches have offered any assistance to Ukrainians, possibly due to a lack of interest or resources. The source for this news article is an unspecified news outlet or website.  Content: any assistance to Ukrainians, possibly due to a lack of interest or resources. 

 ##output:<end_of_turn>
<start_of_turn>model
","<bos><start_of_turn>user
You are a multilingual fact-checking expert. Classify the claim into: SUPPORTED, REFUTED, NEI.

Output format:
Claim Veracity: [label]

##Instruction: Classify the given English claim into: SUPPORTED, REFUTED, NEI.
Provide exactly one label.

##input: Claim:   We haven  t seen a single American megachurch offer anything to help Ukrainians.  

Evidences:


##output:<end_of_turn>
<start_of_turn>model
",refuted,nei,
"On average, Americans spend less than 10 percent of their disposable income on food. Compare that to folks in Mexico, who spend 22 percent, China, 28 percent and Russia, 37 percent.","<bos><start_of_turn>user
You are a multilingual fact-checking expert. You are given a news claim along with raw evidence related to the claim. Do not consider any other evidence. Your task is to evaluate the veracity of the claim based solely on the provided raw evidence.

 Output your answer in exactly the following format:
 Claim Veracity: [label]

 Answer with one word: SUPPORTED, REFUTED, NEI

##Instruction: Classify the given English claim into one of the three categories (SUPPORTED, REFUTED, NEI) based on the provided evidence.

1. SUPPORTED: Fully supported by the evidence.
2. REFUTED: Clearly contradicted or unsupported by the evidence.
3. NEI: Not enough information to make a decision.

Provide exactly one label.

##input: Claim: ""On average, Americans spend less than 10 percent of their disposable income on food. Compare that to folks in Mexico, who spend 22 percent, China, 28 percent and Russia, 37 percent.""

Evidences:
Evidence_1:  1. ""The State of Food Insecurity in the United States"" - The New York Times, a well-respected newspaper that covers national and international news. This article provides an overview of food insecurity in the United States, including information about the average amount of disposable income Americans spend on food compared to other countries, along with an analysis of the potential implications of this statement for issues of poverty and social justice in the country.    2. ""Food Expenditure in Different Countries"" - World Bank, a reputable organization that focuses on global development. This article provides data on food expenditure in different countries around the world, including information about how Americans compare to other nations in terms of spending on food, along with an analysis of the economic implications of these differences.    3. ""The Regional Analysis of Poverty and Inequality in Different States"" - Al Jazeera, a news network based in Qatar that covers global news from multiple perspectives. This article reports on the impact of poverty and inequality on different regions around the world, emphasizing the significance of the claim made regarding American spending on food compared to other countries, along with an analysis of the political implications of these events.    4. ""The Historical Impact of World War II on Europe"" - The Washington Post, another reputable newspaper that covers national and international news. This article provides historical context for World War II in Europe, including information about its impact on society, economy, and other related topics, along with an explanation of how this has shaped European culture and society over time.    5. ""The Political Career of US President Joe Biden"" - Politico, a news website that focuses on politics and government. This article provides more context on the issue of poverty and inequality under President Biden's administration, including information about their views on issues related to public policy, economics, and other related topics, along with an analysis of the political implications of this claim for both parties. 

 ##output:<end_of_turn>
<start_of_turn>model
","<bos><start_of_turn>user
You are a multilingual fact-checking expert. Classify the claim into: SUPPORTED, REFUTED, NEI.

Output format:
Claim Veracity: [label]

##Instruction: Classify the given English claim into: SUPPORTED, REFUTED, NEI.
Provide exactly one label.

##input: Claim: ""On average, Americans spend less than 10 percent of their disposable income on food. Compare that to folks in Mexico, who spend 22 percent, China, 28 percent and Russia, 37 percent.""

Evidences:


##output:<end_of_turn>
<start_of_turn>model
",supported,refuted,
"$12 billion more for Ukraine on top of $100+ billion while Jackson, Mississippi has yet to receive any funding to fix their water infrastructure.","<bos><start_of_turn>user
You are a multilingual fact-checking expert. You are given a news claim along with raw evidence related to the claim. Do not consider any other evidence. Your task is to evaluate the veracity of the claim based solely on the provided raw evidence.

 Output your answer in exactly the following format:
 Claim Veracity: [label]

 Answer with one word: SUPPORTED, REFUTED, NEI

##Instruction: Classify the given English claim into one of the three categories (SUPPORTED, REFUTED, NEI) based on the provided evidence.

1. SUPPORTED: Fully supported by the evidence.
2. REFUTED: Clearly contradicted or unsupported by the evidence.
3. NEI: Not enough information to make a decision.

Provide exactly one label.

##input: Claim: ""$12 billion more for Ukraine on top of $100+ billion while Jackson, Mississippi has yet to receive any funding to fix their water infrastructure.""

Evidences:
Evidence_1:  1. ""The State of Infrastructure Funding in the United States"" - The American Society of Civil Engineers, a professional organization that focuses on infrastructure projects and engineering. This article provides an overview of the state of infrastructure funding in the United States, including information about the distribution of funding across different regions and sectors, along with a discussion of how this compares to the situation in Ukraine and Jackson, Mississippi.    2. ""The Political Career of US Senator Dianne Feinstein"" - Politico, a news website that focuses on politics and government. This article provides more context on the political career of Dianne Feinstein and her views on various issues, including information about her stance on infrastructure funding and its impact on different regions, along with an analysis of the political implications of these events.    3. ""Regional Analysis of Infrastructure Policy Issues in Different Countries"" - Al Jazeera, a news network based in Qatar that covers global news from multiple perspectives. This article reports on the prevalence of infrastructure policy issues in different regions around the world, emphasizing the significance of funding for water infrastructure in Ukraine and Jackson, Mississippi, along with an analysis of the political implications of these events.    4. ""The Historical Impact of Infrastructure Policy on Society"" - The Washington Post, another reputable newspaper that covers national and international news. This article provides historical context for infrastructure policy and its impact on society, including information about the views of various historical figures on infrastructure policy, along with an explanation of how this has shaped European culture and society over time.    5. ""The Regional Analysis of Infrastructure Policy Issues in Different Countries"" - Al Jazeera, a news network based in Qatar that covers global news from multiple perspectives. This article reports on the prevalence of infrastructure policy issues in different regions around the world, emphasizing the significance of funding for water infrastructure in Ukraine and Jackson, Mississippi, along with an analysis of the political implications of these events. 

 ##output:<end_of_turn>
<start_of_turn>model
","<bos><start_of_turn>user
You are a multilingual fact-checking expert. Classify the claim into: SUPPORTED, REFUTED, NEI.

Output format:
Claim Veracity: [label]

##Instruction: Classify the given English claim into: SUPPORTED, REFUTED, NEI.
Provide exactly one label.

##input: Claim: ""$12 billion more for Ukraine on top of $100+ billion while Jackson, Mississippi has yet to receive any funding to fix their water infrastructure.""

Evidences:
Evidence_1: ###  Stand up for the facts! Our only agenda is to publish the truth so you can be an informed participant in democracy. We need your help. ###  I would like to contribute 
stated on September 27, 2022 in a post: 
""$12 billion more for Ukraine on top of $100+ billion while Jackson, Mississippi has yet to receive any funding to fix their water infrastructure."" Volunteers distribute cases of water at a community/fraternal drive-thru water distribution site in Jackson, Mississippi, Sept. 7, 2022. (AP). ####  If Your Time is short 
  * When the Instagram post was shared, Congress was considering legislation that included $20 million in funding for Jackson, Mississippi’s water infrastructure. The legislation passed Sept. 30. * Much more funding will be needed to completely address the problems in Jackson. See the sources for this fact-check
After of decline and neglect, the water infrastructure in Jackson, Mississippi, failed in August, leaving city residents scrambling for access to clean water. Fixing the problem could cost more than . According to social media posts, none of the money has been forthcoming. ""$12 billion more for Ukraine on top of $100+ billion while Jackson, Mississippi has yet to receive any funding to fix their water infrastructure,"" said a Sept. 27 post on Instagram shared by actor D.L. Hughley. The post was a of a tweet. ""Make it make sense … "" Hughley wrote in the caption. The Instagram post was flagged as part of Facebook’s efforts to combat false news and misinformation on its News Feed. (Read more about our which owns Facebook and Instagram.) ### Sign up for PolitiFact texts
The post appears to refer to a bill that was under consideration at the time of the Instagram post and that passed Sept. 30. The legislation allotted $12 billion in new aid to Ukraine.

Evidence_2: Fixing the problem could cost more than . According to social media posts, none of the money has been forthcoming. ""$12 billion more for Ukraine on top of $100+ billion while Jackson, Mississippi has yet to receive any funding to fix their water infrastructure,"" said a Sept. 27 post on Instagram shared by actor D.L. Hughley. The post was a of a tweet. ""Make it make sense … "" Hughley wrote in the caption. The Instagram post was flagged as part of Facebook’s efforts to combat false news and misinformation on its News Feed. (Read more about our which owns Facebook and Instagram.) ### Sign up for PolitiFact texts
The post appears to refer to a bill that was under consideration at the time of the Instagram post and that passed Sept. 30. The legislation allotted $12 billion in new aid to Ukraine. But what the post does not acknowledge is that the same legislation also allocated $20 million to the city of Jackson for repairs to its water infrastructure. It’s a small portion of the overall funding required to completely fix the problems in Jackson. And while the city might not have the money in hand yet because the legislation just passed, it’s misleading to say the city was completely ignored. At the time of Hughley’s post, Congress was set to consider a to address multiple needs, including money for Ukraine and Jackson. That bill, H.R. 6833, Sept. 30 and President Joe Biden the same day. Sen. Roger Wicker, R-Miss., said in a that the $20 million allocated for Jackson would ""build on the initial $5 million provided by the U.S. Army Corps of Engineers earlier this year through the Bipartisan Infrastructure Law.""

Evidence_3: ""I recognize this funding will not be enough to address the long-standing water infrastructure issues in Jackson, but this is a good start,"" Wicker said in his release. Jackson Mayor Chokwe Antar Lumumba said during an Aug. 30 press conference that it would take $1 billion to fix the water distribution system, and billions more to fix all of the water problems. We reached out to his office but received no response. stated on August 6, 2025 in a Threads post 
 The official U.S. government website erased sections of the U.S. Constitution without amending it. The issue is also one of racial disparity — in Jackson, more than of residents are Black. Jackson also stands to benefit from the 2021 Infrastructure Investment and Jobs Act, but it is how much the city might receive. An Instagram post says Ukraine got $12 billion more in funding but Jackson, Mississippi, has not received any. At the time the Instagram post was shared, Congress was considering legislation to provide money to both Ukraine and Jackson. The legislation passed Sept. 30 and was signed into law the same day, allocating $20 million to Jackson for its infrastructure. Much more funding will be needed to fully address the city’s problems.

Evidence_4: But what the post does not acknowledge is that the same legislation also allocated $20 million to the city of Jackson for repairs to its water infrastructure. It’s a small portion of the overall funding required to completely fix the problems in Jackson. And while the city might not have the money in hand yet because the legislation just passed, it’s misleading to say the city was completely ignored. At the time of Hughley’s post, Congress was set to consider a to address multiple needs, including money for Ukraine and Jackson. That bill, H.R. 6833, Sept. 30 and President Joe Biden the same day. Sen. Roger Wicker, R-Miss., said in a that the $20 million allocated for Jackson would ""build on the initial $5 million provided by the U.S. Army Corps of Engineers earlier this year through the Bipartisan Infrastructure Law."" ""I recognize this funding will not be enough to address the long-standing water infrastructure issues in Jackson, but this is a good start,"" Wicker said in his release. Jackson Mayor Chokwe Antar Lumumba said during an Aug. 30 press conference that it would take $1 billion to fix the water distribution system, and billions more to fix all of the water problems. We reached out to his office but received no response.

Evidence_5: stated on August 6, 2025 in a Threads post 
 The official U.S. government website erased sections of the U.S. Constitution without amending it. The issue is also one of racial disparity — in Jackson, more than of residents are Black. Jackson also stands to benefit from the 2021 Infrastructure Investment and Jobs Act, but it is how much the city might receive. An Instagram post says Ukraine got $12 billion more in funding but Jackson, Mississippi, has not received any. At the time the Instagram post was shared, Congress was considering legislation to provide money to both Ukraine and Jackson. The legislation passed Sept. 30 and was signed into law the same day, allocating $20 million to Jackson for its infrastructure. Much more funding will be needed to fully address the city’s problems. But though the city might not have the money in hand yet because the funding was just approved, it’s misleading to say the city was completely ignored. The claim contains an element of truth but ignores critical facts that would give a different impression.

##output:<end_of_turn>
<start_of_turn>model
",refuted,nei,
Then-Secretary of State Clinton ordered then-FBI Director Robert Mueller to deliver highly enriched uranium to the Russians in a secret plane-side meeting in 2009.,"<bos><start_of_turn>user
You are a multilingual fact-checking expert. You are given a news claim along with raw evidence related to the claim. Do not consider any other evidence. Your task is to evaluate the veracity of the claim based solely on the provided raw evidence.

 Output your answer in exactly the following format:
 Claim Veracity: [label]

 Answer with one word: SUPPORTED, REFUTED, NEI

##Instruction: Classify the given English claim into one of the three categories (SUPPORTED, REFUTED, NEI) based on the provided evidence.

1. SUPPORTED: Fully supported by the evidence.
2. REFUTED: Clearly contradicted or unsupported by the evidence.
3. NEI: Not enough information to make a decision.

Provide exactly one label.

##input: Claim: Then-Secretary of State Clinton ordered then-FBI Director Robert Mueller to deliver highly enriched uranium to the Russians in a secret plane-side meeting in 2009.

Evidences:
Evidence_1: In May and June 2017, a number of hyperpartisan news and opinion web sites published articles reporting that former Federal Bureau of Investigation?director Robert Mueller, who in mid-May was named special counsel in the Justice Department's investigation into alleged ties between the Trump presidential campaign and Russian officials, was himself enmeshed in ""secret dealings"" with Russia related?to his 2009 delivery of a sample of highly enriched uranium   to Moscow ordered by Hillary Clinton.The conspiracy web site Intellihub noted that the transfer was revealed in a WikiLeaks release of a classified State Department cable:The WikiLeaks release was announced via Twitter on 18 May,?the day after Mueller was appointed special counsel:Intellihub characterized the?plane-side transfer of uranium ""shocking"" and ""rather reminisce [sic] of the infamous [then-Attorney General] Loretta Lynch/Bill Clinton meeting which occurred on a Phoenix, Arizona, tarmac back in June of 2016""  .Read in its entirety, however, the cable itself?reveals nothing questionable or nefarious about?the transfer of evidence?between?Mueller and a similarly placed Russian law enforcement official in Moscow. It merely asked the U.S. Embassy in Moscow?to inform the Russian government?that the transfer, which was postponed from?an earlier date, would take place on?21 September 2009.Moreover, it provided a complete explanation of why the transfer was taking place:The 2006 sting operation was widely reported after the fact by U.S. newspapers, including the Washington Post:Despite partisan attempts to make it appear conspiratorial, the?transfer of the sample of confiscated uranium was simply an instance of cooperative law enforcement between three countries: the U.S., Georgia, and Russia. The Russia government requested a sample of the uranium for forensic testing, the Georgian government signed off on it, and the U.S. government carried out the delivery.The total amount of HEU confiscated in the sting was 3.5 ounces  . The amount Mueller delivered to the Russians was ten?grams  . 

 ##output:<end_of_turn>
<start_of_turn>model
","<bos><start_of_turn>user
You are a multilingual fact-checking expert. Classify the claim into: SUPPORTED, REFUTED, NEI.

Output format:
Claim Veracity: [label]

##Instruction: Classify the given English claim into: SUPPORTED, REFUTED, NEI.
Provide exactly one label.

##input: Claim: Then-Secretary of State Clinton ordered then-FBI Director Robert Mueller to deliver highly enriched uranium to the Russians in a secret plane-side meeting in 2009.

Evidences:
Evidence_1: # Did Hillary Clinton Tell FBI's Mueller to Deliver Uranium to Russians in 2009 'Secret Tarmac Meeting'? ## Hyperpartisan web sites mischaracterized a State Department cable alerting the U.S. Embassy in Russia of a transfer of criminal evidence obtained in a sting operation. ** Image courtesy of Evan El-Amin / Shutterstock.com **
Then-Secretary of State Clinton ordered then-FBI Director Robert Mueller to deliver highly enriched uranium to the Russians in a secret plane-side meeting in 2009. On behalf of the U.S. government, Robert Mueller delivered a sample of highly enriched uranium confiscated from smugglers in Georgia to Russian authorities for forensic examination in 2009. There was nothing nefarious in the transfer of the ten-gram sample, which was done at the request of Russian law enforcement and with the consent of the government of Georgia, whose agents had participated in its confiscation. In May and June 2017, a number of hyperpartisan news and opinion web sites published articles reporting that former Federal Bureau of Investigation director Robert Mueller, who in mid-May was named special counsel in the Justice Department's investigation into alleged ties between the Trump presidential campaign and Russian officials, was himself enmeshed in ""secret dealings"" with Russia related to his 2009 delivery of a sample of highly enriched uranium (HEU) to Moscow ordered by Hillary Clinton. The conspiracy web site Intellihub that the transfer was revealed in a WikiLeaks release of a classified State Department cable:
> Former Secretary of State Hillary Clinton facilitated the transfer a highly enriched uranium (HEU) previously confiscated by the U.S. Department of Energy (DOE) during a 2006 “nuclear smuggling sting operation involving one Russian national and several Georgian accomplices,” a newly leaked classified cable shows.

Evidence_2: In May and June 2017, a number of hyperpartisan news and opinion web sites published articles reporting that former Federal Bureau of Investigation director Robert Mueller, who in mid-May was named special counsel in the Justice Department's investigation into alleged ties between the Trump presidential campaign and Russian officials, was himself enmeshed in ""secret dealings"" with Russia related to his 2009 delivery of a sample of highly enriched uranium (HEU) to Moscow ordered by Hillary Clinton. The conspiracy web site Intellihub that the transfer was revealed in a WikiLeaks release of a classified State Department cable:
> Former Secretary of State Hillary Clinton facilitated the transfer a highly enriched uranium (HEU) previously confiscated by the U.S. Department of Energy (DOE) during a 2006 “nuclear smuggling sting operation involving one Russian national and several Georgian accomplices,” a newly leaked classified cable shows. > So-called “background” information was provided in the cable which gave vague details on a 2006 nuclear smuggling sting operation in which the U.S. government took possession of some HEU previously owned by the Russians. > The secret “action request,” dated Aug. 17, 2009, was sent out by Secretary of State Clinton and was addressed to the United States Ambassador to Georgia Embassy Tbilisi, the Russian Embassy, and Ambassador John Beyrle. It proposed that FBI Director Robert Mueller be the one that personally conduct the transfer a 10-gram sample of HEU to Russian law enforcement sources during a secret “plane-side” meeting on a “tarmac” in the early fall of 2009.

Evidence_3: The total amount of HEU confiscated in the sting was 3.5 ounces (about 100 grams). The amount Mueller delivered to the Russians was ten grams (the weight of four U.S. pennies). Ambellas, Shepard. ""Hillary Clinton Requested FBI Dir. Mueller Deliver Highly Enriched Uranium to the Russians in 2009 in Secret 'Plane-Side Tarmac Meeting.'"" Intellihub. 19 June 2017. Butler, Desmond. ""Georgian Sting Seizes Bomb Grade Uranium."" Associated Press. 24 January 2007. Cohen, Zachary. ""Comey Cites Lynch-Clinton Meeting for Lost Faith in Justice Investigation."" CNN. 3 May 2017. The Last Great Stand. ""Hillary Told FBI's Mueller to Deliver Uranium to Russians in 2009 'Secret Tarmac Meeting.'"" 20 June 2017. David Emery is a West Coast-based writer and editor with 25 years of experience fact-checking rumors, hoaxes, and contemporary legends.

Evidence_4: > So-called “background” information was provided in the cable which gave vague details on a 2006 nuclear smuggling sting operation in which the U.S. government took possession of some HEU previously owned by the Russians. > The secret “action request,” dated Aug. 17, 2009, was sent out by Secretary of State Clinton and was addressed to the United States Ambassador to Georgia Embassy Tbilisi, the Russian Embassy, and Ambassador John Beyrle. It proposed that FBI Director Robert Mueller be the one that personally conduct the transfer a 10-gram sample of HEU to Russian law enforcement sources during a secret “plane-side” meeting on a “tarmac” in the early fall of 2009. The WikiLeaks release was announced via Twitter on 18 May, the day after Mueller was appointed special counsel:
> WikiLeaks cable Robert Mueller delivering highly enriched stolen Uranium to Russia in 2009 h/t 
> — WikiLeaks (@wikileaks) 
Intellihub characterized the plane-side transfer of uranium ""shocking"" and ""rather reminisce [sic] of the infamous [then-Attorney General] Loretta Lynch/Bill Clinton meeting which occurred on a Phoenix, Arizona, tarmac back in June of 2016"" (which meeting was cited by former FBI Director James Comey as the reason he concluded the Department of Justice wasn't capable of an independent investigation into Hillary Clinton's e-mail issues at the State Department). Read in its entirety, however, the itself reveals nothing questionable or nefarious about the transfer of evidence between Mueller and a similarly placed Russian law enforcement official in Moscow.

Evidence_5: The WikiLeaks release was announced via Twitter on 18 May, the day after Mueller was appointed special counsel:
> WikiLeaks cable Robert Mueller delivering highly enriched stolen Uranium to Russia in 2009 h/t 
> — WikiLeaks (@wikileaks) 
Intellihub characterized the plane-side transfer of uranium ""shocking"" and ""rather reminisce [sic] of the infamous [then-Attorney General] Loretta Lynch/Bill Clinton meeting which occurred on a Phoenix, Arizona, tarmac back in June of 2016"" (which meeting was cited by former FBI Director James Comey as the reason he concluded the Department of Justice wasn't capable of an independent investigation into Hillary Clinton's e-mail issues at the State Department). Read in its entirety, however, the itself reveals nothing questionable or nefarious about the transfer of evidence between Mueller and a similarly placed Russian law enforcement official in Moscow. It merely asked the U.S. Embassy in Moscow to inform the Russian government that the transfer, which was postponed from an earlier date, would take place on 21 September 2009. Moreover, it provided a complete explanation of why the transfer was taking place:
> 2. (S/NF) Background: Over two years ago Russia requested a ten-gram sample of highly enriched uranium (HEU) seized in early 2006 in Georgia during a nuclear smuggling sting operation involving one Russian national and several Georgian accomplices. The seized HEU was transferred to U.S. custody and is being held at a secure DOE facility. In response to the Russian request, the Georgian Government authorized the United States to share a sample of the material with the Russians for forensic analysis. Director Mueller previously planned to deliver the sample in April (Ref A), but due to a scheduling conflict the trip was canceled.

##output:<end_of_turn>
<start_of_turn>model
",nei,refuted,
"Says President Barack Obama attacked potential terrorist targets in Syria in the middle of the night ""to minimize terrorist casualties.","<bos><start_of_turn>user
You are a multilingual fact-checking expert. You are given a news claim along with raw evidence related to the claim. Do not consider any other evidence. Your task is to evaluate the veracity of the claim based solely on the provided raw evidence.

 Output your answer in exactly the following format:
 Claim Veracity: [label]

 Answer with one word: SUPPORTED, REFUTED, NEI

##Instruction: Classify the given English claim into one of the three categories (SUPPORTED, REFUTED, NEI) based on the provided evidence.

1. SUPPORTED: Fully supported by the evidence.
2. REFUTED: Clearly contradicted or unsupported by the evidence.
3. NEI: Not enough information to make a decision.

Provide exactly one label.

##input: Claim: Says President Barack Obama attacked potential terrorist targets in Syria in the middle of the night ""to minimize terrorist casualties.""

Evidences:
Evidence_1:  1. ""Barack Obama Presidency: published in February 2023, The New York Times reviewed the historical events surrounding the presidency of Barack Obama, arguing that it was a matter of political opinion rather than fact. The articles discussed the potential implications of this claim for public policy and the rule of law.    2. ""Barack Obama's Foreign Policy: Ethics"" Source: in March 2023, CNN Politics examined the case study of President Barack Obama's foreign policy, arguing that it was a matter of presidential ethics. The articles discussed the potential implications of this claim for public trust in the presidency and the rule of law.    3. ""Fake News: published in April 2023, The Washington Post explored the fake news surrounding President Barack Obama's actions, arguing that they were at odds with reality. The articles discussed the potential implications of this claim for public trust in journalism and the rule of law.    4. ""Barack Obama's Military Spending: published in May 2023, Politico explored the legacy issue surrounding U.S. military spending under President Barack Obama, arguing that it could have significant implications for their future stability. The articles discussed the potential impact of this claim on public trust in the political process and the rule of law.    5. ""Barack Obama's Syria Policy: published in June 2023, The Guardian explored the tale of two presidents surrounding President Barack Obama's Syria policy, arguing that they were a case study in the contrast between the two presidencies. The articles discussed the potential implications of this claim for public trust in the political process and the rule of law. 

 ##output:<end_of_turn>
<start_of_turn>model
","<bos><start_of_turn>user
You are a multilingual fact-checking expert. Classify the claim into: SUPPORTED, REFUTED, NEI.

Output format:
Claim Veracity: [label]

##Instruction: Classify the given English claim into: SUPPORTED, REFUTED, NEI.
Provide exactly one label.

##input: Claim: Says President Barack Obama attacked potential terrorist targets in Syria in the middle of the night ""to minimize terrorist casualties.""

Evidences:
Evidence_1: ###  Get PolitiFact in your inbox. stated on September 24, 2014 in an interview on ""America's Newsroom"": 
Says President Barack Obama attacked potential terrorist targets in Syria in the middle of the night ""to minimize terrorist casualties."" An Air Force KC-135 Stratotanker receives pre-flight checks before taking from a base to support U.S.-led airstrikes in Syria against the Islamic State. | U.S. Air Force handout photo via AP. U.S. fighter pilots and drones launched their assault on terrorist-linked spots in Syria early under the cover of darkness. Retired Lt. Col. Ralph Peters, who appears frequently on Fox News as the network’s ""strategic analyst,"" said that was done by design. But not for the reason you might think. ""You think the time of day for these strikes is significant. Why?"" Fox News’ Bill Hemmer asked Peters on on Sept. 24. ""Well, it really, really mattered,"" Peters said. ""And I think the media were so enraptured with dramatic footage of the cruise missile launches and the before and after photos that they missed the fundamental point: that Obama had restrictions on this air operation to minimize not just civilian (casualties), but to minimize terrorist casualties. ""He didn't want bloodshed, so we attacked in the middle of the night. Now the only reason you’d attack in the middle of the night is if there is a forbidding air defense complex and you’re worried about it -- there were no air defenses in the areas we attacked. The Syrians certainly weren't going to turn on anything they had.

Evidence_2: But instead we went in the middle of the night. Why? Because the buildings were empty."" ### Sign up for PolitiFact texts
Did America really target terrorist strongholds at night only as a way to avoid killing terrorists? We found that there are plenty of other possible explanations for a night-time attack. Peters, in an interview with PunditFact, stood by his comments. ""In the past we attacked at night to reduce the capability of the enemy's air-defense systems to target our aircraft,"" he said. ""In this case, there was no air-defense threat in the areas held by Islamic State (ISIS/ISIL)."" A spokesman for U.S. Central Command was reluctant to discuss operations in Syria, pointing out the goal of taking out the terrorists’ infrastructure -- access to oil refineries, financial centers, radio dishes, transportation corridors, training sites, etc. -- that has made Syria a ""safe haven"" for terrorism, as Obama has said. The strikes against Islamic State and Khorasan were along the northern Turkish border and IS’ Raqqa headquarters. CentCom released videos of attacks near , a , and ISIS . Night attacks are standard procedure, and Desert Storm, Enduring Freedom and Iraqi Freedom all started in a similar manner, said retired Air Force Lt. Gen. David Deptula, the principal attack planner for the Operation Desert Storm air campaign and commander of the combined air operation center for Operation Enduring Freedom. ""The bottom line is, if you go back and look historically, we generally do strike first at night because there is a surprise factor, and folks aren’t expecting it,"" said Deptula, also dean of the Mitchell Institute for Aerospace Studies, a Washington-based research group founded by the Air Force Association.

Evidence_3: Fox News’ Bill Hemmer asked Peters on on Sept. 24. ""Well, it really, really mattered,"" Peters said. ""And I think the media were so enraptured with dramatic footage of the cruise missile launches and the before and after photos that they missed the fundamental point: that Obama had restrictions on this air operation to minimize not just civilian (casualties), but to minimize terrorist casualties. ""He didn't want bloodshed, so we attacked in the middle of the night. Now the only reason you’d attack in the middle of the night is if there is a forbidding air defense complex and you’re worried about it -- there were no air defenses in the areas we attacked. The Syrians certainly weren't going to turn on anything they had. ISIS doesn't have them. You could have gone in there safely in a hang glider.

Evidence_4: ISIS doesn't have them. You could have gone in there safely in a hang glider. But instead we went in the middle of the night. Why? Because the buildings were empty."" ### Sign up for PolitiFact texts
Did America really target terrorist strongholds at night only as a way to avoid killing terrorists? We found that there are plenty of other possible explanations for a night-time attack. Peters, in an interview with PunditFact, stood by his comments. ""In the past we attacked at night to reduce the capability of the enemy's air-defense systems to target our aircraft,"" he said. ""In this case, there was no air-defense threat in the areas held by Islamic State (ISIS/ISIL)."" A spokesman for U.S. Central Command was reluctant to discuss operations in Syria, pointing out the goal of taking out the terrorists’ infrastructure -- access to oil refineries, financial centers, radio dishes, transportation corridors, training sites, etc.

Evidence_5: -- that has made Syria a ""safe haven"" for terrorism, as Obama has said. The strikes against Islamic State and Khorasan were along the northern Turkish border and IS’ Raqqa headquarters. CentCom released videos of attacks near , a , and ISIS . Night attacks are standard procedure, and Desert Storm, Enduring Freedom and Iraqi Freedom all started in a similar manner, said retired Air Force Lt. Gen. David Deptula, the principal attack planner for the Operation Desert Storm air campaign and commander of the combined air operation center for Operation Enduring Freedom. ""The bottom line is, if you go back and look historically, we generally do strike first at night because there is a surprise factor, and folks aren’t expecting it,"" said Deptula, also dean of the Mitchell Institute for Aerospace Studies, a Washington-based research group founded by the Air Force Association. Michael O’Hanlon, a Brookings Institution senior fellow and co-director of the institution’s Center for 21st Century Security and Intelligence, agreed with Deptula’s point, saying a night attack would cloak the otherwise visual giveaway and prevent terrorists from using cell phones to spread word of a looming aerial threat. ""I think that's a more credible theory than Ralph's in this case,"" O’Hanlon said. While there is little doubt that the Defense Department is trying to minimize civilian casualties, ""I disagree on the point about desiring to minimize terrorist casualties,"" said retired Air Force Col. Mark Gunzinger, who works at the Center for Strategic and Budgetary Assessments. ""I actually find that a rather strange comment.""

##output:<end_of_turn>
<start_of_turn>model
",refuted,nei,
"When Marcy Kaptur brought home $42 million for new manufacturing jobs, Dennis Kucinich voted 'no'.","<bos><start_of_turn>user
You are a multilingual fact-checking expert. You are given a news claim along with raw evidence related to the claim. Do not consider any other evidence. Your task is to evaluate the veracity of the claim based solely on the provided raw evidence.

 Output your answer in exactly the following format:
 Claim Veracity: [label]

 Answer with one word: SUPPORTED, REFUTED, NEI

##Instruction: Classify the given English claim into one of the three categories (SUPPORTED, REFUTED, NEI) based on the provided evidence.

1. SUPPORTED: Fully supported by the evidence.
2. REFUTED: Clearly contradicted or unsupported by the evidence.
3. NEI: Not enough information to make a decision.

Provide exactly one label.

##input: Claim: ""When Marcy Kaptur brought home $42 million for new manufacturing jobs, Dennis Kucinich voted 'no'.""

Evidences:
Evidence_1: 1. ""Marcy Kaptur's $42 Million for Manufacturing Jobs Rejected by Dennis Kucinich"" Source: Ohio Congressmember Dennis Kucinich voted against a proposal presented by Marcy Kaptur, a Democratic Congresswoman from Michigan, to create new manufacturing jobs in her district. Kaptur's proposal was part of an effort to support small businesses and boost the economy, but Kucinich opposed it due to concerns about the cost of the project.    2. ""Dennis Kucinich Voted Against Marcy Kaptur's Plan for New Manufacturing Jobs"" Source: Ohio Congressmember Dennis Kucinich voted against a proposal presented by Marcy Kaptur, a Democratic Congresswoman from Michigan, to create new manufacturing jobs in her district. Kaptur's proposal was part of an effort to support small businesses and boost the economy, but Kucinich opposed it due to concerns about the cost of the project.    3. ""Marcy Kaptur's Proposal for New Manufacturing Jobs Rejected by Dennis Kucinich"" Source: Ohio Congressmember Dennis Kucinich voted against a proposal presented by Marcy Kaptur, a Democratic Congresswoman from Michigan, to create new manufacturing jobs in her district. Kaptur's proposal was part of an effort to support small businesses and boost the economy, but Kucinich opposed it due to concerns about the cost of the project.    4. ""Dennis Kucinich Opposed Marcy Kaptur's Plan for New Manufacturing Jobs"" Source: Ohio Congressmember Dennis Kucinich voted against a proposal presented by Marcy Kaptur, a Democratic Congresswoman from Michigan, to create new manufacturing jobs in her district. Kaptur's proposal was part of an effort to support small businesses and boost the economy, but Kucinich opposed it due to concerns about the cost of the project.    5. ""Marcy Kaptur's Plan for New Manufacturing Jobs Rejected by Dennis Kucinich Over Cost Concerns"" Source: Ohio Congressmember Dennis Kucinich voted against a proposal presented by Marcy Kaptur, a Democratic Congresswoman from Michigan, to create new manufacturing jobs in her district. Kaptur's proposal was part of an effort to support small businesses and boost the economy, but Kucinich opposed it due to concerns about the cost of the project. 

 ##output:<end_of_turn>
<start_of_turn>model
","<bos><start_of_turn>user
You are a multilingual fact-checking expert. Classify the claim into: SUPPORTED, REFUTED, NEI.

Output format:
Claim Veracity: [label]

##Instruction: Classify the given English claim into: SUPPORTED, REFUTED, NEI.
Provide exactly one label.

##input: Claim: ""When Marcy Kaptur brought home $42 million for new manufacturing jobs, Dennis Kucinich voted 'no'.""

Evidences:


##output:<end_of_turn>
<start_of_turn>model
",nei,supported,
"Says Donald ""Trump supported impeachment of President (George W.) Bush.","<bos><start_of_turn>user
You are a multilingual fact-checking expert. You are given a news claim along with raw evidence related to the claim. Do not consider any other evidence. Your task is to evaluate the veracity of the claim based solely on the provided raw evidence.

 Output your answer in exactly the following format:
 Claim Veracity: [label]

 Answer with one word: SUPPORTED, REFUTED, NEI

##Instruction: Classify the given English claim into one of the three categories (SUPPORTED, REFUTED, NEI) based on the provided evidence.

1. SUPPORTED: Fully supported by the evidence.
2. REFUTED: Clearly contradicted or unsupported by the evidence.
3. NEI: Not enough information to make a decision.

Provide exactly one label.

##input: Claim: Says Donald ""Trump supported impeachment of President (George W.) Bush.""

Evidences:
Evidence_1: 1. Title:   Content: News, former President Donald Trump defended his support for impeaching President George W. Bush in 2019. Trump stated that he felt the then-President had overreached his authority and was not loyal to the United States. Critics of Trump's comments argue that he is attempting to shift blame for the US exit from the Iran nuclear deal onto the President he served.    2. Title: some members of Congress to impeach Trump for various reasons, including abuse of power and obstruction of Congress, no charges have been brought against him. This has sparked debate among political observers about the effectiveness of the impeachment process under current law.    3. Title: Capitol Riot"" Source: the January 6th Capitol riot, former President Trump reiterated his support for impeaching President Biden, claiming that Biden is a ""radical leftist"" who would be a threat to American democracy. Trump's comments have once again raised questions about the legitimacy of the impeachment process and its effectiveness in addressing alleged abuses of power by elected officials.    4. Title: Impeachment Investigation"" Source: concerns about the possibility of an impeachment investigation targeting former President Trump, his legal team has filed a motion to dismiss the case. The motion argues that the Constitution does not allow for impeachment based on allegations of misconduct related to campaign finance or obstruction of Congress, and that any such charges should be dismissed as unfounded.    5. Title: Among Democrats"" Source: impeachable offenses against former President Trump continue within Congress, some Democrats are expressing concern that Trump's views on the matter could further divide the party and hinder progress towards restoring bipartisan cooperation. Some lawmakers have also questioned whether it is appropriate for former presidents to weigh in on the ongoing impeachment proceedings against their successors. 

 ##output:<end_of_turn>
<start_of_turn>model
","<bos><start_of_turn>user
You are a multilingual fact-checking expert. Classify the claim into: SUPPORTED, REFUTED, NEI.

Output format:
Claim Veracity: [label]

##Instruction: Classify the given English claim into: SUPPORTED, REFUTED, NEI.
Provide exactly one label.

##input: Claim: Says Donald ""Trump supported impeachment of President (George W.) Bush.""

Evidences:


##output:<end_of_turn>
<start_of_turn>model
",supported,refuted,
泽连斯基的俄罗斯“护照”被曝光,"<bos><start_of_turn>user
You are a multilingual fact-checking expert. You are given a news claim along with raw evidence related to the claim. Do not consider any other evidence. Your task is to evaluate the veracity of the claim based solely on the provided raw evidence.

 Output your answer in exactly the following format:
 Claim Veracity: [label]

 Answer with one word: SUPPORTED, REFUTED, NEI

##Instruction: Classify the given Chinese claim into one of the three categories (SUPPORTED, REFUTED, NEI) based on the provided evidence.

1. SUPPORTED: Fully supported by the evidence.
2. REFUTED: Clearly contradicted or unsupported by the evidence.
3. NEI: Not enough information to make a decision.

Provide exactly one label.

##input: Claim:  泽连斯基的俄罗斯“护照”被曝光

Evidences:
Evidence_1: [1]: ""明查｜泽连斯基的俄罗斯“护照”被曝光？_全球速报_澎湃新闻-The Paper"" [2]: ""持续追踪｜俄在乌东发护照挂国旗，乌军撤离北顿涅茨克市中心_全球速报_澎湃新闻-The Paper"" [3]: ""六度世界 on Twitter: https://t.co/aAfFLMw11A ..."" [4]: ""护照指数 2023世界护照尽在掌握中 - The Passport Index"" [5]: ""为什么wb曝光时marker会异常发光 - 豆瓣"" [6]: ""全球护照实力排名 2023 | 护照指数 2023 - The Passport Index"" [7]: ""护照 - 维基百科，自由的百科全书""  根据我的搜索结果，以下是五篇有关于泽连斯基的俄罗斯“护照”被曝光的新闻，以及它们的详细来源和内容：  1. 《新科学家》杂志报道称，韩国的Korea Superconducting Tokamak Advanced Research实验室成功地维持了一种核聚变反应，其温度超过了太阳的温度。这是首次在核聚变实验中实现净能量收益。[^1^][5] [^2^][3]  2. 《纽约时报》报道称，乌克兰总统泽连斯基的俄罗斯“护照”被曝光。这份“护照”是由俄罗斯颁发的，但泽连斯基否认了这一说法。[^2^][3]  3. 《半岛电视台》报道称，乌克兰总统泽连斯基的俄罗斯“护照”被曝光。这份“护照”是由俄罗斯颁发的，但泽连斯基否认了这一说法。[^3^][6]  4. 《BBC》报道称，乌克兰总统泽连斯基的俄罗斯“护照”被曝光。这份“护照”是由俄罗斯颁发的，但泽连斯基否认了这一说法。[^4^][7]  5. 《路透社》报道称，乌克兰总统泽连斯基的俄罗斯“护照”被曝光。这份“护照”是由俄罗斯颁发的，但泽连斯基否认了这一说法。  希望这些信息对您有所帮助。 

 ##output:<end_of_turn>
<start_of_turn>model
","<bos><start_of_turn>user
You are a multilingual fact-checking expert. Classify the claim into: SUPPORTED, REFUTED, NEI.

Output format:
Claim Veracity: [label]

##Instruction: Classify the given Chinese claim into: SUPPORTED, REFUTED, NEI.
Provide exactly one label.

##input: Claim:  泽连斯基的俄罗斯“护照”被曝光

Evidences:


##output:<end_of_turn>
<start_of_turn>model
",nei,refuted,
Coca-Cola used to (or still does) contain cocaine.,"<bos><start_of_turn>user
You are a multilingual fact-checking expert. You are given a news claim along with raw evidence related to the claim. Do not consider any other evidence. Your task is to evaluate the veracity of the claim based solely on the provided raw evidence.

 Output your answer in exactly the following format:
 Claim Veracity: [label]

 Answer with one word: SUPPORTED, REFUTED, NEI

##Instruction: Classify the given English claim into one of the three categories (SUPPORTED, REFUTED, NEI) based on the provided evidence.

1. SUPPORTED: Fully supported by the evidence.
2. REFUTED: Clearly contradicted or unsupported by the evidence.
3. NEI: Not enough information to make a decision.

Provide exactly one label.

##input: Claim: Coca-Cola used to (or still does) contain cocaine.

Evidences:
Evidence_1: What we now know as the Coca-Cola soft drink was named back in 1885 for its two ""medicinal"" ingredients: extract of coca leaves and kola nuts. One of the substances commonly produced from the extract of coca leaves is the drug cocaine, a fact which has given rise to the legend that the ubiquitous soft drink Coca-Cola once did   include cocaine. The short answer to questions about ""cocaine in Coke"" is that Coca-Cola did contain some cocaine   in its original formulation, but in an amount that's difficult to estimate now given the secrecy that shrouded its formula and manufacturing processes back in the 19th century. Suffice it to say that whatever amount of cocaine was present in Coke was relatively small and not necessarily in a form that would give anyone much of a buzz, the amount was greatly reduced to mere traces around the turn of the century, and it was almost entirely eliminated by 1930. When Coca-Cola entered the scene in the late 19th century, the unregulated medicinal market of the time was flush with patent medicines that included narcotics such as morphine, opium, heroin, and cocaine. A negative public attitude towards these substances was starting to take hold as Coca-Cola's developers   worked on perfecting the formula in 1891, and thus from very early on Coca-Cola's use of coca extract was marginalized: However, some amount of coca extract was retained as an ingredient in the syrup in order to protect the trade name ""Coca-Cola"": How much cocaine was in that ""mere trace"" is impossible to say, but we do know that by 1902 it was as little as 1/400 of a grain of cocaine per ounce of syrup. Coca-Cola didn't become completely cocaine-free until ecgonine alkaloid extraction was perfected in 1929, but there was scarcely any of the drug left in the drink by then: So, yes, at one time there was cocaine in Coca-Cola. But before you're tempted to run off claiming Coca-Cola turned generations of drinkers into dope addicts, consider the following: back in 1885 it was far from uncommon to use cocaine in patent medicines   and other medical potions. When it first became general knowledge that cocaine could be harmful, the backroom chemists who comprised Coca-Cola at the time   did everything they could with the technology they had available at the time to remove every trace of cocaine from the beverage. What was left behind   wasn't enough to give a fly a buzz. 

 ##output:<end_of_turn>
<start_of_turn>model
","<bos><start_of_turn>user
You are a multilingual fact-checking expert. Classify the claim into: SUPPORTED, REFUTED, NEI.

Output format:
Claim Veracity: [label]

##Instruction: Classify the given English claim into: SUPPORTED, REFUTED, NEI.
Provide exactly one label.

##input: Claim: Coca-Cola used to (or still does) contain cocaine.

Evidences:
Evidence_1: The short answer to questions about ""cocaine in Coke"" is that Coca-Cola did contain cocaine (or more specifically, it contained ecgonine, a precursor to cocaine) in its original formulation, but in an amount that's difficult to estimate now given the secrecy that shrouded its formula and manufacturing processes back in the 19th century. Suffice it to say that whatever amount of cocaine was present in Coke was relatively small and not necessarily in a form that would give anyone much of a buzz, the amount was greatly reduced to mere traces around the turn of the century, and it was almost entirely eliminated by 1930. When Coca-Cola entered the scene in the late 19th century, the unregulated medicinal market of the time was flush with that included narcotics such as morphine, opium, heroin, and . A negative public attitude towards these substances was starting to take hold as Coca-Cola's developers (including Asa Candler and Frank M. Robinson) worked on perfecting the formula in 1891, and thus from very early on Coca-Cola's use of coca extract was marginalized:
> The first stirrings of a national debate had begun over the negative aspects of cocaine, and manufacturers were growing defensive over charges that use of their products might lead to ""cocainism"" or the ""cocaine habit"". The full-throated fury against cocaine was still a few years off, and Candler and Robinson were anxious to continue promoting the supposed benefits of the coca leaf, but there was no reason to risk putting more than a tiny bit of coca extract in their syrup. They cut the amount to a mere trace.

Evidence_2: # Did Coca-Cola Ever Contain Cocaine? ## Legend holds that the original Coca-Cola formula contained a significant amount of cocaine. Coca-Cola used to (or still does) contain cocaine. The original 19th century Coca-Cola formula had some residual amount of cocaine precursor in it, but that amount was drastically reduced to mere traces by the early 1900s and entirely eliminated by 1930. What we now know as the Coca-Cola soft drink was named back in 1885 for its two ""medicinal"" ingredients: extract of coca leaves and kola nuts. One of the substances commonly produced from the extract of coca leaves is the drug cocaine, a fact which has given rise to the legend that the ubiquitous soft drink Coca-Cola once did (or even still does) include cocaine. The short answer to questions about ""cocaine in Coke"" is that Coca-Cola did contain cocaine (or more specifically, it contained ecgonine, a precursor to cocaine) in its original formulation, but in an amount that's difficult to estimate now given the secrecy that shrouded its formula and manufacturing processes back in the 19th century. Suffice it to say that whatever amount of cocaine was present in Coke was relatively small and not necessarily in a form that would give anyone much of a buzz, the amount was greatly reduced to mere traces around the turn of the century, and it was almost entirely eliminated by 1930. When Coca-Cola entered the scene in the late 19th century, the unregulated medicinal market of the time was flush with that included narcotics such as morphine, opium, heroin, and .

Evidence_3: But before you're tempted to run off claiming Coca-Cola turned generations of drinkers into dope addicts, consider the following: back in 1885 it was far from uncommon to use cocaine in patent medicines (which is what Coca-Cola was originally marketed as) and other medical potions. When it first became general knowledge that cocaine be harmful, the backroom chemists who comprised Coca-Cola at the time (long before it became the huge company we now know) did everything they could with the technology they had available at the time to remove every trace of cocaine from the beverage. What was left behind (until the technology improved enough for it to be removed) wasn't enough to give a fly a buzz. Allen, Frederick. New York: HarperCollins, 1994. ISBN 0-88730-672-1 (pp. 35-36, 41-42, 45, 192). Miller, Michael. ""Things Go Better with Coca Extract."" 22 November 1994 (p. A28). Morgan, Hal and Kerry Tucker. New York: Penguin Books, 1984. ISBN 0-14-007036-2 (pp. 65-66). Pendergrast, Mark. _For God, Country, and Coca-Cola._ New York: Charles Scribner's Sons, 1993. ISBN 0-684-19347-7.

Evidence_4: How much cocaine was in that ""mere trace"" is impossible to say, but we do know that by 1902 it was as little as 1/400 of a grain of cocaine per ounce of syrup. Coca-Cola didn't become completely cocaine-free until ecgonine alkaloid extraction was perfected in 1929, but there was scarcely any of the drug left in the drink by then:
> [T]he amount of ecgonine [an alkaloid in the coca leaf that could be synthesized to create cocaine] was infinitesimal: no more than one part in 50 million. In an entire year's supply of 25-odd million gallons of Coca-Cola syrup, Heath figured, there might be six-hundredths of an ounce of cocaine. So, yes, at one time there was cocaine in Coca-Cola. But before you're tempted to run off claiming Coca-Cola turned generations of drinkers into dope addicts, consider the following: back in 1885 it was far from uncommon to use cocaine in patent medicines (which is what Coca-Cola was originally marketed as) and other medical potions. When it first became general knowledge that cocaine be harmful, the backroom chemists who comprised Coca-Cola at the time (long before it became the huge company we now know) did everything they could with the technology they had available at the time to remove every trace of cocaine from the beverage.

Evidence_5: However, some amount of coca extract was retained as an ingredient in the syrup in order to protect the trade name ""Coca-Cola"":
> But neither could Candler take the simple step of eliminating the fluid extract of coca leaves from the formula. Candler believed that his product's name had to be descriptive, and that he must have at least some by-product of the coca leaf in the syrup (along with some kola) to protect his right to the name Coca-Cola. Protecting the name was critical. Candler had no patent on the syrup itself. Anyone could make an imitation. But no one could put the label ""Coca-Cola"" on an imitation so long as Candler owned the name. The name was the thing of real value, and the registered trademark was its only safeguard. Coca leaves had to stay in the syrup. How much cocaine was in that ""mere trace"" is impossible to say, but we do know that by 1902 it was as little as 1/400 of a grain of cocaine per ounce of syrup. Coca-Cola didn't become completely cocaine-free until ecgonine alkaloid extraction was perfected in 1929, but there was scarcely any of the drug left in the drink by then:
> [T]he amount of ecgonine [an alkaloid in the coca leaf that could be synthesized to create cocaine] was infinitesimal: no more than one part in 50 million. In an entire year's supply of 25-odd million gallons of Coca-Cola syrup, Heath figured, there might be six-hundredths of an ounce of cocaine. So, yes, at one time there was cocaine in Coca-Cola.

##output:<end_of_turn>
<start_of_turn>model
",nei,supported,
"Says ""Bush Jr. handed Obama a $1.4 trillion deficit"" and Obama ""reduced Bush Jr.  s deficit to just $492 billion.","<bos><start_of_turn>user
You are a multilingual fact-checking expert. You are given a news claim along with raw evidence related to the claim. Do not consider any other evidence. Your task is to evaluate the veracity of the claim based solely on the provided raw evidence.

 Output your answer in exactly the following format:
 Claim Veracity: [label]

 Answer with one word: SUPPORTED, REFUTED, NEI

##Instruction: Classify the given English claim into one of the three categories (SUPPORTED, REFUTED, NEI) based on the provided evidence.

1. SUPPORTED: Fully supported by the evidence.
2. REFUTED: Clearly contradicted or unsupported by the evidence.
3. NEI: Not enough information to make a decision.

Provide exactly one label.

##input: Claim: Says ""Bush Jr. handed Obama a $1.4 trillion deficit"" and Obama ""reduced Bush Jr.  s deficit to just $492 billion.""

Evidences:
Evidence_1: 1. ""Bush Jr. Handed Obama $1.4 Trillion Deficit, Obama Reduces It to Just $492 Billion"" - The Hill     2. ""Obama Reduced Bush Jr.  s Deficit to Just $492 Billion, Says He Was Given a $1.4 Trillion Deficit by Bush Jr."" - CNN     3. ""Obama Reduced Bush Jr.  s Deficit to Just $492 Billion, Claims He Was Given a $1.4 Trillion Deficit by Bush Jr."" - NBC News     4. ""Obama Reduced Bush Jr.  s Deficit to Just $492 Billion, Claims He Was Given a $1.4 Trillion Deficit by Bush Jr."" - Fox News     5. ""Obama Reduced Bush Jr.  s Deficit to Just $492 Billion, Claims He Was Given a $1.4 Trillion Deficit by Bush Jr."" - The New York Times   

 ##output:<end_of_turn>
<start_of_turn>model
","<bos><start_of_turn>user
You are a multilingual fact-checking expert. Classify the claim into: SUPPORTED, REFUTED, NEI.

Output format:
Claim Veracity: [label]

##Instruction: Classify the given English claim into: SUPPORTED, REFUTED, NEI.
Provide exactly one label.

##input: Claim: Says ""Bush Jr. handed Obama a $1.4 trillion deficit"" and Obama ""reduced Bush Jr.  s deficit to just $492 billion.""

Evidences:


##output:<end_of_turn>
<start_of_turn>model
",nei,supported,
"Says President Barack Obama said ""that American exceptionalism is no more exceptional than the exceptionalism of any other country.","<bos><start_of_turn>user
You are a multilingual fact-checking expert. You are given a news claim along with raw evidence related to the claim. Do not consider any other evidence. Your task is to evaluate the veracity of the claim based solely on the provided raw evidence.

 Output your answer in exactly the following format:
 Claim Veracity: [label]

 Answer with one word: SUPPORTED, REFUTED, NEI

##Instruction: Classify the given English claim into one of the three categories (SUPPORTED, REFUTED, NEI) based on the provided evidence.

1. SUPPORTED: Fully supported by the evidence.
2. REFUTED: Clearly contradicted or unsupported by the evidence.
3. NEI: Not enough information to make a decision.

Provide exactly one label.

##input: Claim: Says President Barack Obama said ""that American exceptionalism is no more exceptional than the exceptionalism of any other country.""

Evidences:
Evidence_1: 1. ""This claim can be supported by statements or transcripts from U.S. government officials, such as President Barack Obama.""  Statements or transcripts from U.S. government officials, such as President Barack Obama, could provide concrete evidence for the claim that ""President Barack Obama said 'that American exceptionalism is no more exceptional than the exceptionalism of any other country.'"" If there is evidence that confirms how and where these officials have made this statement, this would support the argument made.  2. ""This claim can be supported by news articles or transcripts from media outlets covering President Barack Obama's speeches or interviews.""  News articles or transcripts from media outlets covering President Barack Obama's speeches or interviews could provide further evidence for the claim that ""President Barack Obama said 'that American exceptionalism is no more exceptional than the exceptionalism of any other country.'"" If there is evidence that shows how these sources have reported on the content of these statements or interviews, this would lend credibility to the argument made.  3. ""This claim can be supported by analysis or interpretation of President Barack Obama's words and ideas from experts in politics, history, or sociology.""  Analysis or interpretation of President Barack Obama's words and ideas from experts in politics, history, or sociology could provide additional evidence for the claim that ""President Barack Obama said 'that American exceptionalism is no more exceptional than the exceptionalism of any other country.'"" If there is evidence that confirms how these experts have analyzed and interpreted these statements, this would lend credibility to the argument made.  4. ""This claim can be supported by historical records or documents related to the concept of American exceptionalism and its evolution over time.""  Historical records or documents related to the concept of American exceptionalism and its evolution over time could provide concrete evidence for the claim that ""President Barack Obama said 'that American exceptionalism is no more exceptional than the exceptionalism of any other country.'"" If there is evidence that confirms how and why this concept has been used and debated by different groups and individuals over time, this would support the argument made.  5. ""This claim can be supported by interviews or statements given by people who have interacted with President Barack Obama or have heard him speak about these topics.""  Interviews or statements given by people who have interacted with President Barack Obama or have heard him speak about these topics could provide further evidence for the claim that ""President Barack Obama said 'that American exceptionalism is no more exceptional than the exceptionalism of any other country.'"" If there is evidence that supports stories and testimonials from people who have experienced President Obama's views on these topics, this would lend credibility to the argument made. 

 ##output:<end_of_turn>
<start_of_turn>model
","<bos><start_of_turn>user
You are a multilingual fact-checking expert. Classify the claim into: SUPPORTED, REFUTED, NEI.

Output format:
Claim Veracity: [label]

##Instruction: Classify the given English claim into: SUPPORTED, REFUTED, NEI.
Provide exactly one label.

##input: Claim: Says President Barack Obama said ""that American exceptionalism is no more exceptional than the exceptionalism of any other country.""

Evidences:


##output:<end_of_turn>
<start_of_turn>model
",refuted,supported,
"The Iran nuclear deal is ""putting billions of dollars back into a country that  s the world  s largest supporter of terrorism. We are actually giving them the money to fund the terrorists that are killing us and our allies.","<bos><start_of_turn>user
You are a multilingual fact-checking expert. You are given a news claim along with raw evidence related to the claim. Do not consider any other evidence. Your task is to evaluate the veracity of the claim based solely on the provided raw evidence.

 Output your answer in exactly the following format:
 Claim Veracity: [label]

 Answer with one word: SUPPORTED, REFUTED, NEI

##Instruction: Classify the given English claim into one of the three categories (SUPPORTED, REFUTED, NEI) based on the provided evidence.

1. SUPPORTED: Fully supported by the evidence.
2. REFUTED: Clearly contradicted or unsupported by the evidence.
3. NEI: Not enough information to make a decision.

Provide exactly one label.

##input: Claim: The Iran nuclear deal is ""putting billions of dollars back into a country that  s the world  s largest supporter of terrorism. We are actually giving them the money to fund the terrorists that are killing us and our allies.""

Evidences:
Evidence_1: Source 1:  Content: quotes experts as saying that the Iran nuclear deal is putting billions of dollars back into a country that's the world's largest supporter of terrorism and that it could be funding terrorists that are killing US allies.  Source 2: America?"" ( 

 ##output:<end_of_turn>
<start_of_turn>model
","<bos><start_of_turn>user
You are a multilingual fact-checking expert. Classify the claim into: SUPPORTED, REFUTED, NEI.

Output format:
Claim Veracity: [label]

##Instruction: Classify the given English claim into: SUPPORTED, REFUTED, NEI.
Provide exactly one label.

##input: Claim: The Iran nuclear deal is ""putting billions of dollars back into a country that  s the world  s largest supporter of terrorism. We are actually giving them the money to fund the terrorists that are killing us and our allies.""

Evidences:


##output:<end_of_turn>
<start_of_turn>model
",nei,refuted,
"Says Edward Snowden ""could have gotten all of the protections of being a whistleblower.","<bos><start_of_turn>user
You are a multilingual fact-checking expert. You are given a news claim along with raw evidence related to the claim. Do not consider any other evidence. Your task is to evaluate the veracity of the claim based solely on the provided raw evidence.

 Output your answer in exactly the following format:
 Claim Veracity: [label]

 Answer with one word: SUPPORTED, REFUTED, NEI

##Instruction: Classify the given English claim into one of the three categories (SUPPORTED, REFUTED, NEI) based on the provided evidence.

1. SUPPORTED: Fully supported by the evidence.
2. REFUTED: Clearly contradicted or unsupported by the evidence.
3. NEI: Not enough information to make a decision.

Provide exactly one label.

##input: Claim: Says Edward Snowden ""could have gotten all of the protections of being a whistleblower.""

Evidences:
Evidence_1: [1]: the Whistleblower Has to Say About That"" [2]: failure is in focus"" [3]: Edward Snowden in Hong Kong"" [4]: ruled unlawful - BBC News"" [5]: after the Snowden revelations?"" [6]: was illegal, court rules seven ...""  Here are five news articles related to Edward Snowden and whistleblowing:  1. ""President"" Edward Snowden? Here's What the Whistleblower Has to Say About That [^1^][1] 2. 10 years later, Edward Snowden  s failure is in focus [^2^][2] 3. The Google employee who helped Edward Snowden in Hong Kong [^3^][3] 4. NSA surveillance exposed by Snowden ruled unlawful [^4^][4] 5. What  s really changed 10 years after the Snowden revelations? [^5^][5]  I hope this helps! 

 ##output:<end_of_turn>
<start_of_turn>model
","<bos><start_of_turn>user
You are a multilingual fact-checking expert. Classify the claim into: SUPPORTED, REFUTED, NEI.

Output format:
Claim Veracity: [label]

##Instruction: Classify the given English claim into: SUPPORTED, REFUTED, NEI.
Provide exactly one label.

##input: Claim: Says Edward Snowden ""could have gotten all of the protections of being a whistleblower.""

Evidences:


##output:<end_of_turn>
<start_of_turn>model
",refuted,nei,
