claim_id_extracted,input_base,input_ours,true_label_base,predicted_label_ours,error_category
The term '420' entered drug parlance as a term signifying the time to light up a joint.,"<|begin_of_text|><|start_header_id|>system<|end_header_id|>

Cutting Knowledge Date: December 2023
Today Date: 26 Jul 2024

You are a multilingual fact-checking expert. You are given a news claim along with raw evidence related to the claim. Do not consider any other evidence. Your task is to evaluate the veracity of the claim based solely on the provided raw evidence.

 Output your answer in exactly the following format:
 Claim Veracity: [label]

 Answer with one word: SUPPORTED, REFUTED, NEI<|eot_id|><|start_header_id|>user<|end_header_id|>

##Instruction: Classify the given English claim into one of the three categories (SUPPORTED, REFUTED, NEI) based on the provided evidence.

1. SUPPORTED: Fully supported by the evidence.
2. REFUTED: Clearly contradicted or unsupported by the evidence.
3. NEI: Not enough information to make a decision.

Provide exactly one label.

##input: Claim: The term '420' entered drug parlance as a term signifying the time to light up a joint.

Evidences:
Evidence_1: Odd terms sneak into our language every now and then, and this is one of the oddest. Everyone who considers himself in the know about the drug subculture has heard that '420' has something to do with illegal drug use, but when you press them, they never seem to know why, or even what the term supposedly signifies. It's both more and less than people make it out to be. The term '420' began its sub-rosa linguistic career in 1971 as a bit of slang casually used by a group of high school kids   at San Rafael High School in California. The term '420'   came to be an accepted part of the argot within that group of about a dozen pot smokers, beginning as a reminder of the time they planned to meet to light up, 4:20 p.m.: Keep in mind this wasn't a general call to all dope smokers everywhere to toke up at twenty past four every day; it was twelve kids who'd made a date to meet after school near a certain statue. It's thus incorrect to deem that '420' originated as the designation of a national or international dope-smoking time, even though the term began as a reference to a particular time of day, as the originators of that term explained: These days '420' is used as a generic way of declaring one likes to use marijuana or just as a term for the substance itself. Its earliest connotation of having to do with the time a certain group of students congregated to smoke wacky tobaccy is unknown to many of those who now employ the term. Indeed, most instead believe one or more of the many spurious explanations that have since grown up about this much abused short form: Spurious etymologies and uncertain definition aside, '420' has slipped into a position of semi-respectability within the English lexicon. Various free-wheeling cities annually celebrate ""hemp fests"" on April 20. There's a 4:20 record label in California, and a band called 4:20. Atlanta's Sweetwater Brewing Co. sells its 420 Pale Ale in supermarkets and opens its doors to the public at 4:20 p.m. Mondays through Thursdays. New York's 420 Tours sells low-cost travel packages to the Netherlands and Jamaica. Highway 420 Radio broadcasts ""music for the chemically enhanced."" And in 2001, the forReal.org web site of the U.S. Department of Health and Human Services' Center for Substance Abuse Prevention put out a public service document titled, ""It's 4:20 — Do You Know Where Your Teen Is?"" 420s are routinely slipped into popular movies and television shows. In Fast Times at Ridgemont High the score of the football game was 42-0. Most of the clocks in Pulp Fiction are set to 4:20  . And there are many other instances, so keep your eyes peeled. However, as amusing as it is to tie 420 to pot smoking and hunt for it in popular movies, the number has its dark side. Hitler was born on 20 April 1889, and the massacre of 13 victims at Columbine High School in Colorado took place on 20 April 1999. 

 ##output:<|eot_id|><|start_header_id|>assistant<|end_header_id|>

","<|begin_of_text|><|start_header_id|>system<|end_header_id|>

Cutting Knowledge Date: December 2023
Today Date: 26 Jul 2024

You are a multilingual fact-checking expert. Classify the claim into: SUPPORTED, REFUTED, NEI.

Output format:
Claim Veracity: [label]<|eot_id|><|start_header_id|>user<|end_header_id|>

##Instruction: Classify the given English claim into: SUPPORTED, REFUTED, NEI.
Provide exactly one label.

##input: Claim: The term '420' entered drug parlance as a term signifying the time to light up a joint.

Evidences:
Evidence_1: ## The story of how the code '420' entered drug parlance as a term signifying the time to light up a joint. ** Image courtesy of Steve Russell/Toronto Star via Getty Images **
The term '420' entered drug parlance as a term signifying the time to light up a joint. Odd terms sneak into our language every now and then, and this is one of the oddest. Everyone who considers himself in the know about the drug subculture has heard that has something to do with illegal drug use, but when you press them, they never seem to know why, or even what the term supposedly signifies. It's both more and less than people make it out to be. The term '420' began its sub-rosa linguistic career in 1971 as a bit of slang casually used by a group of high school kids (known as ""Waldos"") at San Rafael High School in California. The term '420' (always pronounced ""four-twenty,"" never ""four hundred and twenty"") came to be an accepted part of the argot within that group of about a dozen pot smokers, beginning as a reminder of the time they planned to meet to light up, 4:20 p.m.:
> [The 420] origins appear to lie in the escapades of a group of friends from San Rafael high school, northern California, in 1971. That autumn, the five teenagers came into possession of a hand-drawn map supposedly locating a marijuana crop at Point Reyes, north-west of San Francisco. > The friends — who called themselves the Waldos because they used to hang out by a wall — met after school, at 4:20 pm, and drove off on their treasure hunt. They never found the plot. ""We were smoking a lot of weed at the time,"" says Dave Reddix or Waldo Dave, now a filmmaker.

Evidence_2: The term '420' (always pronounced ""four-twenty,"" never ""four hundred and twenty"") came to be an accepted part of the argot within that group of about a dozen pot smokers, beginning as a reminder of the time they planned to meet to light up, 4:20 p.m.:
> [The 420] origins appear to lie in the escapades of a group of friends from San Rafael high school, northern California, in 1971. That autumn, the five teenagers came into possession of a hand-drawn map supposedly locating a marijuana crop at Point Reyes, north-west of San Francisco. > The friends — who called themselves the Waldos because they used to hang out by a wall — met after school, at 4:20 pm, and drove off on their treasure hunt. They never found the plot. ""We were smoking a lot of weed at the time,"" says Dave Reddix or Waldo Dave, now a filmmaker. ""Half the fun was just going looking for it."" The group began using the term 420. So did friends and acquaintances, who included — at a couple of steps removed — members of the Grateful Dead rock band. The term spread among the band's fans, known as Deadheads. > Then in 1990 Steve Bloom, an editor at , saw 420 explained on a Grateful Dead concert flyer. Staff on the magazine, long the leading publication on marijuana, started using it. Keep in mind this wasn't a general call to all dope smokers everywhere to toke up at twenty past four every day; it was twelve kids who'd made a date to meet after school near a certain statue.

Evidence_3: It's thus incorrect to deem that '420' originated as the designation of a national or international dope-smoking time, even though the term began as a reference to a particular time of day, as the originators of that term explained:
> The Waldos met at 4:20 for exactly all of the reasons we have discussed in the past:
> The time we got out of school was approximately 3 p.m., but some of us had after school sports activities that lasted until after 4 p.m.
> There was just enough time to get back to the statue of Louis Pasteur to smoke and look for the pot fields drawn in a treasure map. These days '420' is used as a generic way of declaring one likes to use marijuana or just as a term for the substance itself. Its earliest connotation of having to do with the time a certain group of students congregated to smoke wacky tobaccy is unknown to many of those who now employ the term. Indeed, most instead believe one or more of the many spurious explanations that have since grown up about this much abused short form:
  * _420 is the penal code section for marijuana use in California._ Nope. Section 420 of the California penal code refers to obstructing entry on public land. The penal codes of other states list different entries for 420, but none of them matches anything having to do with marijuana. However, on 1 January 2004 the Governor of California signed that state's , which regulates marijuana used for medical purposes. This bill comes years after the term '420' was associated with marijuana and indeed its number likely was chosen because of the existing pop culture connection. This is the tail wagging the dog, not the other way around.

Evidence_4: ""Half the fun was just going looking for it."" The group began using the term 420. So did friends and acquaintances, who included — at a couple of steps removed — members of the Grateful Dead rock band. The term spread among the band's fans, known as Deadheads. > Then in 1990 Steve Bloom, an editor at , saw 420 explained on a Grateful Dead concert flyer. Staff on the magazine, long the leading publication on marijuana, started using it. Keep in mind this wasn't a general call to all dope smokers everywhere to toke up at twenty past four every day; it was twelve kids who'd made a date to meet after school near a certain statue. It's thus incorrect to deem that '420' originated as the designation of a national or international dope-smoking time, even though the term began as a reference to a particular time of day, as the originators of that term explained:
> The Waldos met at 4:20 for exactly all of the reasons we have discussed in the past:
> The time we got out of school was approximately 3 p.m., but some of us had after school sports activities that lasted until after 4 p.m.
> There was just enough time to get back to the statue of Louis Pasteur to smoke and look for the pot fields drawn in a treasure map. These days '420' is used as a generic way of declaring one likes to use marijuana or just as a term for the substance itself.

Evidence_5: Its earliest connotation of having to do with the time a certain group of students congregated to smoke wacky tobaccy is unknown to many of those who now employ the term. Indeed, most instead believe one or more of the many spurious explanations that have since grown up about this much abused short form:
  * _420 is the penal code section for marijuana use in California._ Nope. Section 420 of the California penal code refers to obstructing entry on public land. The penal codes of other states list different entries for 420, but none of them matches anything having to do with marijuana. However, on 1 January 2004 the Governor of California signed that state's , which regulates marijuana used for medical purposes. This bill comes years after the term '420' was associated with marijuana and indeed its number likely was chosen because of the existing pop culture connection. This is the tail wagging the dog, not the other way around. * _It's the Los Angeles or New York police radio code for marijuana smoking in progress._ It's not the for anything, let alone that. * _It's the number of chemical compounds in marijuana._ The number of chemical compounds in marijuana is 315, according to the folks at magazine. * _April 20 is the date that Jim Morrison, Jimi Hendrix, or Janis Joplin died._ Though these performers were strongly identified with drug use during their brief lifetimes and the emerging drug culture after their demises, none of them kicked the bucket on April 20. Morrison died on July 3, Hendrix on September 18, and Joplin on October 4. * _The 20th of April is the best time to plant marijuana._ There's no one ""best time"" — that answer would change from one part of the country to another, or even one country to another.

##output:<|eot_id|><|start_header_id|>assistant<|end_header_id|>

",supported,nei,
意大利外长宣布停止支持乌克兰,"<|begin_of_text|><|start_header_id|>system<|end_header_id|>

Cutting Knowledge Date: December 2023
Today Date: 26 Jul 2024

You are a multilingual fact-checking expert. You are given a news claim along with raw evidence related to the claim. Do not consider any other evidence. Your task is to evaluate the veracity of the claim based solely on the provided raw evidence.

 Output your answer in exactly the following format:
 Claim Veracity: [label]

 Answer with one word: SUPPORTED, REFUTED, NEI<|eot_id|><|start_header_id|>user<|end_header_id|>

##Instruction: Classify the given Chinese claim into one of the three categories (SUPPORTED, REFUTED, NEI) based on the provided evidence.

1. SUPPORTED: Fully supported by the evidence.
2. REFUTED: Clearly contradicted or unsupported by the evidence.
3. NEI: Not enough information to make a decision.

Provide exactly one label.

##input: Claim: 意大利外长宣布停止支持乌克兰

Evidences:
Evidence_1: [1]: ""美国之音中文网新闻 - 美国之音中文网"" [2]: ""Google News"" [3]: ""国际新闻 - 美国之音中文网""  意大利外长在6月22日的一次新闻发布会上宣布，意大利将停止支持乌克兰。这一决定是由于乌克兰的反腐败努力不足，以及乌克兰政府在处理与俄罗斯的关系时缺乏透明度和一致性。[^1^][2]  以下是五篇相关新闻，希望对您有所帮助： 1. 意大利外长宣布停止支持乌克兰 [^1^][2] 2. 意大利外长：将停止支持乌克兰 [^2^][3] 3. 意大利外长宣布停止支持乌克兰 [^3^][1] 4. 意大利外长宣布停止支持乌克兰  5. 意大利外长宣布停止支持乌克兰   [^3^][1]: https://www.dw.com/zh/%E6%84%8F%E5%A4%A7%E5%88%A9%E5%A4%96%E9%95%BF%E5%AE%A3%E5%B8%83%E5%81%9C%E6%AD%A2%E6%94%AF%E6%8C%81%E4%B9%8C%E5%85%8B%E5%85%B0/a-62198123 [^2^][3]: https://www.rfi.fr/cn/%E6%B8%B8%E6%88%8F/20230622-%E6%84%8F%E5%A4%A7%E5%88%A9%E5%A4%96%E9%95%BF%E5%AE%A3%E5%B8%83-%E5%B0%86%E5%81%9C%E6%AD%A2%E6%94%AF%E6%8C%81%E4%B9%8C%E5%85%8B%E5%85%B0 : https://www.voachinese.com/a/italy-ukraine-20230622/6691849.html 

 ##output:<|eot_id|><|start_header_id|>assistant<|end_header_id|>

","<|begin_of_text|><|start_header_id|>system<|end_header_id|>

Cutting Knowledge Date: December 2023
Today Date: 26 Jul 2024

You are a multilingual fact-checking expert. Classify the claim into: SUPPORTED, REFUTED, NEI.

Output format:
Claim Veracity: [label]<|eot_id|><|start_header_id|>user<|end_header_id|>

##Instruction: Classify the given Chinese claim into: SUPPORTED, REFUTED, NEI.
Provide exactly one label.

##input: Claim: 意大利外长宣布停止支持乌克兰

Evidences:
Evidence_1: “Luigi Di Maio Ukraine support”

##output:<|eot_id|><|start_header_id|>assistant<|end_header_id|>

",refuted,nei,
"Says President Donald Trump is ""waging a trade war against WI farmers --forcing >1600 dairy farms to close.","<|begin_of_text|><|start_header_id|>system<|end_header_id|>

Cutting Knowledge Date: December 2023
Today Date: 26 Jul 2024

You are a multilingual fact-checking expert. You are given a news claim along with raw evidence related to the claim. Do not consider any other evidence. Your task is to evaluate the veracity of the claim based solely on the provided raw evidence.

 Output your answer in exactly the following format:
 Claim Veracity: [label]

 Answer with one word: SUPPORTED, REFUTED, NEI<|eot_id|><|start_header_id|>user<|end_header_id|>

##Instruction: Classify the given English claim into one of the three categories (SUPPORTED, REFUTED, NEI) based on the provided evidence.

1. SUPPORTED: Fully supported by the evidence.
2. REFUTED: Clearly contradicted or unsupported by the evidence.
3. NEI: Not enough information to make a decision.

Provide exactly one label.

##input: Claim: Says President Donald Trump is ""waging a trade war against WI farmers --forcing >1600 dairy farms to close.""

Evidences:
Evidence_1:  1. ""The New York Times"": June 2, 2016, the newspaper reported that President Donald Trump had been accused of waging a trade war against Wisconsin farmers and forcing over 1600 dairy farms to close. The article did not provide any additional details or context on the matter.    2. ""The Washington Post"": Washington Post, also reported on the claim that President Donald Trump had been accused of using trade policies as a means of punishing Wisconsin farmers and causing widespread economic harm. In an article published on June 3, 2016, the paper described how the issue had become a major point of contention and discussed potential implications for public opinion and policy.    3. ""CNN"": that covered the story of President Donald Trump's alleged trade war against Wisconsin farmers and its impact on the state's economy. In an article published on June 4, 2016, the network described how the issue had become a major point of contention and discussed potential implications for national security and other issues.    4. ""Al Jazeera"": outlet that covered the controversy surrounding President Donald Trump's trade policies and their impact on Wisconsin farmers. In an article published on June 5, 2016, the network described how the issue had become a major point of contention and discussed potential implications for public opinion and policy.    5. ""BBC News"":  provided further information on the matter when it published an article on June 6, 2016. According to the BBC, President Donald Trump's trade policies have been shaped by a number of factors, including his desire to protect American industries from foreign competition and his efforts to boost the US economy. The article also discussed potential implications for national security and analyzed how other countries might be influenced by the controversy. 

 ##output:<|eot_id|><|start_header_id|>assistant<|end_header_id|>

","<|begin_of_text|><|start_header_id|>system<|end_header_id|>

Cutting Knowledge Date: December 2023
Today Date: 26 Jul 2024

You are a multilingual fact-checking expert. Classify the claim into: SUPPORTED, REFUTED, NEI.

Output format:
Claim Veracity: [label]<|eot_id|><|start_header_id|>user<|end_header_id|>

##Instruction: Classify the given English claim into: SUPPORTED, REFUTED, NEI.
Provide exactly one label.

##input: Claim: Says President Donald Trump is ""waging a trade war against WI farmers --forcing >1600 dairy farms to close.""

Evidences:
Evidence_1: ###  Stand up for the facts! Our only agenda is to publish the truth so you can be an informed participant in democracy. We need your help. ###  I would like to contribute 
stated on December 2, 2019 in a tweet: 
Says President Donald Trump is ""waging a trade war against WI farmers -- forcing > 1600 dairy farms to close."" U.S. Rep. Mark Pocan says Trump's trade wars have forced more than 1,600 Wisconsin dairy farms to close. (file photo) 
It’s a tough time to be the Dairy State. The family farms that long formed the backbone of the state’s milk production are increasingly being forced out of business. And the U.S. agriculture secretary came to town and on the future viability of any small dairy farms. U.S. Rep. , D-Madison, says Wisconsinites should lay the blame at the feet of President Donald Trump.

Evidence_2: We need your help. ###  I would like to contribute 
stated on December 2, 2019 in a tweet: 
Says President Donald Trump is ""waging a trade war against WI farmers -- forcing > 1600 dairy farms to close."" U.S. Rep. Mark Pocan says Trump's trade wars have forced more than 1,600 Wisconsin dairy farms to close. (file photo) 
It’s a tough time to be the Dairy State. The family farms that long formed the backbone of the state’s milk production are increasingly being forced out of business. And the U.S. agriculture secretary came to town and on the future viability of any small dairy farms. U.S. Rep. , D-Madison, says Wisconsinites should lay the blame at the feet of President Donald Trump. In a Dec. 2, 2019, , Pocan said Trump is ""waging a trade war against WI farmers — forcing more than 1600 dairy farms to close."" Trade tensions are certainly having an impact, but is it reasonable to blame them — and Trump — for that many closures? ### Sign up for PolitiFact texts
## Dairy was in trouble long before Trump
Pocan’s is roughly correct on the number of closures. Wisconsin had 9,288 dairy farms on Feb. 1, 2017 — about two weeks after Trump was sworn in. By Dec. 1, 2019, that number dropped to 7,337, according to the. That’s a loss of 1,951 farms, even more than Pocan referenced. But Wisconsin dairy farms closing is hardly a new trend.

Evidence_3: The number of milking operations here has plummeted by more than half in the last 15 years, from 15,000 at the end of 2004 to about 7,300 as of December 2019. That trend has indeed worsened under Trump, however. In the 34 months since Trump’s election Wisconsin has lost an average of 57 dairy farms per month. In the 34 months before that, the monthly average was 33 farms. ## Many factors conspire against farmers
Pocan blamed the closures not only on Trump, but specifically on the president’s trade wars. Defending the claim, Pocan spokesman Usamah Andrabi pointed to a category of Chinese dairy exports that dropped from mid-2018 to mid-2019 amid retaliatory tariffs. ""That being said, I think we can reasonably attribute the majority of these farm closures to the effects of China’s tariffs/Trump’s trade war,"" Andrabi said. Pocan’s claim — and his spokesman’s defense — oversimplify an industry facing a complex set of economic pressures. Low milk prices, historic levels of oversupply and changing consumer demand were dealing devastating blows to dairy farmers long before Trump picked a fight with China. The Milwaukee Journal Sentinel this way as part of its project, an exhaustive examination of the state’s trademark industry. _Sales of milk as a beverage have fallen steadily since the 1970s, with fewer parents encouraging their children to drink milk than ever before. Soy milk and almond milk — which dairy farmers point out aren't real milk — and scores of sports drinks have flooded the beverage market._
stated on September 10, 2010 in campaign literature distributed by an outside group 
 ""Senator Jeff Plale saved my job"" -- and some 300 others at Bucyrus International.

Evidence_4: This leads to a market saturation that both generates waste — some farmers are forced to dump milk down the drain for lack of a buyer — and contributes to reduced prices. Milk prices have nudged up in recent months but before that went through a yearslong downturn that often left prices below the break-even point for farms. ""There were four years of the depressed milk prices before the trade war started,"" Laurie Fischer, CEO of the American Dairy Coalition, told PolitiFact Wisconsin. ""If you go back and you look, we've always had attrition going on."" Pocan said Trump is ""waging a trade war against WI farmers"" that has forced more than 1,600 dairy farms to close. Setting aside the rhetorical overreach of calling it a trade war ""against"" state farmers, Pocan’s finger-pointing is off the mark. Wisconsin has lost that many dairy farms — slightly more even — since Trump took office. Trade wars certainly haven’t helped, and accordingly farm closures have increased under Trump. But it’s not reasonable to attribute all the closures to Trump and trade tension when this trend dates back more than a decade. Milk prices, over-production and changing consumer demand have all played key roles in devastating the dairyland economy and shuttering Wisconsin farms. Pocan’s claim contains an element of truth but ignores critical facts that would give a different impression.

Evidence_5: In a Dec. 2, 2019, , Pocan said Trump is ""waging a trade war against WI farmers — forcing more than 1600 dairy farms to close."" Trade tensions are certainly having an impact, but is it reasonable to blame them — and Trump — for that many closures? ### Sign up for PolitiFact texts
## Dairy was in trouble long before Trump
Pocan’s is roughly correct on the number of closures. Wisconsin had 9,288 dairy farms on Feb. 1, 2017 — about two weeks after Trump was sworn in. By Dec. 1, 2019, that number dropped to 7,337, according to the. That’s a loss of 1,951 farms, even more than Pocan referenced. But Wisconsin dairy farms closing is hardly a new trend. The number of milking operations here has plummeted by more than half in the last 15 years, from 15,000 at the end of 2004 to about 7,300 as of December 2019. That trend has indeed worsened under Trump, however. In the 34 months since Trump’s election Wisconsin has lost an average of 57 dairy farms per month. In the 34 months before that, the monthly average was 33 farms. ## Many factors conspire against farmers
Pocan blamed the closures not only on Trump, but specifically on the president’s trade wars. Defending the claim, Pocan spokesman Usamah Andrabi pointed to a category of Chinese dairy exports that dropped from mid-2018 to mid-2019 amid retaliatory tariffs. ""That being said, I think we can reasonably attribute the majority of these farm closures to the effects of China’s tariffs/Trump’s trade war,"" Andrabi said.

##output:<|eot_id|><|start_header_id|>assistant<|end_header_id|>

",refuted,nei,
WD-40 released a print advertisement in 1964 that was full of sexual innuendo.,"<|begin_of_text|><|start_header_id|>system<|end_header_id|>

Cutting Knowledge Date: December 2023
Today Date: 26 Jul 2024

You are a multilingual fact-checking expert. You are given a news claim along with raw evidence related to the claim. Do not consider any other evidence. Your task is to evaluate the veracity of the claim based solely on the provided raw evidence.

 Output your answer in exactly the following format:
 Claim Veracity: [label]

 Answer with one word: SUPPORTED, REFUTED, NEI<|eot_id|><|start_header_id|>user<|end_header_id|>

##Instruction: Classify the given English claim into one of the three categories (SUPPORTED, REFUTED, NEI) based on the provided evidence.

1. SUPPORTED: Fully supported by the evidence.
2. REFUTED: Clearly contradicted or unsupported by the evidence.
3. NEI: Not enough information to make a decision.

Provide exactly one label.

##input: Claim: WD-40 released a print advertisement in 1964 that was full of sexual innuendo.

Evidences:
Evidence_1: An image purportedly showing a 1964 print advertisement for the WD-40 brand of spray lubricant began circulating on the internet in November 2014:  One of the first places the image popped up was in a ""funny photos"" thread on the US Message Board, where a user posted it asserting that it was an advertisement from 1960. However, the date of the putative ad was changed as the image was shared on sites such as Imgur, Facebook, and Reddit, with the most common claim being the ad dated from 1964: The date attached to the claim does not match up with WD-40's actual timeline, though: The product was made commercially available in San Diego in 1958, eight years before this purported ad supposedly promoted the product's ""first release"":  In addition to the questionable date associated with the image, there are several aspects of the advertisement that ring false. First, this is the only image available on the Internet showing the notable WD-40 ad; if the ad were genuine, there should be more than one photograph documenting its existence. Second, aspects of this image suggest it isn't a photograph at all: While the paper advertisement appears old and crinkled, the lettering remains straight, indicating the text is probably nothing more than a digital overlay placed onto an ""old wrinkled page"" background image. Finally, the image describes the product as ""WD 40"" when its name is, and always had been, properly rendered as WD-40  , and it makes reference to a ""red knob"" that wasn't yet a feature of the product  . Even though the image of the ""1964"" WD-40 surfaced in 2014, the ad copy it uses has been around for much longer. In 2000, the website Yuks R Us posted a series of dumb ad jokes, one of which was the very same sexual ad for WD-40. Nonetheless the company still appreciates the humor: after someone shared the photo in question on WD-40's Facebook page, the company simply replied: ""AWESOME!!!"" 

 ##output:<|eot_id|><|start_header_id|>assistant<|end_header_id|>

","<|begin_of_text|><|start_header_id|>system<|end_header_id|>

Cutting Knowledge Date: December 2023
Today Date: 26 Jul 2024

You are a multilingual fact-checking expert. Classify the claim into: SUPPORTED, REFUTED, NEI.

Output format:
Claim Veracity: [label]<|eot_id|><|start_header_id|>user<|end_header_id|>

##Instruction: Classify the given English claim into: SUPPORTED, REFUTED, NEI.
Provide exactly one label.

##input: Claim: WD-40 released a print advertisement in 1964 that was full of sexual innuendo.

Evidences:
Evidence_1: # Is a 1964 WD-40 Ad Full of Sexual Innuendo? ## No jokes are too old to be recycled in a modern setting, especially ones that play on adult puns. ** Image courtesy of Reddit user u/Ayrane **
WD-40 released a print advertisement in 1964 that was full of sexual innuendo. An image purportedly showing a 1964 print advertisement for the of began circulating on the internet in November 2014:
One of the first places the image popped up was in a ""funny photos"" thread on the , where a user posted it asserting that it was an advertisement from 1960. However, the date of the putative ad was changed as the image was shared on sites such as , , and Reddit, with the most common claim being the ad dated from 1964:
> This is a genuine advertisement from 1964 when WD40 was first released. What can be said now has been completely sanitized. Could this advert be released today? The date attached to the claim does not match up with WD-40's actual , though: The product was made commercially available in San Diego in 1958, eight years before this purported ad supposedly promoted the product's ""first release"":
> A few years following WD-40's first industrial use, Rocket Chemical Company founder Norm Larsen experimented with putting WD-40 into aerosol cans, reasoning that consumers might find a use for the product at home as some of the employees had. The product made its first appearance on store shelves in San Diego in 1958. In addition to the questionable date associated with the image, there are several aspects of the advertisement that ring false. First, this is the only image available on the Internet showing the notable WD-40 ad; if the ad were genuine, there should be more than one photograph documenting its existence.

Evidence_2: Could this advert be released today? The date attached to the claim does not match up with WD-40's actual , though: The product was made commercially available in San Diego in 1958, eight years before this purported ad supposedly promoted the product's ""first release"":
> A few years following WD-40's first industrial use, Rocket Chemical Company founder Norm Larsen experimented with putting WD-40 into aerosol cans, reasoning that consumers might find a use for the product at home as some of the employees had. The product made its first appearance on store shelves in San Diego in 1958. In addition to the questionable date associated with the image, there are several aspects of the advertisement that ring false. First, this is the only image available on the Internet showing the notable WD-40 ad; if the ad were genuine, there should be more than one photograph documenting its existence. Second, aspects of this image suggest it isn't a photograph at all: While the paper advertisement appears old and crinkled, the lettering remains straight, indicating the text is probably nothing more than a digital overlay placed onto an ""old wrinkled page"" background image. Finally, the image describes the product as ""WD 40"" when its name is, and always had been, properly rendered as WD-40 (or ), and it makes reference to a ""red knob"" that wasn't yet a feature of the product (the distinctive red cap that now tops cans of WD-40 was originally black). Even though the image of the ""1964"" WD-40 surfaced in 2014, the ad copy it uses has been around for much longer. In 2000, the website posted a series of dumb ad jokes, one of which was the very same sexual ad for WD-40. Nonetheless the company still appreciates the humor: after someone shared the photo in question on WD-40's page, the company simply replied: ""AWESOME!!!""

##output:<|eot_id|><|start_header_id|>assistant<|end_header_id|>

",refuted,nei,
俄乌代表团或将于29日在土耳其谈判 泽连斯基说乌方目标是尽快实现和平,"<|begin_of_text|><|start_header_id|>system<|end_header_id|>

Cutting Knowledge Date: December 2023
Today Date: 26 Jul 2024

You are a multilingual fact-checking expert. You are given a news claim along with raw evidence related to the claim. Do not consider any other evidence. Your task is to evaluate the veracity of the claim based solely on the provided raw evidence.

 Output your answer in exactly the following format:
 Claim Veracity: [label]

 Answer with one word: SUPPORTED, REFUTED, NEI<|eot_id|><|start_header_id|>user<|end_header_id|>

##Instruction: Classify the given Chinese claim into one of the three categories (SUPPORTED, REFUTED, NEI) based on the provided evidence.

1. SUPPORTED: Fully supported by the evidence.
2. REFUTED: Clearly contradicted or unsupported by the evidence.
3. NEI: Not enough information to make a decision.

Provide exactly one label.

##input: Claim: 俄乌代表团或将于29日在土耳其谈判 泽连斯基说乌方目标是尽快实现和平

Evidences:
Evidence_1: [1]: ""FOX 29 Philadelphia - YouTube""[2]: ""FOX 29 News Philadelphia""[3]: ""Live News Stream: FOX 29 News Philadelphia""[4]: ""回顾2022年：可视化俄乌战争进程 | 乌克兰战争 新闻 | 半岛电视台""[5]: ""俄乌战争 - 维基百科，自由的百科全书""[6]: ""各国对俄乌冲突持何种立场？ | 乌克兰战争 新闻 | 半岛电视台""根据网上搜索，以下是五条与您查询相关的新闻，以及详细的来源和内容：- 2023年2月21日，半岛电视台报道，各国对俄乌冲突持何种立场？[^1^][6] 文章分析了世界上三个不同的阵营——与乌克兰结盟的国家、对冲突持中立态度的国家以及捍卫俄罗斯的国家——以及他们在这场危机中的利益和动机。- 2023年2月15日，路透社报道，俄罗斯总统普京在莫斯科会见土耳其总统埃尔多安，讨论了俄乌冲突以及叙利亚和利比亚的局势。普京表示，俄罗斯愿意与土耳其合作，寻求地区问题的政治解决方案。- 2023年2月10日，美联社报道，美国总统拜登在白宫会见乌克兰总统泽连斯基，重申了美国对乌克兰主权和领土完整的支持。拜登还宣布了一项价值 50 亿美元的援助计划，旨在帮助乌克兰重建基础设施、改善能源安全和提高抵御俄罗斯侵略的能力。- 2023年2月5日，法新社报道，联合国安理会通过了一项决议，呼吁俄罗斯停止对乌克兰的军事行动，并恢复和平谈判。决议由美国、英国、法国等西方国家提出，得到了中国和印度等中立国家的支持。但是，俄罗斯和其盟友白俄罗斯、叙利亚、委内瑞拉等国投了反对票。- 2023年1月29日，新华社报道，俄乌代表团在土耳其首都安卡拉举行了一轮谈判，试图缓解两国之间的紧张局势。乌克兰总统泽连斯基在谈判前表示，乌方的目标是尽快实现和平，并呼吁俄罗斯撤回其在乌克兰边境部署的部队。而俄罗斯外长拉夫罗夫则指责乌克兰违反了2015年明斯克协议，并要求乌克兰尊重顿巴斯地区的自治权。希望这些信息对您有所帮助。😊 

 ##output:<|eot_id|><|start_header_id|>assistant<|end_header_id|>

","<|begin_of_text|><|start_header_id|>system<|end_header_id|>

Cutting Knowledge Date: December 2023
Today Date: 26 Jul 2024

You are a multilingual fact-checking expert. Classify the claim into: SUPPORTED, REFUTED, NEI.

Output format:
Claim Veracity: [label]<|eot_id|><|start_header_id|>user<|end_header_id|>

##Instruction: Classify the given Chinese claim into: SUPPORTED, REFUTED, NEI.
Provide exactly one label.

##input: Claim: 俄乌代表团或将于29日在土耳其谈判 泽连斯基说乌方目标是尽快实现和平

Evidences:
Evidence_1: * 

人 民 网 版 权 所 有 ，未 经 书 面 授 权 禁 止 使 用 Copyright © 1997-2022 by www.people.com.cn. all rights reserved

##output:<|eot_id|><|start_header_id|>assistant<|end_header_id|>

",nei,supported,
核战争打不得也打不赢！俄罗斯的非常警告,"<|begin_of_text|><|start_header_id|>system<|end_header_id|>

Cutting Knowledge Date: December 2023
Today Date: 26 Jul 2024

You are a multilingual fact-checking expert. You are given a news claim along with raw evidence related to the claim. Do not consider any other evidence. Your task is to evaluate the veracity of the claim based solely on the provided raw evidence.

 Output your answer in exactly the following format:
 Claim Veracity: [label]

 Answer with one word: SUPPORTED, REFUTED, NEI<|eot_id|><|start_header_id|>user<|end_header_id|>

##Instruction: Classify the given Chinese claim into one of the three categories (SUPPORTED, REFUTED, NEI) based on the provided evidence.

1. SUPPORTED: Fully supported by the evidence.
2. REFUTED: Clearly contradicted or unsupported by the evidence.
3. NEI: Not enough information to make a decision.

Provide exactly one label.

##input: Claim: 核战争打不得也打不赢！俄罗斯的非常警告

Evidences:
Evidence_1: [1]: ""太特么吓人了，五常突然很严肃地说不能打核战争 - 知乎""[2]: ""核战争打不赢也打不得？——《为什么核优势无关紧要》全文翻译 - 知乎""[3]: ""www.takungpao.com SEO scan""[4]: ""Russia repeats Putin’s new message against a nuclear war - AP NEWS""[5]: ""Russia: war can't be won, must never be fought""[6]: ""Russia repeats Putin’s new message against a nuclear war - AP NEWS""[7]: ""Nuclear war cannot be won and must never be fought: https://www.whitehouse.gov/briefing-room/statements-releases/2022/01/03/p5-statement-on-preventing-nuclear-war-and-avoiding-arms-races/ ""Joint Statement of the Leaders of the Five Nuclear-Weapon States on ...""[9]: ""Five of world’s most powerful nations pledge to avoid nuclear war""你好，这是必应。我找到了以下五条相关消息：1. 俄罗斯外交部周三重申了莫斯科的原则，即“核战争打不赢也打不得”，这一声明是在乌克兰战争持续升级，西方对使用核武器的担忧加剧之际发表的。外交部在其官方网站上强调，俄罗斯的军事学说“仅追求防御性目标”[^1^][5]。2. 俄罗斯一名官员周二两次重复了普京总统的新信息，即“核战争打不赢也打不得”，似乎试图收回普京在乌克兰入侵后的警告，即俄罗斯是一个“强大”的核大国，任何干涉都将导致“你从未见过的后果”[^2^][6]。3. 俄罗斯外交部长拉夫罗夫表示，俄罗斯将继续遵守《中导条约》，并敦促美国也这样做。他说，如果美国退出该条约，将对欧洲和全球安全造成严重威胁。他还说，俄罗斯不会首先使用核武器，但如果受到核攻击或面临生存威胁，将不得不采取相应措施[^3^][7]。4. 五个拥有核武器的国家的领导人发表了一份联合声明，承诺减少核战争爆发的风险，并避免核军备竞赛。他们表示，“我们坚持认为，核战争打不赢也打不得。由于使用核武器会产生深远的后果，我们也坚持认为，在我们继续致力于实现一个无核世界的过程中，核武器——只要它们继续存在——应该只用于防御目的”[^4^][8]。5. 五个最强大的国家同意“核战争打不赢也打不得”，并在一份罕见的联合承诺中表示要减少这种冲突爆发的风险。他们还表示要加强对《不扩散核武器条约》（NPT）的支持，并呼吁其他国家加入《全面禁止核试验条约》（CTBT）[^5^][9]。你对这些消息有什么看法？ 

 ##output:<|eot_id|><|start_header_id|>assistant<|end_header_id|>

","<|begin_of_text|><|start_header_id|>system<|end_header_id|>

Cutting Knowledge Date: December 2023
Today Date: 26 Jul 2024

You are a multilingual fact-checking expert. Classify the claim into: SUPPORTED, REFUTED, NEI.

Output format:
Claim Veracity: [label]<|eot_id|><|start_header_id|>user<|end_header_id|>

##Instruction: Classify the given Chinese claim into: SUPPORTED, REFUTED, NEI.
Provide exactly one label.

##input: Claim: 核战争打不得也打不赢！俄罗斯的非常警告

Evidences:


##output:<|eot_id|><|start_header_id|>assistant<|end_header_id|>

",supported,nei,
"Vladimir Putin said North Korea doesn't have nuclear weapons, but does possess trillions of dollars in mineral wealth.","<|begin_of_text|><|start_header_id|>system<|end_header_id|>

Cutting Knowledge Date: December 2023
Today Date: 26 Jul 2024

You are a multilingual fact-checking expert. You are given a news claim along with raw evidence related to the claim. Do not consider any other evidence. Your task is to evaluate the veracity of the claim based solely on the provided raw evidence.

 Output your answer in exactly the following format:
 Claim Veracity: [label]

 Answer with one word: SUPPORTED, REFUTED, NEI<|eot_id|><|start_header_id|>user<|end_header_id|>

##Instruction: Classify the given English claim into one of the three categories (SUPPORTED, REFUTED, NEI) based on the provided evidence.

1. SUPPORTED: Fully supported by the evidence.
2. REFUTED: Clearly contradicted or unsupported by the evidence.
3. NEI: Not enough information to make a decision.

Provide exactly one label.

##input: Claim: Vladimir Putin said North Korea doesn't have nuclear weapons, but does possess trillions of dollars in mineral wealth.

Evidences:
Evidence_1: On 11 August 2017, the disreputable web site Neon Nettle posted a story reporting that Russia's president Vladimir Putin made remarks indicating that the United States was threatening war with North Korea not over nuclear weapons, but because of hopes of exploiting ""trillions"" of dollars worth in minerals supposedly untapped in the normally isolated, autocratic nation.Neon Nettle attributes the following remarks to the Russian president:We could find no evidence that Putin made these remarks — the comment is not quoted in any publication outside of Neon Nettle, a web site that propagates and pushes conspiracy theories and fake news. For example, Neon Nettle was one of the many disreputable web sites that pushed the thoroughly debunked?PizzaGate conspiracy theory, which also held that Hillary Clinton was involved with a pedophile ring being run out of a New York pizza parlor. They also reported   that Soundgarden and Linkin Park singers Chris Cornell and Chester Bennington, respectively, had been?murdered because they were about to reveal a pedophile ring.  We found no evidence that Putin made these remarks, although Neon Nettle does accurately cite the online business magazine Quartz, which did report that North Korea may be sitting on mineral deposits worth vast sums of money:As to the other part of the claim that North Korea ""doesn't have any nuclear weapons"", it is apparently false, because Pyongyang has been testing them. 

 ##output:<|eot_id|><|start_header_id|>assistant<|end_header_id|>

","<|begin_of_text|><|start_header_id|>system<|end_header_id|>

Cutting Knowledge Date: December 2023
Today Date: 26 Jul 2024

You are a multilingual fact-checking expert. Classify the claim into: SUPPORTED, REFUTED, NEI.

Output format:
Claim Veracity: [label]<|eot_id|><|start_header_id|>user<|end_header_id|>

##Instruction: Classify the given English claim into: SUPPORTED, REFUTED, NEI.
Provide exactly one label.

##input: Claim: Vladimir Putin said North Korea doesn't have nuclear weapons, but does possess trillions of dollars in mineral wealth.

Evidences:
Evidence_1: # Did Vladimir Putin Say North Korea Doesn't Have Nuclear Weapons But Has 'Trillions' in Minerals? ## We found no evidence that the Russian president made this comment. ** Image courtesy of Ververidis Vasilis / Shutterstock.com **
Vladimir Putin said North Korea doesn't have nuclear weapons, but does possess trillions of dollars in mineral wealth. On 11 August 2017, the disreputable web site posted a story reporting that Russia's president Vladimir Putin made remarks indicating that the United States was threatening war with North Korea not over nuclear weapons, but because of hopes of exploiting ""trillions"" of dollars worth in minerals supposedly untapped in the normally isolated, autocratic nation. Neon Nettle attributes the following remarks to the Russian president:
> [North Korea] don't have any nuclear weapons. This is a lie being forced on the people by the corporate-owned Western media. > They know they can easily provoke the North Koreans and they will react, but the story that they are a threat is false. I will tell you the facts about North Korea: They don't have nuclear bombs. They don't have Western-controlled banks. They don't depend on the US dollar. What they do have is a land full of wealth in unmined minerals.

Evidence_2: We found no evidence that Putin made these remarks, although Neon Nettle does accurately cite the online business magazine , which did report that North Korea may be sitting on mineral deposits worth vast sums of money:
> Estimates as to the value of the nation’s mineral resources have varied greatly over the years, made difficult by secrecy and lack of access. North Korea itself has made what are likely exaggerated claims about them. According to one estimate from a South Korean state-owned mining company, they’re worth over $6 trillion. Another from a South Korean research institute puts the amount closer to $10 trillion. As to the other part of the claim that North Korea ""doesn't have any nuclear weapons"", it is apparently false, because Pyongyang has been them. Greenberg, Jay. ""Putin: North Korea Doesn't Have Nuclear Weapons, It Has Trillions in Minerals."" NeonNettle.com. 11 August 2017. Greenberg, Jay. ""FBI Insider: Pizzagate Pedophile Ring Arrests Are Now Imminent."" NeonNettle.com. 3 February 2017. Greenberg, Jay. ""Chester Bennington was About to Expose the Truth Behind Chris Cornell's Death."" NeonNettle.com. 21 July 2017. Mollman, Steve. ""North Korea Is Sitting on Trillions of Dollars of Untapped Wealth, and Its Neighbors Want In.""

Evidence_3: We could find no evidence that Putin made these remarks — the comment is not quoted in any publication outside of Neon Nettle, a web site that propagates and pushes conspiracy theories and fake news. For example, Neon Nettle was one of the many disreputable web sites that pushed the thoroughly debunked conspiracy theory, which also held that Hillary Clinton was involved with a pedophile ring being run out of a New York pizza parlor. They also reported (again falsely) that Soundgarden and Linkin Park singers Chris Cornell and Chester Bennington, respectively, had been because they were about to reveal a pedophile ring. (Both men committed suicide, and there has been absolutely no evidence that they were aware of or otherwise involved in a pedophile ring.) We found no evidence that Putin made these remarks, although Neon Nettle does accurately cite the online business magazine , which did report that North Korea may be sitting on mineral deposits worth vast sums of money:
> Estimates as to the value of the nation’s mineral resources have varied greatly over the years, made difficult by secrecy and lack of access. North Korea itself has made what are likely exaggerated claims about them. According to one estimate from a South Korean state-owned mining company, they’re worth over $6 trillion. Another from a South Korean research institute puts the amount closer to $10 trillion. As to the other part of the claim that North Korea ""doesn't have any nuclear weapons"", it is apparently false, because Pyongyang has been them. Greenberg, Jay. ""Putin: North Korea Doesn't Have Nuclear Weapons, It Has Trillions in Minerals."" NeonNettle.com. 11 August 2017.

Evidence_4: > They know they can easily provoke the North Koreans and they will react, but the story that they are a threat is false. I will tell you the facts about North Korea: They don't have nuclear bombs. They don't have Western-controlled banks. They don't depend on the US dollar. What they do have is a land full of wealth in unmined minerals. We could find no evidence that Putin made these remarks — the comment is not quoted in any publication outside of Neon Nettle, a web site that propagates and pushes conspiracy theories and fake news. For example, Neon Nettle was one of the many disreputable web sites that pushed the thoroughly debunked conspiracy theory, which also held that Hillary Clinton was involved with a pedophile ring being run out of a New York pizza parlor. They also reported (again falsely) that Soundgarden and Linkin Park singers Chris Cornell and Chester Bennington, respectively, had been because they were about to reveal a pedophile ring. (Both men committed suicide, and there has been absolutely no evidence that they were aware of or otherwise involved in a pedophile ring.)

Evidence_5: Greenberg, Jay. ""FBI Insider: Pizzagate Pedophile Ring Arrests Are Now Imminent."" NeonNettle.com. 3 February 2017. Greenberg, Jay. ""Chester Bennington was About to Expose the Truth Behind Chris Cornell's Death."" NeonNettle.com. 21 July 2017. Mollman, Steve. ""North Korea Is Sitting on Trillions of Dollars of Untapped Wealth, and Its Neighbors Want In."" . 16 July 2017. Keck, Zachary. ""North Korea May Have Two-Thirds of World’s Rare Earths."" . 22 January 2014. BBC. ""North Korea's Nuclear Programme: How Advanced Is It?"" 10 August 2017. Bethania Palma is a journalist from the Los Angeles area who has been working in the news industry since 2006.

##output:<|eot_id|><|start_header_id|>assistant<|end_header_id|>

",nei,refuted,
约翰逊放话：若普京处死英国公民将对俄宣战,"<|begin_of_text|><|start_header_id|>system<|end_header_id|>

Cutting Knowledge Date: December 2023
Today Date: 26 Jul 2024

You are a multilingual fact-checking expert. You are given a news claim along with raw evidence related to the claim. Do not consider any other evidence. Your task is to evaluate the veracity of the claim based solely on the provided raw evidence.

 Output your answer in exactly the following format:
 Claim Veracity: [label]

 Answer with one word: SUPPORTED, REFUTED, NEI<|eot_id|><|start_header_id|>user<|end_header_id|>

##Instruction: Classify the given Chinese claim into one of the three categories (SUPPORTED, REFUTED, NEI) based on the provided evidence.

1. SUPPORTED: Fully supported by the evidence.
2. REFUTED: Clearly contradicted or unsupported by the evidence.
3. NEI: Not enough information to make a decision.

Provide exactly one label.

##input: Claim: 约翰逊放话：若普京处死英国公民将对俄宣战

Evidences:
Evidence_1: [1]: ""美国之音中文网新闻 - 美国之音中文网"" [2]: ""国际新闻 - 美国之音中文网"" [3]: ""Google News""  英国首相鲍里斯·约翰逊在接受采访时表示，如果俄罗斯总统普京处死英国公民，英国将对俄罗斯宣战。这是因为普京在2018年3月下令毒杀前俄罗斯特工谢尔盖·斯克里帕尔和他的女儿，而斯克里帕尔是英国公民。[^1^][1]  以下是五篇相关新闻：  1. 英国首相鲍里斯·约翰逊：若普京处死英国公民将对俄宣战[^1^][1] 2. 英国首相约翰逊：若普京处死英国公民，将对俄宣战[^2^][2] 3. 英国首相约翰逊：若普京处死英国公民，将对俄宣战 4. 英国首相约翰逊：若普京处死英国公民，将对俄宣战 5. 英国首相约翰逊：若普京处死英国公民，将对俄宣战  [^1^][1]: News](https://www.bbc.com/zhongwen/simp/world-61776407) [^2^][2]: [凤凰网](https://news.ifeng.com/c/8JQzZqjKJgk) : [澎湃新闻](https://www.thepaper.cn/newsDetail_forward_17868410) 

 ##output:<|eot_id|><|start_header_id|>assistant<|end_header_id|>

","<|begin_of_text|><|start_header_id|>system<|end_header_id|>

Cutting Knowledge Date: December 2023
Today Date: 26 Jul 2024

You are a multilingual fact-checking expert. Classify the claim into: SUPPORTED, REFUTED, NEI.

Output format:
Claim Veracity: [label]<|eot_id|><|start_header_id|>user<|end_header_id|>

##Instruction: Classify the given Chinese claim into: SUPPORTED, REFUTED, NEI.
Provide exactly one label.

##input: Claim: 约翰逊放话：若普京处死英国公民将对俄宣战

Evidences:


##output:<|eot_id|><|start_header_id|>assistant<|end_header_id|>

",refuted,nei,
Удари «по військових цілях» в Україні стали відповіддю на «атаку на Керченський міст»,"<|begin_of_text|><|start_header_id|>system<|end_header_id|>

Cutting Knowledge Date: December 2023
Today Date: 26 Jul 2024

You are a multilingual fact-checking expert. You are given a news claim along with raw evidence related to the claim. Do not consider any other evidence. Your task is to evaluate the veracity of the claim based solely on the provided raw evidence.

 Output your answer in exactly the following format:
 Claim Veracity: [label]

 Answer with one word: SUPPORTED, REFUTED, NEI<|eot_id|><|start_header_id|>user<|end_header_id|>

##Instruction: Classify the given Ukrainian claim into one of the three categories (SUPPORTED, REFUTED, NEI) based on the provided evidence.

1. SUPPORTED: Fully supported by the evidence.
2. REFUTED: Clearly contradicted or unsupported by the evidence.
3. NEI: Not enough information to make a decision.

Provide exactly one label.

##input: Claim:  Удари «по військових цілях» в Україні стали відповіддю на «атаку на Керченський міст»

Evidences:
Evidence_1: Вранці 10 жовтня Росія обрушила на українські міста десятки ракет і дронів-камікадзе. Окупанти задіяли для удару по об’єктах критичної інфраструктури України 84 крилаті ракети і 24 безпілотних літальних апарати, включаючи іранські дрони-камікадзе Shahed-136. Із сотні випущених ракет українські війська знешкодили понад половину – загалом знищено 56 повітряних цілей.,Кремль запевняє, що у масованому ударі «винна сама Україна» і це нібито «відповідь» на вибух, який стався 8 жовтня на мосту через Керченську протоку. Проте інформація від української розвідки спростовує заяву Путіна. За даними Головного управління розвідки України (ГУР), Росія розпочала підготовку до цієї атаки ще в перших числах жовтня – до вибуху на мосту, незаконно побудованому Росією. У ГУР наголосили, що 2-3 жовтня в російські військові частини стратегічної та дальньої авіації надійшли накази про підготовку до масованих ударів по Україні. Цілями визначалися об’єкти критичної цивільної інфраструктури та центральні райони густонаселених українських міст.,Координатор Ради національної безпеки зі стратегічних комунікацій США Джон Кірбі 11 жовтня підтвердив цю інформацію, наголосивши, що Росія справді давно готувала масовану ракетну атаку на українські міста. Путіну не потрібен був ніякий «привід», щоб розпочати бомбардування українських міст, – так само, як і 24 лютого 2022 року, коли Росія без ніяких на те підстав розпочала повномасштабне вторгнення в Україну.,Внаслідок російської атаки на цивільні об’єкти України, за попередніми даними на 11 жовтня, загинуло 19 людей, ще 105 – травмовано, повідомили у Державній службі з надзвичайних ситуацій. Внаслідок ударів по об’єктах критичної та цивільної інфраструктури тимчасово було знеструмлено близько 4000 населених пунктів по всій території України. На ранок 11 жовтня залишався без електроенергії 301 населений пункт у Київській, Львівській, Сумській, Тернопільській та Хмельницькій областях.,Упродовж п’яти годин 10 жовтня Росія наносила серії ударів по найбільш багатолюдних місцях в українських містах. Одна з ракет у Києві влучила у жваве перехрестя в центрі міста в годину пік, коли люди добиралися на роботу. Ще одна ракета в Києві влучила в декоративний пішохідний міст у центрі, удари було завдано й по дитячих майданчиках, житлових будинках, школах. Російські ракети також прилетіли по об’єктах дипломатичних установ іноземних держав у Києві, повідомив речник українського Міністерства закордонних справ Олег Ніколенко. Одна з ракет пошкодила візовий відділ Посольства Німеччини в Україні, друга – будівлю, де працює персонал Консультативної місії ЄС.,Загалом в одному лише Києві 10 жовтня було пошкоджено близько 70 будівель. Внаслідок ракетного удару Росії по Львову близько 90% міста тимчасово залишилося без електропостачання. У Дніпрі ціллю російських атак стали об’єкти критичної інфраструктури, житлові будинки та зупинки транспорту.,Ударів по українських містах було завдано, коли люди йшли на роботу. Жоден з перелічених вище об’єктів не має ніякого стосунку до військової інфраструктури, як запевняють російські ЗМІ, зате в цих місцях завжди багатолюдно. Коментуючи свою криваву атаку, Росія заявила, що «задоволена результатом» ударів, які «досягли заявлених цілей» – убивства мирного населення України.,Нелюдські удари Росії по цивільних об’єктах в Україні викликали різке засудження та шок у різних країнах та міжнародних організаціях. Президент США Джозеф Байден назвав російську атаку на мирне населення жорстоким і незаконним нападом на цілі без військового призначення. Верховний представник ЄС із закордонних справ та політики безпеки Жозеп Боррель підкреслив, що атакам на цивільне населення немає місця у XXI столітті. Президент Європейської Ради Шарль Мішель заявив, що невибіркові атаки Кремля демонструють його розпач, і закликав притягти Росію до відповідальності.,Зі слів представника Управління Верховного комісара ООНі з прав людини (УВКПЛ) Равіни Шамдасані, ракетні удари по українських туристичних місцях, офісах та жвавих перехрестях, завдані Росією 10-11 жовтня, можуть бути прирівняні до військового злочину. Президенти 11 країн Європи у спільній заяві також наголосили, що російські ракетні атаки на українські міста – це воєнний злочин, який не має термінів давності й підпадає під юрисдикцію судів усього світу.,Крім того, 10 жовтня в Нью-Йорку поновила роботу 11-та надзвичайна спеціальна сесія ООН з питань України. Делегати зібралися, щоб обговорити проект резолюції, де засуджуються так звані «референдуми», незаконно проведені Росією на окупованих територіях України. Однак обговорення затьмарили кровопролитні російські атаки по українських містах: із країн, що виступили під час засідання, всі, крім Росії, засудили варварські російські удари. При цьому представники низки делегацій наголосили, що кремлівські атаки можна прирівняти до воєнних злочинів. Дебати на Генеральній Асамблеї відновляться 12 жовтня, тоді ж планується й голосування щодо нової резолюції на підтримку України.,Вранці 11 жовтня Росія продовжила атаки по цивільних цілях в Україні: окупанти завдали ударів 28 крилатими ракетами та іранськими безпілотниками – Україна знешкодила 20 ракет та 13 БПЛА Shahed-136. Збитки від нових ударів Росії по Україні ще оцінювалися, але вже відомо про загиблих і поранених, а також про пошкоджену енергоінфраструктуру Львівської, Вінницької, Дніпропетровської областей. 

 ##output:<|eot_id|><|start_header_id|>assistant<|end_header_id|>

","<|begin_of_text|><|start_header_id|>system<|end_header_id|>

Cutting Knowledge Date: December 2023
Today Date: 26 Jul 2024

You are a multilingual fact-checking expert. Classify the claim into: SUPPORTED, REFUTED, NEI.

Output format:
Claim Veracity: [label]<|eot_id|><|start_header_id|>user<|end_header_id|>

##Instruction: Classify the given Ukrainian claim into: SUPPORTED, REFUTED, NEI.
Provide exactly one label.

##input: Claim:  Удари «по військових цілях» в Україні стали відповіддю на «атаку на Керченський міст»

Evidences:
Evidence_1: Окупанти задіяли для удару по об’єктах критичної інфраструктури України 84 крилаті ракети і 24 безпілотних літальних апарати, включаючи іранські дрони-камікадзе Shahed-136. Із сотні випущених ракет українські війська знешкодили понад половину – загалом знищено 56 повітряних цілей. Кремль запевняє, що у масованому ударі «винна сама Україна» і це нібито «відповідь» на вибух, який стався 8 жовтня на мосту через Керченську протоку. Проте спростовує заяву Путіна. За даними Головного управління розвідки України (ГУР), Росія розпочала підготовку до цієї атаки ще в перших числах жовтня – на мосту, незаконно побудованому Росією. У ГУР наголосили, що 2-3 жовтня в російські військові частини стратегічної та дальньої авіації надійшли накази про підготовку до масованих ударів по Україні. Цілями визначалися об’єкти критичної цивільної інфраструктури та центральні райони густонаселених українських міст. Координатор Ради національної безпеки зі стратегічних комунікацій США Джон Кірбі 11 жовтня підтвердив цю інформацію, наголосивши, що Росія справді давно готувала масовану ракетну атаку на українські міста. Путіну не потрібен був ніякий «привід», щоб розпочати бомбардування українських міст, – так само, як і 24 лютого 2022 року, коли Росія без ніяких на те підстав розпочала повномасштабне вторгнення в Україну. Внаслідок російської атаки на цивільні об’єкти України, за попередніми даними на 11 жовтня, загинуло 19 людей, ще 105 – травмовано,  повідомили у Державній службі з надзвичайних ситуацій. Внаслідок ударів по об’єктах критичної та цивільної інфраструктури тимчасово було знеструмлено близько 4000 населених пунктів по всій території України.

Evidence_2: 10 жовтня Росія атакувала не військові об’єкти України, а цивільну інфраструктуру – внаслідок російського ракетного удару загинули та отримали порання десятки мирних українців. **
Після масованої ракетної атаки Росії на цивільні об’єкти у низці українських міст 10 жовтня прокремлівські медіа почали поширювати дезінформацію про «, завданих України». З посиланням на слова російського президента кремлівські ЗМІ заявили, що в масованій атаці на цивільні об’єкти нібито винна сама Україна. Цитуючи Путіна, пропагандисти заявили, що ракетні удари по Україні – це «», як вони називають вибух, що стався 8 жовтня на незаконно побудованому Росією мосту через Керченську протоку. Вранці 10 жовтня Росія обрушила на українські міста десятки ракет і дронів-камікадзе. Окупанти задіяли для удару по об’єктах критичної інфраструктури України 84 крилаті ракети і 24 безпілотних літальних апарати, включаючи іранські дрони-камікадзе Shahed-136. Із сотні випущених ракет українські війська знешкодили понад половину – загалом знищено 56 повітряних цілей. Кремль запевняє, що у масованому ударі «винна сама Україна» і це нібито «відповідь» на вибух, який стався 8 жовтня на мосту через Керченську протоку. Проте спростовує заяву Путіна. За даними Головного управління розвідки України (ГУР), Росія розпочала підготовку до цієї атаки ще в перших числах жовтня – на мосту, незаконно побудованому Росією. У ГУР наголосили, що 2-3 жовтня в російські військові частини стратегічної та дальньої авіації надійшли накази про підготовку до масованих ударів по Україні.

Evidence_3: Get help
A password will be e-mailed to you. **За даними українських і зарубіжних розвідок, Росія планувала цей масований ракетний удар по Україні ще до пошкодження незаконно спорудженого моста через Керченську протоку. 10 жовтня Росія атакувала не військові об’єкти України, а цивільну інфраструктуру – внаслідок російського ракетного удару загинули та отримали порання десятки мирних українців. **
Після масованої ракетної атаки Росії на цивільні об’єкти у низці українських міст 10 жовтня прокремлівські медіа почали поширювати дезінформацію про «, завданих України». З посиланням на слова російського президента кремлівські ЗМІ заявили, що в масованій атаці на цивільні об’єкти нібито винна сама Україна. Цитуючи Путіна, пропагандисти заявили, що ракетні удари по Україні – це «», як вони називають вибух, що стався 8 жовтня на незаконно побудованому Росією мосту через Керченську протоку. Вранці 10 жовтня Росія обрушила на українські міста десятки ракет і дронів-камікадзе.

Evidence_4: Внаслідок ракетного удару Росії по Львову близько 90% міста тимчасово залишилося без електропостачання. У стали об’єкти критичної інфраструктури, житлові будинки та зупинки транспорту. Ударів по українських містах було завдано, коли люди йшли на роботу. Жоден з перелічених вище об’єктів не має ніякого стосунку до військової інфраструктури, як запевняють російські ЗМІ, зате в цих місцях завжди багатолюдно. Коментуючи свою криваву атаку, Росія заявила, що «задоволена результатом» ударів, які «досягли заявлених цілей» – . Нелюдські удари Росії по цивільних об’єктах в Україні викликали різке засудження та шок у різних країнах та міжнародних організаціях. назвав російську атаку на мирне населення жорстоким і незаконним нападом на цілі без військового призначення. Верховний представник ЄС із закордонних справ та політики безпеки , що атакам на цивільне населення немає місця у XXI столітті. Президент Європейської Ради Шарль Мішель заявив, що невибіркові атаки Кремля демонструють його розпач, і закликав притягти Росію до відповідальності. Зі слів представника Управління Верховного комісара ООНі з прав людини (УВКПЛ) Равіни Шамдасані, ракетні удари по українських туристичних місцях, офісах та жвавих перехрестях, завдані Росією 10-11 жовтня, можуть бути прирівняні до військового злочину. Президенти 11 країн Європи у спільній заяві також наголосили, що російські ракетні атаки на українські міста – це воєнний злочин, який не має термінів давності й підпадає під юрисдикцію судів усього світу. Крім того, 10 жовтня в Нью-Йорку поновила роботу 11-та надзвичайна спеціальна сесія ООН з питань України.

Evidence_5: Цілями визначалися об’єкти критичної цивільної інфраструктури та центральні райони густонаселених українських міст. Координатор Ради національної безпеки зі стратегічних комунікацій США Джон Кірбі 11 жовтня підтвердив цю інформацію, наголосивши, що Росія справді давно готувала масовану ракетну атаку на українські міста. Путіну не потрібен був ніякий «привід», щоб розпочати бомбардування українських міст, – так само, як і 24 лютого 2022 року, коли Росія без ніяких на те підстав розпочала повномасштабне вторгнення в Україну. Внаслідок російської атаки на цивільні об’єкти України, за попередніми даними на 11 жовтня, загинуло 19 людей, ще 105 – травмовано,  повідомили у Державній службі з надзвичайних ситуацій. Внаслідок ударів по об’єктах критичної та цивільної інфраструктури тимчасово було знеструмлено близько 4000 населених пунктів по всій території України. На ранок 11 жовтня залишався без електроенергії 301 населений пункт у Київській, Львівській, Сумській, Тернопільській та Хмельницькій областях. Упродовж п’яти годин 10 жовтня Росія наносила серії ударів по найбільш багатолюдних місцях в українських містах. Одна з ракет у Києві влучила у жваве перехрестя в центрі міста в годину пік, коли люди добиралися на роботу. Ще одна ракета в Києві влучила в декоративний пішохідний міст у центрі, удари було завдано й по дитячих майданчиках, житлових будинках, школах. Російські ракети також прилетіли по об’єктах дипломатичних установ іноземних держав у Києві, повідомив речник українського Міністерства закордонних справ Олег Ніколенко. Одна з ракет пошкодила візовий відділ Посольства Німеччини в Україні, друга – будівлю, де працює персонал Консультативної місії ЄС. Загалом в одному лише Києві 10 жовтня було пошкоджено близько 70 будівель.

##output:<|eot_id|><|start_header_id|>assistant<|end_header_id|>

",refuted,supported,
On using Gov. Scott Walker  s collective-bargaining limits to help balance the city of Milwaukee budget,"<|begin_of_text|><|start_header_id|>system<|end_header_id|>

Cutting Knowledge Date: December 2023
Today Date: 26 Jul 2024

You are a multilingual fact-checking expert. You are given a news claim along with raw evidence related to the claim. Do not consider any other evidence. Your task is to evaluate the veracity of the claim based solely on the provided raw evidence.

 Output your answer in exactly the following format:
 Claim Veracity: [label]

 Answer with one word: SUPPORTED, REFUTED, NEI<|eot_id|><|start_header_id|>user<|end_header_id|>

##Instruction: Classify the given English claim into one of the three categories (SUPPORTED, REFUTED, NEI) based on the provided evidence.

1. SUPPORTED: Fully supported by the evidence.
2. REFUTED: Clearly contradicted or unsupported by the evidence.
3. NEI: Not enough information to make a decision.

Provide exactly one label.

##input: Claim: On using Gov. Scott Walker  s collective-bargaining limits to help balance the city of Milwaukee budget

Evidences:
Evidence_1: 1. ""Scott Walker's Collective-Bargaining Limits"" - The Hill     2. ""Milwaukee City Budget and Scott Walker's Limits"" - CNN     3. ""Scott Walker's Limits on Collective Bargaining and Milwaukee Budget"" - NBC News     4. ""Scott Walker's Collective Bargaining Limits and Milwaukee Budget"" - Fox News     5. ""Scott Walker's Collective Bargaining Limits and Milwaukee Budget: York Times   

 ##output:<|eot_id|><|start_header_id|>assistant<|end_header_id|>

","<|begin_of_text|><|start_header_id|>system<|end_header_id|>

Cutting Knowledge Date: December 2023
Today Date: 26 Jul 2024

You are a multilingual fact-checking expert. Classify the claim into: SUPPORTED, REFUTED, NEI.

Output format:
Claim Veracity: [label]<|eot_id|><|start_header_id|>user<|end_header_id|>

##Instruction: Classify the given English claim into: SUPPORTED, REFUTED, NEI.
Provide exactly one label.

##input: Claim: On using Gov. Scott Walker  s collective-bargaining limits to help balance the city of Milwaukee budget

Evidences:
Evidence_1: ###  Stand up for the facts! Our only agenda is to publish the truth so you can be an informed participant in democracy. We need your help. ###  I would like to contribute 
stated on October 26, 2011: 
On using Gov. Scott Walker’s collective-bargaining limits to help balance the city of Milwaukee budget 
When Republican Gov. Scott Walker unveiled his controversial curbs on collective bargaining, Milwaukee Mayor Tom Barrett blasted away. Milwaukee, Barrett said, could get health and pension concessions from public employees at the bargaining table without and trying to . The mayor, who ran against Walker in the 2010 election, by Senate Democrats to flee to Illinois to block a quorum on Walker’s bill. Eight months later, the Democratic mayor took advantage of a key plank in Walker’s bill to help save millions on health insurance costs and balance without having to negotiate with city unions. In the past, the city would have had to negotiate such a change. Not after Walker’s move. As the Milwaukee Common Council considers Barrett’s budget proposal, and some in labor launch barbs at him, it seems like a good time to roll out the Flip-O-Meter. First, our requisite reminder: The Flip-O-Meter measures whether a political figure has changed positions. It does not evaluate whether any move is good politics or good policy.

Evidence_2: But he made clear he believed he could have used the ""rough and tumble"" of collective bargaining with unions to get concessions similar to what Walker wanted. Impact on city budget: Barrett predicted that Milwaukee’s budget would come out a big loser due to the aid cuts in Walker’s two-year budget. He that the combination of aid cuts, rising expenses, a levy freeze and exempting public safety workers from benefit changes ""just makes our structural deficit explode."" Walker said just the opposite, and he was right: By August, city estimates showed a potential gain of at least $11 million from the two separate state budget bills. Most of the savings, the Journal Sentinel reported in August, could come from health care benefit changes that Barrett didn't have to negotiate with unions -- thanks to Walker’s changes. So we saw Barrett criticizing the bill in pretty stark terms -- inaccurately in one case. But he liked some of it, and even wanted more. Here’s where this gets interesting. Paying more: The mayor -- early and often -- said public employees would , , and the public wanted them to pay more. It’s notable that Barrett said that even before the big public unions publicly said they would if he dropped the limits on bargaining. With an eye on solving his own budget problems, Barrett said Feb. 22, 2011, that he’d support city employees paying the same higher contributions as state workers. He even for paving the way by getting a ""mandate"" in his election win for raising state pension and health contributions. And the mayor sought to push state lawmakers to go even further than Walker, who had proposed exempting public safety unions from the collective bargaining limits. He lawmakers to subject police and fire unions to the same bargaining limits as other public employee unions so the sacrifice could be shared among all workers.

Evidence_3: Barrett minced no words. He said the law enforcement retirement and health benefits were "" The mayor went further. As the standoff with AWOL Democrats continued over Walker’s bill, Barrett called Feb. 24, 2011, for an to Walker’s bill. Specifically, he said the GOP should set aside the sharp limits on union bargaining and just vote on requiring the benefits changes. As the Journal Sentinel reported, Barrett would ""impose the health care and pension changes and extend those changes to all public employees, leaving the rest of the budget-repair bill's provisions for separate debate later."" He also to require city of Milwaukee workers to pay 12 percent of their health premiums -- just as Walker was proposing for state employees and some municipal workers not in Milwaukee. Mandate the benefits changes at a specific level? That would mean having the state dictate what amount Milwaukee workers should pay. That’s a far cry from local collective bargaining and would have taken away some flexibility on letting some communities decide what to impose. Was Barrett sending out mixed signals -- criticizing excessive excessive limits on collective bargaining, while he endorsed scrapping them for health care, one of the biggest-ticket items? Barrett told us his statements were not meant to endorse limits on health care bargaining. When we asked how else his proposal would have imposed greater health contributions on local workers, he said he was only trying to goad GOP legislators and Walker into a separate vote on the limits. Enough with the words. Now let’s look at Barrett’s deeds in summer and fall of 2011, when it came time to decide whether to use the ""tools.""

Evidence_4: That’s a far cry from local collective bargaining and would have taken away some flexibility on letting some communities decide what to impose. Was Barrett sending out mixed signals -- criticizing excessive excessive limits on collective bargaining, while he endorsed scrapping them for health care, one of the biggest-ticket items? Barrett told us his statements were not meant to endorse limits on health care bargaining. When we asked how else his proposal would have imposed greater health contributions on local workers, he said he was only trying to goad GOP legislators and Walker into a separate vote on the limits. Enough with the words. Now let’s look at Barrett’s deeds in summer and fall of 2011, when it came time to decide whether to use the ""tools."" In September 2011, as he prepared his budget proposal, Barrett was free to impose more health-care cost sharing because the GOP had removed it as a mandatory subject of bargaining by the budget-repair bill. He did so, at basically the same level as the bill required for state employees (12 percent). It was a big key to balancing his budget while avoiding major cuts. He also followed through on his promise to get the police and fire unions -- with whom he still has to bargain -- to agree or to consider paying more towards health insurance. He also offered them a wage increase for 2012. Police supervisors and firefighters ratified the deal; rejected it. Barrett shied away from crediting Walker, citing the city’s past success getting employee unions to agree to pay more. This sequence of events rubbed the city’s biggest labor union the wrong way.

Evidence_5: In the past, the city would have had to negotiate such a change. Not after Walker’s move. As the Milwaukee Common Council considers Barrett’s budget proposal, and some in labor launch barbs at him, it seems like a good time to roll out the Flip-O-Meter. First, our requisite reminder: The Flip-O-Meter measures whether a political figure has changed positions. It does not evaluate whether any move is good politics or good policy. Some will see a change as being open to new ideas, others as political pandering. Now, a brief history lesson: On Feb. 11, 2011, Walker introduced what became Act 10, the historic budget-repair bill that required state employees to pay more for health insurance and pensions, as part of his move to take away most collective bargaining rights from most public workers. Protesters flocked to Madison and occupied the Capitol rotunda for weeks. The bill also extended the state-employee benefit cuts to local municipalities and schools by taking health and pension out of bargaining for most unions at the local level as well. The law requires local communities whose employees are in the state health plan for local governments to move to start charging employees 12 percent toward health care premiums. Milwaukee is not in that plan, so it was free to set whatever level of cost sharing it wanted.

##output:<|eot_id|><|start_header_id|>assistant<|end_header_id|>

",supported,nei,
泽连斯基与法、土总统分别通话 佩斯科夫说俄西关系将长期处于对抗状态,"<|begin_of_text|><|start_header_id|>system<|end_header_id|>

Cutting Knowledge Date: December 2023
Today Date: 26 Jul 2024

You are a multilingual fact-checking expert. You are given a news claim along with raw evidence related to the claim. Do not consider any other evidence. Your task is to evaluate the veracity of the claim based solely on the provided raw evidence.

 Output your answer in exactly the following format:
 Claim Veracity: [label]

 Answer with one word: SUPPORTED, REFUTED, NEI<|eot_id|><|start_header_id|>user<|end_header_id|>

##Instruction: Classify the given Chinese claim into one of the three categories (SUPPORTED, REFUTED, NEI) based on the provided evidence.

1. SUPPORTED: Fully supported by the evidence.
2. REFUTED: Clearly contradicted or unsupported by the evidence.
3. NEI: Not enough information to make a decision.

Provide exactly one label.

##input: Claim: 泽连斯基与法、土总统分别通话 佩斯科夫说俄西关系将长期处于对抗状态

Evidences:
Evidence_1: [1]: ""International Monetary Fund - Live - IMF""[2]: ""Central Bank Digital Currency Tracker - Atlantic Council""[3]: ""SHANGHAI SK TOWER""[4]: ""弗拉基米尔·泽连斯基 - 维基百科，自由的百科全书""[5]: ""乌战：泽连斯基说中国立场模棱两可 与习近平说话有点难""[6]: ""现任乌克兰总统泽连斯基上任以来表现如何？ - 知乎""您好，这是必应。我找到了以下五条相关消息：- 泽连斯基与马克龙通话，讨论了乌克兰东部局势和明斯克协议的执行，以及法国在欧盟和北约中的支持[^1^][4]。- 泽连斯基与埃尔多安通话，感谢土耳其对乌克兰主权和领土完整的支持，以及在黑海地区维护和平与稳定的作用[^1^][4]。- 佩斯科夫说俄罗斯与西方国家的关系将长期处于对抗状态，因为西方不愿意尊重俄罗斯的利益和主权[^2^][5]。- 法国总统马克龙指俄罗斯正在成为中国的附庸，呼吁欧洲加强自身的防务能力和战略自主[^3^][6]。- 泽连斯基说中国在乌克兰问题上的立场模棱两可，与习近平说话有点难，希望中国能够更积极地支持乌克兰的主权和领土完整。您还想了解什么？😊 

 ##output:<|eot_id|><|start_header_id|>assistant<|end_header_id|>

","<|begin_of_text|><|start_header_id|>system<|end_header_id|>

Cutting Knowledge Date: December 2023
Today Date: 26 Jul 2024

You are a multilingual fact-checking expert. Classify the claim into: SUPPORTED, REFUTED, NEI.

Output format:
Claim Veracity: [label]<|eot_id|><|start_header_id|>user<|end_header_id|>

##Instruction: Classify the given Chinese claim into: SUPPORTED, REFUTED, NEI.
Provide exactly one label.

##input: Claim: 泽连斯基与法、土总统分别通话 佩斯科夫说俄西关系将长期处于对抗状态

Evidences:
Evidence_1: * 

人 民 网 版 权 所 有 ，未 经 书 面 授 权 禁 止 使 用 Copyright © 1997-2022 by www.people.com.cn. all rights reserved

##output:<|eot_id|><|start_header_id|>assistant<|end_header_id|>

",nei,supported,
乌克兰总统要求俄罗斯把亚洲土地还给亚洲人,"<|begin_of_text|><|start_header_id|>system<|end_header_id|>

Cutting Knowledge Date: December 2023
Today Date: 26 Jul 2024

You are a multilingual fact-checking expert. You are given a news claim along with raw evidence related to the claim. Do not consider any other evidence. Your task is to evaluate the veracity of the claim based solely on the provided raw evidence.

 Output your answer in exactly the following format:
 Claim Veracity: [label]

 Answer with one word: SUPPORTED, REFUTED, NEI<|eot_id|><|start_header_id|>user<|end_header_id|>

##Instruction: Classify the given Chinese claim into one of the three categories (SUPPORTED, REFUTED, NEI) based on the provided evidence.

1. SUPPORTED: Fully supported by the evidence.
2. REFUTED: Clearly contradicted or unsupported by the evidence.
3. NEI: Not enough information to make a decision.

Provide exactly one label.

##input: Claim:  乌克兰总统要求俄罗斯把亚洲土地还给亚洲人

Evidences:
Evidence_1: [1]: ""Ukraine in maps: the war with Russia - BBC News"" [2]: ""Home - BBC News"" [3]: ""The latest news as Russian president Vladimir Putin could soon decide ...""  乌克兰总统泽连斯基在2022年12月13日的一次新闻发布会上表示，俄罗斯应该把亚洲土地还给亚洲人[^1^][1]。这是在乌克兰与俄罗斯之间的紧张关系升级之后，泽连斯基发表的言论。目前，乌克兰和俄罗斯之间的关系非常紧张，自2014年以来，乌克兰一直在与俄罗斯进行冲突[^2^][2]。  以下是五篇相关新闻的详细内容和来源：  1. 《BBC》：[乌克兰在地图上：追踪与俄罗斯的战争] 。文章介绍了乌克兰与俄罗斯之间的战争，并提供了最新的发展情况。 2. 《BBC》：[主页 - BBC新闻] 。BBC新闻提供了最新的全球和英国新闻，以及本地和区域性的视角。 3. 《美国今日》：[乌克兰-俄罗斯边境危机：普京可能很快做出决定] 。文章介绍了普京和边境冲突的最新情况。  希望这些信息能够帮到您。 

 ##output:<|eot_id|><|start_header_id|>assistant<|end_header_id|>

","<|begin_of_text|><|start_header_id|>system<|end_header_id|>

Cutting Knowledge Date: December 2023
Today Date: 26 Jul 2024

You are a multilingual fact-checking expert. Classify the claim into: SUPPORTED, REFUTED, NEI.

Output format:
Claim Veracity: [label]<|eot_id|><|start_header_id|>user<|end_header_id|>

##Instruction: Classify the given Chinese claim into: SUPPORTED, REFUTED, NEI.
Provide exactly one label.

##input: Claim:  乌克兰总统要求俄罗斯把亚洲土地还给亚洲人

Evidences:


##output:<|eot_id|><|start_header_id|>assistant<|end_header_id|>

",nei,refuted,
安理会任何行动都要真正有利于化解乌克兰危机,"<|begin_of_text|><|start_header_id|>system<|end_header_id|>

Cutting Knowledge Date: December 2023
Today Date: 26 Jul 2024

You are a multilingual fact-checking expert. You are given a news claim along with raw evidence related to the claim. Do not consider any other evidence. Your task is to evaluate the veracity of the claim based solely on the provided raw evidence.

 Output your answer in exactly the following format:
 Claim Veracity: [label]

 Answer with one word: SUPPORTED, REFUTED, NEI<|eot_id|><|start_header_id|>user<|end_header_id|>

##Instruction: Classify the given Chinese claim into one of the three categories (SUPPORTED, REFUTED, NEI) based on the provided evidence.

1. SUPPORTED: Fully supported by the evidence.
2. REFUTED: Clearly contradicted or unsupported by the evidence.
3. NEI: Not enough information to make a decision.

Provide exactly one label.

##input: Claim: 安理会任何行动都要真正有利于化解乌克兰危机

Evidences:
Evidence_1: [1]: ""自俄乌冲突以来 安理会首次一致通过关于乌克兰的声明_凤凰网""[2]: ""安理会就乌克兰局势举行紧急会议 | | 1联合国新闻""[3]: ""详讯：联合国安理会未通过关于乌克兰局势的决议草案_新闻频道_央视网(cctv.com)""您好，这是必应。我没有找到与您的查询“安理会任何行动都要真正有利于化解乌克兰危机”完全匹配的新闻。但是，我找到了一些与安理会和乌克兰危机相关的新闻，也许您会感兴趣。以下是三条相关新闻的标题和摘要：- 自俄乌冲突以来 安理会首次一致通过关于乌克兰的声明[^1^][1]：据俄新社报道，自俄罗斯联邦展开特别军事行动以来，联合国安理会第一次一致通过了关于乌克兰的声明。美国常驻联合国代表托马斯-格林菲尔德（Thomas-Greenfield）在会后表示，这一声明是“一个重要的信号”，表明安理会成员对乌克兰主权和领土完整的支持。- 安理会就乌克兰局势举行紧急会议[^2^][2]：联合国安理会今晚就乌克兰问题举行紧急会议。主管政治和建设和平事务的副秘书长迪卡洛（Rosemary DiCarlo）“怀着极大的关切和悲痛”通报了乌克兰境内和周边地区正在发生的危险局势。迪卡洛表示，秘书长古特雷斯在今天的声明中呼吁所有各方保持最大限度的克制，并避免任何可能导致事态进一步恶化的行动。- 详讯：联合国安理会未通过关于乌克兰局势的决议草案[^3^][3]：联合国安理会25日未通过一项关于乌克兰局势的决议草案。联合国秘书长古特雷斯随后表示，联合国不会放弃寻找解决乌克兰危机的办法。这一草案由美国和欧盟成员国提出，呼吁俄罗斯停止对乌克兰的军事威胁，并遵守明斯克协议。但是，俄罗斯否决了这一草案。以上是我找到的相关新闻，请问您还有什么问题吗？😊 

 ##output:<|eot_id|><|start_header_id|>assistant<|end_header_id|>

","<|begin_of_text|><|start_header_id|>system<|end_header_id|>

Cutting Knowledge Date: December 2023
Today Date: 26 Jul 2024

You are a multilingual fact-checking expert. Classify the claim into: SUPPORTED, REFUTED, NEI.

Output format:
Claim Veracity: [label]<|eot_id|><|start_header_id|>user<|end_header_id|>

##Instruction: Classify the given Chinese claim into: SUPPORTED, REFUTED, NEI.
Provide exactly one label.

##input: Claim: 安理会任何行动都要真正有利于化解乌克兰危机

Evidences:
Evidence_1: * 

《 人民日报 》（ 2022年02月27日 03 版）
人 民 网 版 权 所 有 ，未 经 书 面 授 权 禁 止 使 用 Copyright © 1997-2022 by www.people.com.cn. all rights reserved

##output:<|eot_id|><|start_header_id|>assistant<|end_header_id|>

",supported,nei,
133 athletes and coaches have died during six months of war in Ukraine,"<|begin_of_text|><|start_header_id|>system<|end_header_id|>

Cutting Knowledge Date: December 2023
Today Date: 26 Jul 2024

You are a multilingual fact-checking expert. You are given a news claim along with raw evidence related to the claim. Do not consider any other evidence. Your task is to evaluate the veracity of the claim based solely on the provided raw evidence.

 Output your answer in exactly the following format:
 Claim Veracity: [label]

 Answer with one word: SUPPORTED, REFUTED, NEI<|eot_id|><|start_header_id|>user<|end_header_id|>

##Instruction: Classify the given English claim into one of the three categories (SUPPORTED, REFUTED, NEI) based on the provided evidence.

1. SUPPORTED: Fully supported by the evidence.
2. REFUTED: Clearly contradicted or unsupported by the evidence.
3. NEI: Not enough information to make a decision.

Provide exactly one label.

##input: Claim: 133 athletes and coaches have died during six months of war in Ukraine

Evidences:
Evidence_1: [1]: ""133 athletes and coaches have died during six months of war in Ukraine""[2]: ""Ukraine Minister Laments As He Revealed 133 Athletes, Coaches Killed In ...""[3]: ""Ukraine's Ministry of Youth and Sports says 133 athletes and coaches ...""[4]: ""Ukraine: athletes and coaches have died during the war, as the ...""Here are five relevant news articles about the death toll of Ukrainian athletes and coaches:- **133 athletes and coaches have died during six months of war in Ukraine**[^1^][1]: Ukraine Ministry of Youth and Sports announced that Russia's war in Ukraine has claimed the lives of 133 Ukrainian athletes and coaches. The minister said that the flag and anthem will no longer be raised or played in honor of the deceased athletes.- **Ukraine Minister Laments As He Revealed 133 Athletes, Coaches Killed In War**[^2^][2]: Ukraine Ministry of Youth and Sports revealed that 133 athletes and coaches have died during six months of war in the country. The ministry banned the raising of flags and playing the national anthems at sports events.- **Ukraine's Ministry of Youth and Sports says 133 athletes and coaches have been killed during the Russian invasion of Ukraine**[^3^][3]: Ukrainian Ministry of Youth and Sports announced that at least 133 Ukrainian athletes and coaches have been killed during the Russian invasion of Ukraine. The ministry did not provide any details on how or where they died.- **Ukraine: athletes and coaches have died during the war, as the country marks six months of conflict**[^4^][4]: Ukraine Ministry of Youth and Sports said that 133 athletes and coaches have died during the war in Ukraine, as the country marks six months of conflict. The ministry said that some of them were killed while defending their homeland, while others died from injuries or illnesses caused by the war.- **Ukraine mourns 133 sportsmen killed by Russian aggression**: Ukraine Ministry of Youth and Sports mourned 133 sportsmen killed by Russian aggression. The ministry said that they were heroes who sacrificed their lives for freedom and dignity. The ministry also listed some of the names and achievements of the deceased sportsmen.What are you looking for specifically? ? 

 ##output:<|eot_id|><|start_header_id|>assistant<|end_header_id|>

","<|begin_of_text|><|start_header_id|>system<|end_header_id|>

Cutting Knowledge Date: December 2023
Today Date: 26 Jul 2024

You are a multilingual fact-checking expert. Classify the claim into: SUPPORTED, REFUTED, NEI.

Output format:
Claim Veracity: [label]<|eot_id|><|start_header_id|>user<|end_header_id|>

##Instruction: Classify the given English claim into: SUPPORTED, REFUTED, NEI.
Provide exactly one label.

##input: Claim: 133 athletes and coaches have died during six months of war in Ukraine

Evidences:


##output:<|eot_id|><|start_header_id|>assistant<|end_header_id|>

",supported,nei,
俄方导弹击中北约地下指挥中心致40名高级军官丧生,"<|begin_of_text|><|start_header_id|>system<|end_header_id|>

Cutting Knowledge Date: December 2023
Today Date: 26 Jul 2024

You are a multilingual fact-checking expert. You are given a news claim along with raw evidence related to the claim. Do not consider any other evidence. Your task is to evaluate the veracity of the claim based solely on the provided raw evidence.

 Output your answer in exactly the following format:
 Claim Veracity: [label]

 Answer with one word: SUPPORTED, REFUTED, NEI<|eot_id|><|start_header_id|>user<|end_header_id|>

##Instruction: Classify the given Chinese claim into one of the three categories (SUPPORTED, REFUTED, NEI) based on the provided evidence.

1. SUPPORTED: Fully supported by the evidence.
2. REFUTED: Clearly contradicted or unsupported by the evidence.
3. NEI: Not enough information to make a decision.

Provide exactly one label.

##input: Claim:  俄方导弹击中北约地下指挥中心致40名高级军官丧生

Evidences:
Evidence_1: 1. 消息来源：俄罗斯卫星通讯社（Russian Satellite News Agency，简称RNS）    内容：据RNS报道，俄罗斯一枚导弹袭击了北约地下指挥中心，造成40名高级军官丧生。  2. 消息来源：英国广播公司（BBC）    内容：BBC报道称，俄罗斯一枚导弹袭击了北约地下指挥中心，导致40名高级军官丧生。  3. 消息来源：美国有线电视新闻网（CNN）    内容：CNN报道称，俄罗斯一枚导弹袭击了北约地下指挥中心，造成40名高级军官丧生。   

 ##output:<|eot_id|><|start_header_id|>assistant<|end_header_id|>

","<|begin_of_text|><|start_header_id|>system<|end_header_id|>

Cutting Knowledge Date: December 2023
Today Date: 26 Jul 2024

You are a multilingual fact-checking expert. Classify the claim into: SUPPORTED, REFUTED, NEI.

Output format:
Claim Veracity: [label]<|eot_id|><|start_header_id|>user<|end_header_id|>

##Instruction: Classify the given Chinese claim into: SUPPORTED, REFUTED, NEI.
Provide exactly one label.

##input: Claim:  俄方导弹击中北约地下指挥中心致40名高级军官丧生

Evidences:


##output:<|eot_id|><|start_header_id|>assistant<|end_header_id|>

",nei,refuted,
"Сербія, всупереч повідомленням з РФ, не евакуює посольство: поїхали з Києва ще в березні","<|begin_of_text|><|start_header_id|>system<|end_header_id|>

Cutting Knowledge Date: December 2023
Today Date: 26 Jul 2024

You are a multilingual fact-checking expert. You are given a news claim along with raw evidence related to the claim. Do not consider any other evidence. Your task is to evaluate the veracity of the claim based solely on the provided raw evidence.

 Output your answer in exactly the following format:
 Claim Veracity: [label]

 Answer with one word: SUPPORTED, REFUTED, NEI<|eot_id|><|start_header_id|>user<|end_header_id|>

##Instruction: Classify the given Ukrainian claim into one of the three categories (SUPPORTED, REFUTED, NEI) based on the provided evidence.

1. SUPPORTED: Fully supported by the evidence.
2. REFUTED: Clearly contradicted or unsupported by the evidence.
3. NEI: Not enough information to make a decision.

Provide exactly one label.

##input: Claim: Сербія, всупереч повідомленням з РФ, не евакуює посольство: поїхали з Києва ще в березні

Evidences:
Evidence_1: Сербія, всупереч повідомленням з РФ, не евакуює посольство: поїхали з Києва ще в березні ПРАПОР СЕРБІЇ, ФОТО PIXABAY 

 ##output:<|eot_id|><|start_header_id|>assistant<|end_header_id|>

","<|begin_of_text|><|start_header_id|>system<|end_header_id|>

Cutting Knowledge Date: December 2023
Today Date: 26 Jul 2024

You are a multilingual fact-checking expert. Classify the claim into: SUPPORTED, REFUTED, NEI.

Output format:
Claim Veracity: [label]<|eot_id|><|start_header_id|>user<|end_header_id|>

##Instruction: Classify the given Ukrainian claim into: SUPPORTED, REFUTED, NEI.
Provide exactly one label.

##input: Claim: Сербія, всупереч повідомленням з РФ, не евакуює посольство: поїхали з Києва ще в березні

Evidences:
Evidence_1: Однак, як уточнив у коментарі ""Європейській правді"" речник МЗС України Олег Ніколенко, **насправді закриття сербського посольства відбулося відразу після повномасштабного вторгнення РФ**. ""Співробітники посольства Сербії виїхали із України на початку березня. Відтоді сербські дипломати продовжують працювати з Белграда"", - заявив Ніколенко. Seek to live, currently behind live
  * , opens subtitles settings dialog


This is a modal window. Beginning of dialog window. Escape will cancel and close the window. Reset restore all settings to the default values
Не виключено, що новина про закриття посольства Сербії була запущена у інформаційний простір свідомо, для створення враження про посилення загроз для Києва. Нагадаємо, що раніше про плани евакуації частини співробітників свого посольства у Києві заявив Казахстан. Щоправда, там заявляли, що посольство продовжить свою роботу. Шановні читачі, просимо дотримуватись 
 Віруюча Оліслагерс, рекордсменка Великої Британії та дочка зірки НФЛ: чим відомі суперниці Магучіх і Левченко 
 Прем’єр Хорватії вважає, що Сербія перебуває на межі громадянської війни 
 У Белграді пройшов багатотисячний протест з вимогою дострокових виборів 
 Костюк перемогла білоруску і вийшла в 1/8 фіналу престижного турніру в Пекіні 
 У Румунії сталась велика пожежа в готелі, ймовірно, є загиблі 
 Американська кров пролита на українській землі. Як донька Кіта Келлога Меган Моббс повертає імена загиблим в Україні 
 Росіяни вночі атакували 32-ма дронами, є влучання у 8 локаціях: атака триває 
 Нафта відреагувала на збільшення експорту з Курдистану і плани видобутку ОПЕК 
 Глава Євроради переконує ЄС розблокувати процес вступу України в обхід Угорщини – ЗМІ 
 2 загиблих і 20 поранених унаслідок російських атак у чотирьох областях України 
 В ЄС зросла кількість придбаних нових авто: найпопулярніші моделі серпня

Evidence_2: Низка російських, а згодом і українських ЗМІ поширили хибну інформацію про тимчасове закриття посольства Сербії в Україні. Як повідомляє """", першими така інформація з'явилася на російських сайтах, зокрема , та на сайті телеканалу . Зазначимо, що названі видання є підконтрольними російській владі та системно використовуються в інформаційних спецопераціях. ""Посольство Сербії сьогодні було тимчасово закрите. З України виїхало троє дипломатів та ще один співробітник посольства, вони безпечно евакуювалися"",- пише EADaily, стверджуючи, що цитує повідомлення сербського МЗС. Варто зауважити що сьогодні, 16 жовтня, Белград не поширював такої заяви. Також усі видання посилаються на повідомлення з сайту посольства Сербії в Україні. Там дійсно оприлюднено інформацію про тимчасове закриття посольства та перенесення роботи до Белграда, без зазначення дати публікації. Однак, як уточнив у коментарі ""Європейській правді"" речник МЗС України Олег Ніколенко, **насправді закриття сербського посольства відбулося відразу після повномасштабного вторгнення РФ**. ""Співробітники посольства Сербії виїхали із України на початку березня. Відтоді сербські дипломати продовжують працювати з Белграда"", - заявив Ніколенко. Seek to live, currently behind live
  * , opens subtitles settings dialog


This is a modal window.

##output:<|eot_id|><|start_header_id|>assistant<|end_header_id|>

",supported,refuted,
安倍辞职后接受专访：日中世仇，但不得不处,"<|begin_of_text|><|start_header_id|>system<|end_header_id|>

Cutting Knowledge Date: December 2023
Today Date: 26 Jul 2024

You are a multilingual fact-checking expert. You are given a news claim along with raw evidence related to the claim. Do not consider any other evidence. Your task is to evaluate the veracity of the claim based solely on the provided raw evidence.

 Output your answer in exactly the following format:
 Claim Veracity: [label]

 Answer with one word: SUPPORTED, REFUTED, NEI<|eot_id|><|start_header_id|>user<|end_header_id|>

##Instruction: Classify the given Chinese claim into one of the three categories (SUPPORTED, REFUTED, NEI) based on the provided evidence.

1. SUPPORTED: Fully supported by the evidence.
2. REFUTED: Clearly contradicted or unsupported by the evidence.
3. NEI: Not enough information to make a decision.

Provide exactly one label.

##input: Claim: 安倍辞职后接受专访：日中世仇，但不得不处

Evidences:
Evidence_1: 1. 消息来源：日本共同社报道，安倍辞职后接受专访，称日中关系“世仇”，但不得不处理。     内容：据日本共同社报道，安倍晋三在辞职后接受采访时表示，虽然中日两国之间存在历史遗留问题，但是两国之间的关系“世仇”，必须得到处理。    2. 消息来源：人民网报道，专家：安倍辞职后接受专访，称日中关系“世仇”，但不得不处理。     内容：据人民网报道，专家表示，安倍晋三在辞职后接受采访时表示，虽然中日两国之间存在历史遗留问题，但是两国之间的关系“世仇”，必须得到处理。    3. 消息来源：环球网报道，专家：安倍辞职后接受专访，称日中关系“世仇”，但不得不处理。     内容：据环球网报道，专家表示，安倍晋三在辞职后接受采访时表示，虽然中日两国之间存在历史遗留问题，但是两国之间的关系“世仇”，必须得到处理。 

 ##output:<|eot_id|><|start_header_id|>assistant<|end_header_id|>

","<|begin_of_text|><|start_header_id|>system<|end_header_id|>

Cutting Knowledge Date: December 2023
Today Date: 26 Jul 2024

You are a multilingual fact-checking expert. Classify the claim into: SUPPORTED, REFUTED, NEI.

Output format:
Claim Veracity: [label]<|eot_id|><|start_header_id|>user<|end_header_id|>

##Instruction: Classify the given Chinese claim into: SUPPORTED, REFUTED, NEI.
Provide exactly one label.

##input: Claim: 安倍辞职后接受专访：日中世仇，但不得不处

Evidences:


##output:<|eot_id|><|start_header_id|>assistant<|end_header_id|>

",refuted,nei,
泽连斯基：乌俄谈判中的“妥协模式”将由乌全民公投决定,"<|begin_of_text|><|start_header_id|>system<|end_header_id|>

Cutting Knowledge Date: December 2023
Today Date: 26 Jul 2024

You are a multilingual fact-checking expert. You are given a news claim along with raw evidence related to the claim. Do not consider any other evidence. Your task is to evaluate the veracity of the claim based solely on the provided raw evidence.

 Output your answer in exactly the following format:
 Claim Veracity: [label]

 Answer with one word: SUPPORTED, REFUTED, NEI<|eot_id|><|start_header_id|>user<|end_header_id|>

##Instruction: Classify the given Chinese claim into one of the three categories (SUPPORTED, REFUTED, NEI) based on the provided evidence.

1. SUPPORTED: Fully supported by the evidence.
2. REFUTED: Clearly contradicted or unsupported by the evidence.
3. NEI: Not enough information to make a decision.

Provide exactly one label.

##input: Claim: 泽连斯基：乌俄谈判中的“妥协模式”将由乌全民公投决定

Evidences:
Evidence_1: [1]: ""弗拉基米尔·泽连斯基 - 维基百科，自由的百科全书""[2]: ""凤凰网加拿大 on Twitter: #乌克兰 总统 #泽连斯基：乌克兰军队已经消灭9000名俄军 ...""[3]: ""A Weibo Dataset for the 2022 Russo-Ukrainian Crisis""[4]: ""习近平同乌克兰总统泽连斯基通电话_要闻最新_中国政府网""[5]: ""泽连斯基与拜登会晤，拒绝对方所提“公正的和平”构想""[6]: ""习近平同乌克兰总统泽连斯基通电话 - 求是网""根据我的搜索结果，以下是五条相关的消息：- 2022年12月21日，乌克兰总统泽连斯基在白宫与美国总统拜登举行会晤。拜登表示，美国将继续支持乌克兰的主权和领土完整，并敦促俄罗斯停止对乌克兰的军事威胁。泽连斯基表示，乌克兰将继续推进政治和经济改革，并寻求通过外交途径解决与俄罗斯的冲突。[^1^][5]- 2022年12月19日，泽连斯基在接受美国媒体采访时表示，乌克兰将在2023年举行全民公投，让人民决定是否加入北约。他说，这是乌克兰的主权权利，不需要得到俄罗斯的同意。他还说，乌克兰不会接受任何有损其领土完整的妥协方案。[^2^][4]- 2022年12月15日，泽连斯基在乌克兰议会发表演讲时表示，乌俄谈判中的“妥协模式”将由乌全民公投决定。他说，如果有必要，在明年1月或2月就有关问题进行公投。他强调，乌克兰不会放弃其领土主权和欧洲前景。[^3^][3]- 2022年12月13日，泽连斯基在接受德国媒体采访时表示，他对即将于12月15日在柏林举行的“诺曼底模式”四方峰会抱有希望。他说，他期待与普京面对面交流，并就解决顿巴斯地区冲突达成一些共识。他还说，他不会接受任何违背明斯克协议的方案。[^4^][2]- 2022年12月9日，泽连斯基在接受法国媒体采访时表示，他愿意与俄罗斯总统普京直接对话，并提出了一些可能的谈判议题，包括恢复顿巴斯地区的停火、撤回俄罗斯军队、释放战俘、恢复边境控制等。他说，他相信通过外交途径可以避免战争，并呼吁欧洲和美国加强对乌克兰的支持。[^5^][1]以上消息的来源和内容如下：[^5^][1]: 提出谈判议题 - 法广中文网 (rfi.fr) https://cn.rfi.fr/%E6%AC%A7%E6%B4%B2/20221209-%E6%B3%BD%E8%BF%9E%E6%96%AF%E5%9F%BA-%E6%84%BF%E4%B8%8E%E6%99%AE%E4%BA%AC%E7%9B%B4%E6%8E%A5%E5%AF%B9%E8%AF%9D-%E6%8F%90%E5%87%BA%E8%B0%88%E5%88%A4%E8%AE%AE%E9%A2%98 

 ##output:<|eot_id|><|start_header_id|>assistant<|end_header_id|>

","<|begin_of_text|><|start_header_id|>system<|end_header_id|>

Cutting Knowledge Date: December 2023
Today Date: 26 Jul 2024

You are a multilingual fact-checking expert. Classify the claim into: SUPPORTED, REFUTED, NEI.

Output format:
Claim Veracity: [label]<|eot_id|><|start_header_id|>user<|end_header_id|>

##Instruction: Classify the given Chinese claim into: SUPPORTED, REFUTED, NEI.
Provide exactly one label.

##input: Claim: 泽连斯基：乌俄谈判中的“妥协模式”将由乌全民公投决定

Evidences:
Evidence_1: * 

人 民 网 版 权 所 有 ，未 经 书 面 授 权 禁 止 使 用 Copyright © 1997-2022 by www.people.com.cn. all rights reserved

##output:<|eot_id|><|start_header_id|>assistant<|end_header_id|>

",nei,supported,
乌说将拿回属乌的一切 俄称美无法迫使俄遵守美国规则,"<|begin_of_text|><|start_header_id|>system<|end_header_id|>

Cutting Knowledge Date: December 2023
Today Date: 26 Jul 2024

You are a multilingual fact-checking expert. You are given a news claim along with raw evidence related to the claim. Do not consider any other evidence. Your task is to evaluate the veracity of the claim based solely on the provided raw evidence.

 Output your answer in exactly the following format:
 Claim Veracity: [label]

 Answer with one word: SUPPORTED, REFUTED, NEI<|eot_id|><|start_header_id|>user<|end_header_id|>

##Instruction: Classify the given Chinese claim into one of the three categories (SUPPORTED, REFUTED, NEI) based on the provided evidence.

1. SUPPORTED: Fully supported by the evidence.
2. REFUTED: Clearly contradicted or unsupported by the evidence.
3. NEI: Not enough information to make a decision.

Provide exactly one label.

##input: Claim: 乌说将拿回属乌的一切 俄称美无法迫使俄遵守美国规则

Evidences:
Evidence_1: [1]: ""为啥在俄乌战争中，美国要支持乌克兰制裁俄罗斯呢？ - 知乎""[2]: ""俄乌冲突：美国兴风作浪 世界深受其害 - 新华网""[3]: ""俄罗斯入侵乌克兰：美国总统拜登不出兵的五大原因和前景预测 - BBC News 中文""[4]: ""美国批准首次将没收的俄罗斯资金转移到乌克兰 | 乌克兰战争 新闻 | 半岛电视台""[5]: ""俄罗斯入侵乌克兰：美国斥责俄罗斯拒绝排除使用核武——3月23日最新情况综述 - BBC News 中文""[6]: ""专题报道：乌克兰局势 - 美国之音中文网""您好，这是必应。我找到了以下五条相关消息：- 《为啥在俄乌战争中，美国要支持乌克兰制裁俄罗斯呢？》[^1^][1]：这是一篇知乎网的问答文章，作者分析了美国对俄乌冲突的立场和动机，认为美国是为了维护自身霸权，不惜牺牲他国利益。- 《俄乌冲突：美国兴风作浪 世界深受其害》[^2^][2]：这是一篇新华网的评论文章，作者指出美国通过武器援助、制裁等方式不断“煽风点火”，导致局势恶化，呼吁摒弃冷战思维，推动对话谈判。- 《俄罗斯入侵乌克兰：美国总统拜登不出兵的五大原因和前景预测》[^3^][3]：这是一篇BBC中文网的分析文章，作者列举了拜登总统不愿意参加战斗的五个原因，包括美国民意、经济成本、政治风险、军事挑战和外交影响，并预测了未来可能的发展。- 《美国批准首次将没收的俄罗斯资金转移到乌克兰》[^4^][4]：这是一篇半岛电视台中文网的新闻报道，报道了美国司法部长加兰宣布成立一个新特遣部队，专门针对试图逃避美国对俄罗斯实体实施的大量制裁的俄罗斯寡头，并将没收的资金转给乌克兰政府。- 《俄罗斯入侵乌克兰：美国斥责俄罗斯拒绝排除使用核武——3月23日最新情况综述》[^5^][5]：这是一篇BBC中文网的新闻报道，报道了美国国防部对俄罗斯总统府拒绝排除使用核武器的最新表态提出谴责，并概述了当天其他相关事件。您还想了解什么？😊 

 ##output:<|eot_id|><|start_header_id|>assistant<|end_header_id|>

","<|begin_of_text|><|start_header_id|>system<|end_header_id|>

Cutting Knowledge Date: December 2023
Today Date: 26 Jul 2024

You are a multilingual fact-checking expert. Classify the claim into: SUPPORTED, REFUTED, NEI.

Output format:
Claim Veracity: [label]<|eot_id|><|start_header_id|>user<|end_header_id|>

##Instruction: Classify the given Chinese claim into: SUPPORTED, REFUTED, NEI.
Provide exactly one label.

##input: Claim: 乌说将拿回属乌的一切 俄称美无法迫使俄遵守美国规则

Evidences:
Evidence_1: 记者：胡晓光 李东旭 孟菁 刘恺 华迪 李铭
Copyright © 2000 - 2025 XINHUANET.com All Rights Reserved.

##output:<|eot_id|><|start_header_id|>assistant<|end_header_id|>

",nei,supported,
Russian troops fighting in Ukraine can freeze their sperm for free,"<|begin_of_text|><|start_header_id|>system<|end_header_id|>

Cutting Knowledge Date: December 2023
Today Date: 26 Jul 2024

You are a multilingual fact-checking expert. You are given a news claim along with raw evidence related to the claim. Do not consider any other evidence. Your task is to evaluate the veracity of the claim based solely on the provided raw evidence.

 Output your answer in exactly the following format:
 Claim Veracity: [label]

 Answer with one word: SUPPORTED, REFUTED, NEI<|eot_id|><|start_header_id|>user<|end_header_id|>

##Instruction: Classify the given English claim into one of the three categories (SUPPORTED, REFUTED, NEI) based on the provided evidence.

1. SUPPORTED: Fully supported by the evidence.
2. REFUTED: Clearly contradicted or unsupported by the evidence.
3. NEI: Not enough information to make a decision.

Provide exactly one label.

##input: Claim: Russian troops fighting in Ukraine can freeze their sperm for free

Evidences:
Evidence_1: [1]: ""Russian soldiers fighting in Ukraine can freeze sperm free of charge ...""[2]: ""Russia offers free sperm freezing to soldiers sent to Ukraine""[3]: ""Russian soldiers fighting in Ukraine can freeze their sperm for free ...""[4]: ""Russian troops able to freeze sperm for free - lawyer - BBC News""[5]: ""Russian troops fighting in Ukraine can freeze their sperm for free""Here are five relevant news articles about the topic:- **Russian soldiers fighting in Ukraine can freeze sperm free of charge - CNN**[^1^][1]: article reports that Russian soldiers taking part in the war on Ukraine will be eligible for free sperm freezing and storage in cryobanks, according to Russia  s state news agency Tass, citing a lawyers union. It also says that the offer is aimed at preserving the reproductive potential of the soldiers and their families in case of death or injury.- **Russia offers free sperm freezing to soldiers sent to Ukraine - Al Jazeera**[^2^][2]: article says that Russian troops who have been mobilised to fight in Ukraine will have the right to get their sperm frozen for free in cryobanks, according to Russia  s state news agency Tass. It also says that the offer is part of a package of legal assistance provided by a lawyers union to the soldiers and their relatives.- **Russian soldiers fighting in Ukraine can freeze their sperm for free - Business Insider**[^3^][3]: article says that Russian soldiers fighting in Ukraine will have access to free sperm-freezing services. It also says that the offer applies to ""those called up for military service as part of the partial mobilisation."" It also quotes a local report that says that soldiers want to freeze their sperm so that their wives can access it if they are killed in action.- **Russian troops able to freeze sperm for free - lawyer - BBC News**[^4^][4]: article says that Russian soldiers called up to fight in Ukraine will have the chance to store frozen sperm in a cryobank for free, according to a leading Russian lawyer. It also says that the lawyer, Igor Trunov, said that the service was offered by his union of lawyers as a humanitarian gesture and a way of supporting the soldiers and their families.- **Russian troops fighting in Ukraine can freeze their sperm for free - CNN**[^5^][5]: article says that Russian soldiers taking part in the war on Ukraine will be eligible for free sperm freezing and storage in cryobanks, according to Russia's state news agency Tass, citing a lawyers union. It also says that the union's head, Igor Trunov, said that the service was a way of preserving the reproductive potential of the soldiers and their families.I hope this helps you find what you are looking for.? 

 ##output:<|eot_id|><|start_header_id|>assistant<|end_header_id|>

","<|begin_of_text|><|start_header_id|>system<|end_header_id|>

Cutting Knowledge Date: December 2023
Today Date: 26 Jul 2024

You are a multilingual fact-checking expert. Classify the claim into: SUPPORTED, REFUTED, NEI.

Output format:
Claim Veracity: [label]<|eot_id|><|start_header_id|>user<|end_header_id|>

##Instruction: Classify the given English claim into: SUPPORTED, REFUTED, NEI.
Provide exactly one label.

##input: Claim: Russian troops fighting in Ukraine can freeze their sperm for free

Evidences:
Evidence_1: Anna Kovalchuk is determined not to have Russians ruin upcoming New Year’s celebrations. “I’m more worried that most likely the will be no electricity on New Year’s Eve and the holiday will have to be spent in the dark. But I began to prepare myself for such a scenario in advance, stocked up on garlands, power banks, so the blackout would upset us, but not stop us,” she said. Roman Grischuk, a member of parliament, woke up to messages from his wife asking if he was okay. “I read that there were several hits in Kyiv. I quickly got water in case the water ran out and went to a safe place,” he told CNN. After ten months of war, it is hard to describe the feeling, he added. “The first thought is no one should die. But even that unfortunately the Russian attacks have turned into a routine,” he said. Halyna Hladka’s stocked up on water as soon as the sirens sounded and quickly made breakfast for her family so they would have something to eat. After nearly two hours, they heard the sounds of explosions.

Evidence_2: “They are introduced due to the threat of missile attacks to avoid significant damage if the enemy manages to hit energy facilities,” DTEK, a utility company, said in a statement. In western Ukraine, Lviv Mayor Andrii Sadovyi said that 90% of the city was without power, cautioning that the city’s waterworks could also to stop working. Ukrainian air defence system intercepts a rocket launched by Russian forces in Kyiv, Ukraine, on December 29. Ukrainian air defenses intercepted 16 missiles over Kyiv, the capital’s mayor said Thursday, amid a fresh barrage by Russia targeting civilian infrastructure. At least , including a 14-year-old, were injured and two people pulled from a damaged home, Klitschko said earlier. Homes, an industrial facility and a playground in the capital have been in the barrage, according to the Kyiv city military administration. Maria Zakharova attends the St. Petersburg International Economic Forum in St. Petersburg, Russia, on June 16. Moscow views Kyiv’s proposed peace plan as “another PR campaign from Washington” as Ukraine and the West proliferate “striking but unreliable statements,” Russian Foreign Ministry spokeswoman Maria Zakharova said Thursday. Her comments came after Russian Foreign Minister Sergey Lavrov said with Kyiv under the terms set out in Ukrainian President Volodymyr Zelensky’s . Zakharova also claimed that Kyiv’s plans to hold a peace summit only if Russia fully capitulates “tells us they are starting to signal they don’t have any strength left.” 
Ukraine’s was presented by Zelensky to world leaders at the Group of 20 summit in Bali, Indonesia, in November. The steps include a path to nuclear safety, food security, a special tribunal for alleged Russian war crimes, and a final peace treaty with Moscow.

Evidence_3: Russian forces have diverted resources to the battle for the city of Bakhmut in the eastern Donetsk region but have made no advances, according to the Ukrainian military. A military official also said Ukrainian forces have made gradual progress toward the city of Kreminna in the eastern Luhansk region, which fell to the Russians in the spring. The Belarusian Ministry of Defense said Thursday that fragments from a Ukrainian guided missile close to the border. Kyiv said it would investigate the Belarusian missile claims, adding that it had not ruled out a Russian false flag operation aimed at placing blame on Ukraine. CNN has not been able to independently verify the ministry’s report and has reached out to the Ukrainian military for comment. Soldiers of the Ukrainian 55th artillery brigade operate on the frontline on Thursday, in Bakhmut. The Ukrainian military says Russian forces have diverted resources to the battle for the key city of Bakhmut in the eastern Donetsk region but have made no advances. Brig. Gen. Oleksii Hromov, deputy chief of the General Staff’s main operational directorate, told a briefing Thursday that the situation in the east remained difficult for Ukrainian forces, as the Russians conducted offensive actions on several fronts, including Bakhmut, Avdiivka and toward Kupyansk, which was liberated in September. “The main efforts of the enemy concentrated on the Bakhmut direction,” Hromov said. “Around Bakhmut, the defenders of Ukraine are resisting up to 20 attacks of the enemy daily, which is persistently attacking the positions of our troops under the cover of artillery fire.” 
Lyman is another settlement in Donetsk liberated by Ukrainian forces at the end of September.

Evidence_4: He said the focus of the onslaught was to “destroy critical infrastructure and kill civilians en masse.” 
Major General Kyrylo Budanov, chief of Military Intelligence, in Kyiv, Ukraine, on June 25. The war has reached a stalemate, with neither Ukraine nor Russia able to make any substantial gains, Ukrainian intelligence chief Kyrylo Budanov has said, as Kyiv awaits more weapons from the United States and other Western allies. Since Ukrainian forces reclaimed the southern city of Kherson in November, much of the fiercest fighting has raged around Bakhmut, in the eastern Donetsk region, where Budanov visited frontline positions earlier in the week. Both sides have been locked in brutal battle there since Russian forces launched their siege on the city in earnest in May. The freezing winter conditions have slowed advances and Russian forces are “now completely at a dead end” after heavy losses, Budanov said. But he added that Ukrainian troops were unable to progress either without more resources, particularly weapons supplies. Budanov also poured cold water on the idea that Russian forces might launch another attack from Belarus, where Moscow has been holding joint military exercises with Minsk. “As of now, I don’t see any signs of preparations for an invasion of Kyiv or northern areas from Belarus,” he said. Russian missiles struck an energy facility in Ivano-Frankivsk, according to the head of the region’s military administration, as western Ukraine reeled from attacks on its power grid. “The enemy hit one of the energy facilities in the region, resulting in a fire on the total area of 50 square meters. As of 11.25, the fire was localized, there were no casualties,” she said. “Another missile damaged a private residential building in the territory of Tlumach community, but did not explode.

Evidence_5: Residents in Kyiv were woken up Thursday by air raid sirens and the sound of explosions as Russia unleashed what Ukraine has called one of Moscow’s largest missile barrages since the war started. At least three people were killed and seven were injured in the attacks. Here are the war’s latest developments: 
The Ukrainian military said the majority of cruise missiles fired at the country Thursday , with its defense forces shooting down 54 of 69, according to preliminary data. The wave of missile attacks left several Ukrainian regions , particularly hitting the major cities of Lviv, Kyiv and Odesa. Kyiv’s mayor earlier said 40% of the city was without power, while 90% of Lviv was left in the dark, according to the western city’s mayor. Engineering crews are racing to restore services as the New Year’s holiday approaches this weekend. Russian forces have diverted resources to the battle for the city of Bakhmut in the eastern Donetsk region but have made no advances, according to the Ukrainian military. A military official also said Ukrainian forces have made gradual progress toward the city of Kreminna in the eastern Luhansk region, which fell to the Russians in the spring. The Belarusian Ministry of Defense said Thursday that fragments from a Ukrainian guided missile close to the border. Kyiv said it would investigate the Belarusian missile claims, adding that it had not ruled out a Russian false flag operation aimed at placing blame on Ukraine. CNN has not been able to independently verify the ministry’s report and has reached out to the Ukrainian military for comment. Soldiers of the Ukrainian 55th artillery brigade operate on the frontline on Thursday, in Bakhmut.

##output:<|eot_id|><|start_header_id|>assistant<|end_header_id|>

",supported,nei,
美国考虑向乌克兰提供反舰导弹 困难不少,"<|begin_of_text|><|start_header_id|>system<|end_header_id|>

Cutting Knowledge Date: December 2023
Today Date: 26 Jul 2024

You are a multilingual fact-checking expert. You are given a news claim along with raw evidence related to the claim. Do not consider any other evidence. Your task is to evaluate the veracity of the claim based solely on the provided raw evidence.

 Output your answer in exactly the following format:
 Claim Veracity: [label]

 Answer with one word: SUPPORTED, REFUTED, NEI<|eot_id|><|start_header_id|>user<|end_header_id|>

##Instruction: Classify the given Chinese claim into one of the three categories (SUPPORTED, REFUTED, NEI) based on the provided evidence.

1. SUPPORTED: Fully supported by the evidence.
2. REFUTED: Clearly contradicted or unsupported by the evidence.
3. NEI: Not enough information to make a decision.

Provide exactly one label.

##input: Claim: 美国考虑向乌克兰提供反舰导弹 困难不少

Evidences:
Evidence_1: [1]: ""Week 4 新闻文体翻译总括（二） - summarise - Studocu""[2]: ""Ключевые фразы 21-30 Flashcards | Quizlet""[3]: ""调查显示——中小微企业：困难不少 信心更足_滚动新闻_中国政府网""[4]: ""美国宣布向乌克兰提供爱国者导弹，「爱国者」导弹防空系统对于俄罗斯来说意味着什么？哪些信息值得关注？ - 知乎""[5]: ""“莫斯科”号是如何被击沉的？ - 知乎 - 知乎专栏""[6]: ""“胜利日”前夕，俄乌有新行动！美国计划再军援乌12亿美元！红场阅兵将首次展示两种新装备|乌克兰_新浪财经_新浪网""[7]: ""乌克兰用美国爱国者系统击落俄罗斯高超音速导弹 | 乌克兰战争 新闻 | 半岛电视台""[8]: ""美国再次宣布向乌克兰提供12亿美元的额外安全援助_中国网""您好，这是必应。根据网络搜索，我为您找到了以下五条相关消息：1. 美国国务卿布林肯宣布将向乌克兰提供价值18.5亿美元的军事援助，其中包括“爱国者”防空导弹系统[^1^][4]。2. 乌克兰表示，它使用新获得的美国爱国者防御系统在首都基辅上空击落了一枚俄罗斯高超音速导弹，这将是它首次能够拦截莫斯科最现代化的武器之一[^2^][7]。3. 美国宣布再向乌克兰提供总额达12亿美元军事援助，援助内容包含防空系统、反坦克武器、无人机等[^3^][8]。4. 俄罗斯外交部发言人扎哈罗娃表示，美国向乌克兰提供爱国者导弹系统是一种“挑衅行为”，将加剧乌克兰东部的冲突，并威胁到俄罗斯的安全。5. 乌克兰总统泽连斯基表示，美国向乌克兰提供爱国者导弹系统是一种“重要的信号”，表明美国支持乌克兰的主权和领土完整，并帮助乌克兰抵御俄罗斯的侵略。以上消息的详细来源和内容，请参考搜索结果中的链接。希望对您有所帮助。😊 

 ##output:<|eot_id|><|start_header_id|>assistant<|end_header_id|>

","<|begin_of_text|><|start_header_id|>system<|end_header_id|>

Cutting Knowledge Date: December 2023
Today Date: 26 Jul 2024

You are a multilingual fact-checking expert. Classify the claim into: SUPPORTED, REFUTED, NEI.

Output format:
Claim Veracity: [label]<|eot_id|><|start_header_id|>user<|end_header_id|>

##Instruction: Classify the given Chinese claim into: SUPPORTED, REFUTED, NEI.
Provide exactly one label.

##input: Claim: 美国考虑向乌克兰提供反舰导弹 困难不少

Evidences:
Evidence_1: * 

人 民 网 版 权 所 有 ，未 经 书 面 授 权 禁 止 使 用 Copyright © 1997-2022 by www.people.com.cn. all rights reserved

##output:<|eot_id|><|start_header_id|>assistant<|end_header_id|>

",nei,supported,
美国正式宣称俄罗斯在乌克兰犯下战争罪,"<|begin_of_text|><|start_header_id|>system<|end_header_id|>

Cutting Knowledge Date: December 2023
Today Date: 26 Jul 2024

You are a multilingual fact-checking expert. You are given a news claim along with raw evidence related to the claim. Do not consider any other evidence. Your task is to evaluate the veracity of the claim based solely on the provided raw evidence.

 Output your answer in exactly the following format:
 Claim Veracity: [label]

 Answer with one word: SUPPORTED, REFUTED, NEI<|eot_id|><|start_header_id|>user<|end_header_id|>

##Instruction: Classify the given Chinese claim into one of the three categories (SUPPORTED, REFUTED, NEI) based on the provided evidence.

1. SUPPORTED: Fully supported by the evidence.
2. REFUTED: Clearly contradicted or unsupported by the evidence.
3. NEI: Not enough information to make a decision.

Provide exactly one label.

##input: Claim: 美国正式宣称俄罗斯在乌克兰犯下战争罪

Evidences:
Evidence_1: [1]: ""Q&A: Prosecutor General Discusses Accountability for Putin’s War Crimes""[2]: ""Zelensky accuses Russia of 6,000 war crimes in April alone""[3]: ""Ukraine-Russia war – live: denies involvement in Putin ‘assassination attempt’ at Kremlin""[4]: ""US formally accuses Russian forces of committing war crimes in Ukraine ...""[5]: ""US formally declares Russian military has committed war crimes in Ukraine""[6]: ""US officially accuses Russia of committing war crimes in invasion of ...""根据网络搜索，我为您找到了以下五条相关消息：1. 《美国之音》采访了乌克兰总检察长科斯京，他谈到了没收资产、发出逮捕令和起诉那些负责的人的努力[^1^][1]。2. 《每日邮报》报道，乌克兰总统泽连斯基指责俄罗斯仅在四月份就犯下了6000起战争罪行，并要求俄罗斯为数千名平民的死亡负责[^2^][2]。3. 《雅虎新闻》报道，俄罗斯指责乌克兰试图用无人机袭击克里姆林宫，暗杀普京，并发布了据称显示事件的视频。但战争研究所表示，这一说法“极不可能”[^3^][3]。4. 《美国广播公司新闻》报道，美国国务卿布林肯周三宣布，美国国务院已正式评估俄罗斯军队在乌克兰犯下战争罪行。他说，“根据目前可获得的信息，美国政府评估认为，俄罗斯军队的成员在乌克兰犯下了战争罪行”[^4^][4]。5. 《太阳报》报道，美国正式指控俄罗斯在入侵乌克兰期间犯下战争罪行，造成数千名平民死亡。美国最高外交官布林肯说，有“可信的报告”显示，俄罗斯军队“任意和故意”地攻击无辜的平民[^5^][5]。您还想了解更多信息吗？😊 

 ##output:<|eot_id|><|start_header_id|>assistant<|end_header_id|>

","<|begin_of_text|><|start_header_id|>system<|end_header_id|>

Cutting Knowledge Date: December 2023
Today Date: 26 Jul 2024

You are a multilingual fact-checking expert. Classify the claim into: SUPPORTED, REFUTED, NEI.

Output format:
Claim Veracity: [label]<|eot_id|><|start_header_id|>user<|end_header_id|>

##Instruction: Classify the given Chinese claim into: SUPPORTED, REFUTED, NEI.
Provide exactly one label.

##input: Claim: 美国正式宣称俄罗斯在乌克兰犯下战争罪

Evidences:


##output:<|eot_id|><|start_header_id|>assistant<|end_header_id|>

",supported,nei,
俄方表示“新年休战”不在议程上 美方称将优先增强乌军防空能力,"<|begin_of_text|><|start_header_id|>system<|end_header_id|>

Cutting Knowledge Date: December 2023
Today Date: 26 Jul 2024

You are a multilingual fact-checking expert. You are given a news claim along with raw evidence related to the claim. Do not consider any other evidence. Your task is to evaluate the veracity of the claim based solely on the provided raw evidence.

 Output your answer in exactly the following format:
 Claim Veracity: [label]

 Answer with one word: SUPPORTED, REFUTED, NEI<|eot_id|><|start_header_id|>user<|end_header_id|>

##Instruction: Classify the given Chinese claim into one of the three categories (SUPPORTED, REFUTED, NEI) based on the provided evidence.

1. SUPPORTED: Fully supported by the evidence.
2. REFUTED: Clearly contradicted or unsupported by the evidence.
3. NEI: Not enough information to make a decision.

Provide exactly one label.

##input: Claim:  俄方表示“新年休战”不在议程上 美方称将优先增强乌军防空能力

Evidences:
Evidence_1: [1]: ""拜登“俄罗斯16日进攻乌克兰”，克里姆林宫回应系“美国假新闻”""[2]: ""M.U.S.T. President Academician Liu Liang Awarded ... - 澳門科技大學""[3]: ""Products - Carburetors and more - Lantech Machinery Co.,Ltd ...""[4]: ""形势与政策-乌克兰危机演变以及影响 - 知乎 - 知乎专栏""[5]: ""俄罗斯乌克兰战争百日 BBC预测五种结局 - BBC News 中文""[6]: ""俄乌战争 - 维基百科，自由的百科全书""[7]: ""2022年俄羅斯入侵烏克蘭 - 维基百科，自由的百科全书""[8]: ""俄罗斯入侵乌克兰：3月31日最新情况综述 - BBC News 中文""[9]: ""乌克兰战争：BBC记者解答2023年俄罗斯入侵的五个关键问题""您好，这是必应。根据您的要求，我为您找到了以下五条相关消息：- 拜登“俄罗斯16日进攻乌克兰”，克里姆林宫回应系“美国假新闻”[^1^][1]。这篇文章报道了美国总统拜登在1月14日的新闻发布会上透露了俄罗斯可能在1月16日对乌克兰发动大规模军事行动的情报，以及俄罗斯外交部发言人扎哈罗娃对此的否认和指责。- 乌克兰危机演变以及影响[^2^][4]。这篇文章分析了乌克兰危机的起因、过程和结果，以及对欧洲和世界的影响。文章认为，乌克兰危机是冷战结束后前苏联地区最大的一场危机，也是俄罗斯与西方之间的一场地缘政治博弈。- 俄罗斯乌克兰战争百日 BBC预测五种结局[^3^][5]。这篇文章预测了俄罗斯对乌克兰的入侵可能会有五种不同的结局，分别是：俄罗斯全面征服乌克兰、俄罗斯占领顿巴斯地区、俄罗斯与乌克兰达成停火协议、北约干预战争、核战争爆发。- 2022年俄羅斯入侵烏克蘭[^4^][7]。这篇文章是维基百科上关于2022年俄罗斯入侵乌克兰的条目，详细介绍了战争的背景、经过、结果和影响。文章指出，这场战争是自二战以来欧洲最大规模的一场战争，也是第一次涉及核武器使用的战争。- 乌克兰战争：BBC记者解答2023年俄罗斯入侵的五个关键问题[^5^][9]。这篇文章是BBC记者史蒂夫·罗森伯格对2023年俄罗斯入侵乌克兰的战争进行的问答。他回答了关于普京的动机、北约的作用、欧盟的态度、美国的支持和战争的前景等五个关键问题。请问您还有什么其他问题吗？😊 

 ##output:<|eot_id|><|start_header_id|>assistant<|end_header_id|>

","<|begin_of_text|><|start_header_id|>system<|end_header_id|>

Cutting Knowledge Date: December 2023
Today Date: 26 Jul 2024

You are a multilingual fact-checking expert. Classify the claim into: SUPPORTED, REFUTED, NEI.

Output format:
Claim Veracity: [label]<|eot_id|><|start_header_id|>user<|end_header_id|>

##Instruction: Classify the given Chinese claim into: SUPPORTED, REFUTED, NEI.
Provide exactly one label.

##input: Claim:  俄方表示“新年休战”不在议程上 美方称将优先增强乌军防空能力

Evidences:


##output:<|eot_id|><|start_header_id|>assistant<|end_header_id|>

",nei,supported,
纵论天下|深度介入俄乌冲突将加速美国霸权衰落,"<|begin_of_text|><|start_header_id|>system<|end_header_id|>

Cutting Knowledge Date: December 2023
Today Date: 26 Jul 2024

You are a multilingual fact-checking expert. You are given a news claim along with raw evidence related to the claim. Do not consider any other evidence. Your task is to evaluate the veracity of the claim based solely on the provided raw evidence.

 Output your answer in exactly the following format:
 Claim Veracity: [label]

 Answer with one word: SUPPORTED, REFUTED, NEI<|eot_id|><|start_header_id|>user<|end_header_id|>

##Instruction: Classify the given Chinese claim into one of the three categories (SUPPORTED, REFUTED, NEI) based on the provided evidence.

1. SUPPORTED: Fully supported by the evidence.
2. REFUTED: Clearly contradicted or unsupported by the evidence.
3. NEI: Not enough information to make a decision.

Provide exactly one label.

##input: Claim: 纵论天下|深度介入俄乌冲突将加速美国霸权衰落

Evidences:
Evidence_1: [1]: ""陳破空縱論天下 - YouTube""[2]: ""纵论天下_新华网 - news""[3]: ""纵论天下｜对俄制裁冲击欧洲经济 加深欧美分歧 - news""[4]: ""YouTube""您好，这是必应。我找到了以下五条相关消息：1. 《纵论天下｜对俄制裁冲击欧洲经济 加深欧美分歧》[^1^][3]，来源：新华网，内容：分析了西方对俄罗斯的能源制裁对欧洲经济的影响，以及欧美之间的分歧和合作。2. 《纵论天下|资本压榨，政府推诿——美国童工问题愈演愈烈》[^2^][2]，来源：新华网，内容：揭露了美国童工问题的严重性，以及美国政府和企业的不作为和推诿责任。3. 《陈破空纵论天下|美国深度介入俄乌冲突将加速美国霸权衰落》[^3^][1]，来源：YouTube，内容：评论了美国在俄乌冲突中的角色和动机，以及这将对美国霸权和国际秩序的影响。4. 《陈破空纵论天下|俄乌冲突升级 美国为何不敢直接出手》[^3^][1]，来源：YouTube，内容：分析了俄乌冲突的背景和原因，以及美国在其中的利益和困境。5. 《陈破空纵论天下|俄乌边境紧张局势升级 美国为何不敢直接出手》[^3^][1]，来源：YouTube，内容：讨论了俄乌边境的紧张局势，以及美国在其中的策略和考量。希望这些信息对您有帮助。😊 

 ##output:<|eot_id|><|start_header_id|>assistant<|end_header_id|>

","<|begin_of_text|><|start_header_id|>system<|end_header_id|>

Cutting Knowledge Date: December 2023
Today Date: 26 Jul 2024

You are a multilingual fact-checking expert. Classify the claim into: SUPPORTED, REFUTED, NEI.

Output format:
Claim Veracity: [label]<|eot_id|><|start_header_id|>user<|end_header_id|>

##Instruction: Classify the given Chinese claim into: SUPPORTED, REFUTED, NEI.
Provide exactly one label.

##input: Claim: 纵论天下|深度介入俄乌冲突将加速美国霸权衰落

Evidences:
Evidence_1: * 

人 民 网 版 权 所 有 ，未 经 书 面 授 权 禁 止 使 用 Copyright © 1997-2022 by www.people.com.cn. all rights reserved

##output:<|eot_id|><|start_header_id|>assistant<|end_header_id|>

",supported,nei,
"The auditor [for the city of Providence] was not locked out"" of access to the city's finances.","<|begin_of_text|><|start_header_id|>system<|end_header_id|>

Cutting Knowledge Date: December 2023
Today Date: 26 Jul 2024

You are a multilingual fact-checking expert. You are given a news claim along with raw evidence related to the claim. Do not consider any other evidence. Your task is to evaluate the veracity of the claim based solely on the provided raw evidence.

 Output your answer in exactly the following format:
 Claim Veracity: [label]

 Answer with one word: SUPPORTED, REFUTED, NEI<|eot_id|><|start_header_id|>user<|end_header_id|>

##Instruction: Classify the given English claim into one of the three categories (SUPPORTED, REFUTED, NEI) based on the provided evidence.

1. SUPPORTED: Fully supported by the evidence.
2. REFUTED: Clearly contradicted or unsupported by the evidence.
3. NEI: Not enough information to make a decision.

Provide exactly one label.

##input: Claim: ""The auditor [for the city of Providence] was not locked out"" of access to the city's finances.

Evidences:
Evidence_1: Source 1: ""Auditor Not Locked Out of City Finances,"" The Providence Journal reports on a statement made by the city's auditor that he was not locked out of access to the city's finances. The article provides context on the situation and discusses the implications of the claim.  Source 2: ""Auditor Not Locked Out of City Finances,"" WJAR   reports on a statement made by the city's auditor that he was not locked out of access to the city's finances. The article provides context on the situation and discusses the implications of the claim.  Source 3: ""Auditor Not Locked Out of City Finances,"" CNN Politics reports on a statement made by the city's auditor that he was not locked out of access to the city's finances. The article provides context on the situation and discusses the implications of the claim.  Source 4: ""Auditor Not Locked Out of City Finances,"" The Hill reports on a statement made by the city's auditor that he was not locked out of access to the city's finances. The article provides context on the situation and discusses the implications of the claim.  Source 5: ""Auditor Not Locked Out of City Finances,"" NBC News reports on a statement made by the city's auditor that he was not locked out of access to the city's finances. The article provides context on the situation and discusses the implications of the claim. 

 ##output:<|eot_id|><|start_header_id|>assistant<|end_header_id|>

","<|begin_of_text|><|start_header_id|>system<|end_header_id|>

Cutting Knowledge Date: December 2023
Today Date: 26 Jul 2024

You are a multilingual fact-checking expert. Classify the claim into: SUPPORTED, REFUTED, NEI.

Output format:
Claim Veracity: [label]<|eot_id|><|start_header_id|>user<|end_header_id|>

##Instruction: Classify the given English claim into: SUPPORTED, REFUTED, NEI.
Provide exactly one label.

##input: Claim: ""The auditor [for the city of Providence] was not locked out"" of access to the city's finances.

Evidences:
Evidence_1: His computer access to city financial records was never canceled, he said, because he never had such access in the first place. Nor was he ever physically locked out of his office or anywhere else where he tried to get records. That would mean Cicilline is correct in the strictest sense of the phrase ""locked out."" But you can still be figuratively locked out if you are denied access to something you're legally entitled to. Providence's City Charter requires the City Council to appoint an internal auditor who ""shall have access to the books and records of all offices, department and other agencies of the city."" That section of the charter offers no limitation. The auditor reports to the council, not the mayor. Lombardi, whose complaints about his inability to get information from the mayor's office go back to 2004, told us that in this case the problem wasn't that he was denied the information. The problem was the timeliness of the responses he was getting. A key issue was whether the city's reserve fund -- sometimes called the rainy-day fund -- was being severely depleted. City records show that on Jan. 11, 2010, Lombardi had requested copies of all authorization forms transferring money in and out of the reserve fund in January 2010, which the Cicilline administration was tapping because of its budget problems. Three days later, he wrote to the city solicitor's office asking it to assist with the request because, if that request was treated like other requests he had made in the past, ""I will never see it."" Lombardi said if that couldn't be done, he would request the data under the state open records law, adding that he thought it was ""ridiculous"" that he would have to do such a thing. He did not get the information until October 2010, according to a report he filed with the City Council.

Evidence_2: ###  Stand up for the facts! Our only agenda is to publish the truth so you can be an informed participant in democracy. We need your help. ###  I would like to contribute 
stated on September 4, 2012 in a debate: 
""The auditor [for the city of Providence] was not locked out"" of access to the city's finances. By 
U.S. Rep. David Cicilline is facing a tough reelection campaign, in part, because by the time he finished his tenure as mayor of Providence, the city was in horrible financial shape and Cicilline, during his 2010 congressional campaign, had characterized the city's fiscal status as ""excellent."" Making matters worse are allegations that Cicilline tried to hide the problems from Providence's internal auditor. Not surprisingly, the issue came up Sept. 4 when he debated his opponent in the 1st District Democratic primary, Anthony Gemma, on WPRO radio. ""The fact of the matter is he locked out the city auditor,"" Gemma said of Cicilline.

Evidence_3: Former Providence Mayor David Cicilline said that the internal auditor for the city ""was not locked out"" of access to the city's finances. The auditor now says that he was not locked out in the usual sense of the word. But there's a fine line between being locked out and stonewalled. Cicilline's spokesman emphatically says that ""neither of those happened."" But the record shows that Lombardi faced many months of delay in getting information he was entitled to by the City Charter. He was forced to use the state’s open records law to get information and waited months for it. And key information -- that Cicilline had been tapping the rainy day fund -- wasn’t provided until October 2010, after Cicilline’s primary victory. Whether it was part of a long-running political wrangle between the mayor and the City Council, which hires the internal auditor, is irrelevant. Open record laws require the release of information regardless of the motives of the person seeking it. The auditor was not locked out in the strictest sense. But the inability of the internal auditor to get information that might have led to a timely disclosure of the city's serious financial problems had the same effect.

Evidence_4: We need your help. ###  I would like to contribute 
stated on September 4, 2012 in a debate: 
""The auditor [for the city of Providence] was not locked out"" of access to the city's finances. By 
U.S. Rep. David Cicilline is facing a tough reelection campaign, in part, because by the time he finished his tenure as mayor of Providence, the city was in horrible financial shape and Cicilline, during his 2010 congressional campaign, had characterized the city's fiscal status as ""excellent."" Making matters worse are allegations that Cicilline tried to hide the problems from Providence's internal auditor. Not surprisingly, the issue came up Sept. 4 when he debated his opponent in the 1st District Democratic primary, Anthony Gemma, on WPRO radio. ""The fact of the matter is he locked out the city auditor,"" Gemma said of Cicilline. ""So why would you lock out the city auditor, when the auditor needs to file for a Freedom of Information request to get in to do the very job that he was supposed to do, when you're not trying to hide something?"" Cicilline called the allegation ""absolutely false. The auditor was not locked out and so that is absolutely untrue."" Cicilline's emphatic denial seemed ripe for an audit of its own. At the center of this dispute is James J. Lombardi III, who served as Providence's internal auditor and, as an employee of the City Council, had a sometimes contentious relationship with the Cicilline administration.

Evidence_5: Cicilline's spokesman emphatically says that ""neither of those happened."" But the record shows that Lombardi faced many months of delay in getting information he was entitled to by the City Charter. He was forced to use the state’s open records law to get information and waited months for it. And key information -- that Cicilline had been tapping the rainy day fund -- wasn’t provided until October 2010, after Cicilline’s primary victory. Whether it was part of a long-running political wrangle between the mayor and the City Council, which hires the internal auditor, is irrelevant. Open record laws require the release of information regardless of the motives of the person seeking it. The auditor was not locked out in the strictest sense. But the inability of the internal auditor to get information that might have led to a timely disclosure of the city's serious financial problems had the same effect. Because the statement contains some element of truth but ignores critical facts that would give a different impression, we rate it. _(Get updates from PolitiFact Rhode Island on Twitter: . To comment or offer your ruling, visit us on our page. )_
stated on September 17, 2025 in an episode of ""Hannity"" 
 There was not “a single, prominent conservative voice in the country that even remotely wanted or hoped or was pushing to get Jimmy Kimmel taken off the air.” 
 The Principles of the Truth-O-Meter 
630WPRO.com, ""Video: Gemma & Cicilline focus on trust and jobs in debate,"" Sept. 4, 2012 Municode.com, ""Providence, Rhode Island - Charter,"" Article VIII-816, accessed Sept. 5, 2012 Interview, James Lombardi, Providence city treasurer, Sept. 5, 2012 Interview, Eric Hyers, spokesman, U.S. Rep. David Cicilline, Sept. 6, 2012 The Providence Journal, ""Auditor stymied by administration,"" Metro edition, Dec. 6, 2004; ""Alarms about finances in 2009 went unheeded,"" March 3, 2011; ""Cicilline says he had to use reserve fund,"" March 14, 2011
stated on October 25, 2016 in a speech: 
 ""The man who was in charge of the investigation of Hillary Clinton accepted essentially from Hillary Clinton $675,000 that went to his wife.""

##output:<|eot_id|><|start_header_id|>assistant<|end_header_id|>

",refuted,nei,
北顿涅茨克氮肥厂部分乌武装人员投降,"<|begin_of_text|><|start_header_id|>system<|end_header_id|>

Cutting Knowledge Date: December 2023
Today Date: 26 Jul 2024

You are a multilingual fact-checking expert. You are given a news claim along with raw evidence related to the claim. Do not consider any other evidence. Your task is to evaluate the veracity of the claim based solely on the provided raw evidence.

 Output your answer in exactly the following format:
 Claim Veracity: [label]

 Answer with one word: SUPPORTED, REFUTED, NEI<|eot_id|><|start_header_id|>user<|end_header_id|>

##Instruction: Classify the given Chinese claim into one of the three categories (SUPPORTED, REFUTED, NEI) based on the provided evidence.

1. SUPPORTED: Fully supported by the evidence.
2. REFUTED: Clearly contradicted or unsupported by the evidence.
3. NEI: Not enough information to make a decision.

Provide exactly one label.

##input: Claim: 北顿涅茨克氮肥厂部分乌武装人员投降

Evidences:
Evidence_1: [1]: ""China’s Response to War in Ukraine | Asian Survey | University of ...""[2]: ""【全球连线 | 乌前安全官员爆料美主导生物实验室：不能只听美国官方回复】 | 近日，自称为乌克兰前安全官员的瓦西里·普罗佐罗夫披露 ...""[3]: ""U.S. blowing up Nord Stream pipelines - xhinst.net""[4]: ""全球连线_新华网_新华社国际传播融合平台""[5]: ""中企承建埃及首条轻轨铁路通车试运行 - 新华网""[6]: ""全球连线｜世界杯前夕“义乌制造”出口忙 - 新华网""您好，这是必应。根据您的要求，我为您找到了以下五条相关消息：- 《新华网》报道，2022年2月，俄罗斯决定入侵乌克兰，引发了国际社会的关注和反对。中国对此事件的回应分为四个方面：信息、外交、经济和军事战略。北京在信息和外交领域对莫斯科最为支持；在经济方面，中国的立场主要是保持中俄贸易关系的稳定；在军事战略方面，中国则表现出一定的克制和谨慎[^1^][1]。- 《中国新华新闻》发布了一段视频，内容是自称为乌克兰前安全官员的瓦西里·普罗佐罗夫披露美国在乌克兰主导了多个生物实验室的运作，涉及对人类和动物的生物武器试验。普罗佐罗夫表示，这些实验室是美国在乌克兰的“秘密武器”，并呼吁国际社会对此进行调查[^2^][2]。- 《新华国际时事》报道，美国海军参与了去年北溪管道爆炸事件的真相被美国调查记者西摩·赫尔希揭露，这是美国对欧洲盟友发动的一场经济战争。瑞典能源专家安德斯·伯格曼表示，美国的行为是为了阻止欧洲从俄罗斯进口天然气，维护自己的能源霸权[^3^][3]。- 《新华网》报道，由中国企业承建的埃及斋月十日城轻轨铁路3日通车试运行，这是埃及第一条电气化铁路。埃及总统塞西和总理马德布利出席了通车仪式，并对中国企业的高效建设和优质服务表示赞赏。该轻轨铁路全长97公里，共有15个车站，预计每天可运送35万名乘客[^4^][4]。- 《新华网》报道，卡塔尔世界杯还有一个多月时间才拉开大幕，但是对于浙江义乌的商家们来说，围绕世界杯的出口订单发货已渐近尾声。据义乌体育用品协会估算，从卡塔尔世界杯32强的旗帜到加油鼓劲的喇叭、哨子，从足球到球衣、围巾，到大力神杯的仿制品等等，“义乌制造”的世界杯相关产品已经出口到全球100多个国家和地区[^5^][5]。以上就是我为您找到的五条相关消息，请问您还有什么其他需要吗？😊 

 ##output:<|eot_id|><|start_header_id|>assistant<|end_header_id|>

","<|begin_of_text|><|start_header_id|>system<|end_header_id|>

Cutting Knowledge Date: December 2023
Today Date: 26 Jul 2024

You are a multilingual fact-checking expert. Classify the claim into: SUPPORTED, REFUTED, NEI.

Output format:
Claim Veracity: [label]<|eot_id|><|start_header_id|>user<|end_header_id|>

##Instruction: Classify the given Chinese claim into: SUPPORTED, REFUTED, NEI.
Provide exactly one label.

##input: Claim: 北顿涅茨克氮肥厂部分乌武装人员投降

Evidences:


##output:<|eot_id|><|start_header_id|>assistant<|end_header_id|>

",supported,nei,
真实的谎言――俄乌冲突卫星调查系列之二,"<|begin_of_text|><|start_header_id|>system<|end_header_id|>

Cutting Knowledge Date: December 2023
Today Date: 26 Jul 2024

You are a multilingual fact-checking expert. You are given a news claim along with raw evidence related to the claim. Do not consider any other evidence. Your task is to evaluate the veracity of the claim based solely on the provided raw evidence.

 Output your answer in exactly the following format:
 Claim Veracity: [label]

 Answer with one word: SUPPORTED, REFUTED, NEI<|eot_id|><|start_header_id|>user<|end_header_id|>

##Instruction: Classify the given Chinese claim into one of the three categories (SUPPORTED, REFUTED, NEI) based on the provided evidence.

1. SUPPORTED: Fully supported by the evidence.
2. REFUTED: Clearly contradicted or unsupported by the evidence.
3. NEI: Not enough information to make a decision.

Provide exactly one label.

##input: Claim: 真实的谎言――俄乌冲突卫星调查系列之二

Evidences:
Evidence_1: [1]: ""真实的谎言——俄乌冲突卫星调查系列之二-新华网""[2]: ""真实的谎言——俄乌冲突卫星调查系列之二 _中国经济网——国家经济门户""[3]: ""真实的谎言 - 维基百科，自由的百科全书""您好，这是必应。根据您的要求，我为您找到了以下五条相关消息，并给出了详细来源与内容：- 消息一：《真实的谎言——俄乌冲突卫星调查系列之二》[^1^][1]，这是新华社于2023年2月21日发布的一篇报道，揭露了美国在俄乌冲突中的虚伪和谎言，指出美国利用卫星情报误导国际舆论，支持乌克兰政府对东部民众的镇压，同时阻挠俄罗斯提供人道主义援助。- 消息二：《真实的谎言——俄乌冲突卫星调查系列之二》[^2^][2]，这是中国经济网于2023年2月21日转载的新华社的报道，内容与消息一相同。- 消息三：《真实的谎言》[^3^][3]，这是维基百科上关于一部1994年美国动作电影的词条，由詹姆斯·卡梅隆导演，阿诺德·施瓦辛格主演，讲述了一个特工在妻子不知情的情况下执行任务的故事。该电影与您的查询无关，可能是由于关键词重复而出现在搜索结果中。- 消息四：没有找到更多与您的查询相关的消息。- 消息五：没有找到更多与您的查询相关的消息。希望以上信息对您有所帮助。😊 

 ##output:<|eot_id|><|start_header_id|>assistant<|end_header_id|>

","<|begin_of_text|><|start_header_id|>system<|end_header_id|>

Cutting Knowledge Date: December 2023
Today Date: 26 Jul 2024

You are a multilingual fact-checking expert. Classify the claim into: SUPPORTED, REFUTED, NEI.

Output format:
Claim Veracity: [label]<|eot_id|><|start_header_id|>user<|end_header_id|>

##Instruction: Classify the given Chinese claim into: SUPPORTED, REFUTED, NEI.
Provide exactly one label.

##input: Claim: 真实的谎言――俄乌冲突卫星调查系列之二

Evidences:
Evidence_1: * 

监制：李拯宇 贺大为 冯俊扬 薛颖 金学耕
数据与技术：乔柯 江育东 冯春 刘心宇 哈昱淳 韩心蕾 王倩
视频制作/视觉设计：李奇 于晨皓 桑佳琪 王玉坤 郭超 王嘉栋
执行顾问：谢鹏 韩墨 杨晴川 闫珺岩 刘畅 杨骏 赵晖 辛俭强
人 民 网 版 权 所 有 ，未 经 书 面 授 权 禁 止 使 用 Copyright © 1997-2023 by www.people.com.cn. all rights reserved

##output:<|eot_id|><|start_header_id|>assistant<|end_header_id|>

",nei,refuted,
俄乌战事紧 美国军援忙,"<|begin_of_text|><|start_header_id|>system<|end_header_id|>

Cutting Knowledge Date: December 2023
Today Date: 26 Jul 2024

You are a multilingual fact-checking expert. You are given a news claim along with raw evidence related to the claim. Do not consider any other evidence. Your task is to evaluate the veracity of the claim based solely on the provided raw evidence.

 Output your answer in exactly the following format:
 Claim Veracity: [label]

 Answer with one word: SUPPORTED, REFUTED, NEI<|eot_id|><|start_header_id|>user<|end_header_id|>

##Instruction: Classify the given Chinese claim into one of the three categories (SUPPORTED, REFUTED, NEI) based on the provided evidence.

1. SUPPORTED: Fully supported by the evidence.
2. REFUTED: Clearly contradicted or unsupported by the evidence.
3. NEI: Not enough information to make a decision.

Provide exactly one label.

##input: Claim: 俄乌战事紧 美国军援忙

Evidences:
Evidence_1: [1]: ""全球连线_新华网_新华社国际传播融合平台 - news""[2]: ""China’s Response to War in Ukraine | Asian Survey | University of ...""[3]: ""新华国际_新华网 - news""[4]: ""2022俄乌之战｜72小时战事：乌方拒绝谈判俄军攻势加强_快看_澎湃新闻-The Paper""[5]: ""俄乌战争 - 维基百科，自由的百科全书""[6]: ""【俄乌冲突第二十一天】俄军宣布控制赫尔松州全境""您好，这是必应。根据您的搜索请求，我为您找到了以下五条相关消息：1. 俄罗斯总统普京于2022年2月24日清晨宣布，在顿巴斯地区发起特别军事行动，随后乌克兰多地发生冲突，俄乌双方各有人员伤亡[^1^][4]。2. 乌克兰总统泽连斯基于2022年2月25日晚间宣布，乌克兰全国进入战时状态，并向北约和欧盟求援[^1^][4]。3. 美国总统拜登于2022年2月26日发表电视讲话，谴责俄罗斯的侵略行为，并宣布向乌克兰提供紧急军事援助，包括武器、弹药、情报和医疗物资[^1^][4]。4. 中国外交部发言人华春莹于2022年2月27日就俄乌局势发表声明，呼吁有关各方保持克制，通过对话和协商解决分歧，维护地区和平与稳定[^2^][5]。5. 俄罗斯国防部长科纳申科夫于2022年3月16日宣布，俄军已经完全控制了赫尔松州全境区域，并向乌克兰政府提出停火条件，包括承认顿巴斯地区的自治权和撤回所有对俄罗斯的制裁[^3^][6]。以上消息的详细来源和内容可以在搜索结果中查看。如果您有其他问题或需要更多信息，请告诉我。😊 

 ##output:<|eot_id|><|start_header_id|>assistant<|end_header_id|>

","<|begin_of_text|><|start_header_id|>system<|end_header_id|>

Cutting Knowledge Date: December 2023
Today Date: 26 Jul 2024

You are a multilingual fact-checking expert. Classify the claim into: SUPPORTED, REFUTED, NEI.

Output format:
Claim Veracity: [label]<|eot_id|><|start_header_id|>user<|end_header_id|>

##Instruction: Classify the given Chinese claim into: SUPPORTED, REFUTED, NEI.
Provide exactly one label.

##input: Claim: 俄乌战事紧 美国军援忙

Evidences:
Evidence_1: * 

记者：胡晓光 陈嫱 孟菁 李铭 李东旭 邓仙来 耿鹏宇 沈敏
人 民 网 版 权 所 有 ，未 经 书 面 授 权 禁 止 使 用 Copyright © 1997-2022 by www.people.com.cn. all rights reserved

##output:<|eot_id|><|start_header_id|>assistant<|end_header_id|>

",nei,supported,
俄罗斯启用苏联时期坦克T-34,"<|begin_of_text|><|start_header_id|>system<|end_header_id|>

Cutting Knowledge Date: December 2023
Today Date: 26 Jul 2024

You are a multilingual fact-checking expert. You are given a news claim along with raw evidence related to the claim. Do not consider any other evidence. Your task is to evaluate the veracity of the claim based solely on the provided raw evidence.

 Output your answer in exactly the following format:
 Claim Veracity: [label]

 Answer with one word: SUPPORTED, REFUTED, NEI<|eot_id|><|start_header_id|>user<|end_header_id|>

##Instruction: Classify the given Chinese claim into one of the three categories (SUPPORTED, REFUTED, NEI) based on the provided evidence.

1. SUPPORTED: Fully supported by the evidence.
2. REFUTED: Clearly contradicted or unsupported by the evidence.
3. NEI: Not enough information to make a decision.

Provide exactly one label.

##input: Claim:  俄罗斯启用苏联时期坦克T-34

Evidences:
Evidence_1: [1]: ""明查｜俄罗斯启用苏联时期坦克T-34？|俄军|俄罗斯_新浪新闻"" [2]: ""传奇坦克T-34“打头阵” 领衔亮相红场阅兵（现场）|红场阅兵|刘强_新浪新闻"" [3]: ""俄军启用老古董T-34？坦克坟场里的T62、T72还没用完_腾讯新闻""  俄罗斯最近在红场阅兵中启用了苏联时期的坦克T-34，这是一款在二战中立下汗马功劳的坦克。T-34因其性能可靠、操作简单等优点深受好评[^1^][2]。以下是五篇相关新闻：  1. 传奇坦克T-34“打头阵” 领衔亮相红场阅兵（现场）|红场阅兵|刘强_新浪新闻 [^1^][2] 2. 俄军启用老古董T-34？坦克坟场里的T62、T72还没用完_腾讯新闻 [^2^][3] 3. 俄罗斯在红场阅兵中启用二战时期遗留的T-34坦克 [^3^][1] 4. 俄罗斯红场阅兵：传奇坦克T-34领衔亮相 [^3^][1] 5. 俄罗斯红场阅兵：传奇坦克T-34领衔亮相 [^3^][1]  希望这些信息对你有所帮助。 

 ##output:<|eot_id|><|start_header_id|>assistant<|end_header_id|>

","<|begin_of_text|><|start_header_id|>system<|end_header_id|>

Cutting Knowledge Date: December 2023
Today Date: 26 Jul 2024

You are a multilingual fact-checking expert. Classify the claim into: SUPPORTED, REFUTED, NEI.

Output format:
Claim Veracity: [label]<|eot_id|><|start_header_id|>user<|end_header_id|>

##Instruction: Classify the given Chinese claim into: SUPPORTED, REFUTED, NEI.
Provide exactly one label.

##input: Claim:  俄罗斯启用苏联时期坦克T-34

Evidences:


##output:<|eot_id|><|start_header_id|>assistant<|end_header_id|>

",nei,refuted,
波兰停止向乌克兰难民发放每日40兹罗提食宿补助,"<|begin_of_text|><|start_header_id|>system<|end_header_id|>

Cutting Knowledge Date: December 2023
Today Date: 26 Jul 2024

You are a multilingual fact-checking expert. You are given a news claim along with raw evidence related to the claim. Do not consider any other evidence. Your task is to evaluate the veracity of the claim based solely on the provided raw evidence.

 Output your answer in exactly the following format:
 Claim Veracity: [label]

 Answer with one word: SUPPORTED, REFUTED, NEI<|eot_id|><|start_header_id|>user<|end_header_id|>

##Instruction: Classify the given Chinese claim into one of the three categories (SUPPORTED, REFUTED, NEI) based on the provided evidence.

1. SUPPORTED: Fully supported by the evidence.
2. REFUTED: Clearly contradicted or unsupported by the evidence.
3. NEI: Not enough information to make a decision.

Provide exactly one label.

##input: Claim:  波兰停止向乌克兰难民发放每日40兹罗提食宿补助

Evidences:
Evidence_1: [1]: ""美国之音中文网新闻 - 美国之音中文网"" [2]: ""新闻频道_央视网 "" [3]: ""中国新闻_央视网 ""  波兰政府已经停止向乌克兰难民发放每日40兹罗提食宿补助。这个决定是在2022年12月生效的，目前还没有新的补助计划。[^1^][1]  以下是五篇相关新闻，供您参考： 1. [波兰停止向乌克兰难民发放每日40兹罗提食宿补助]  2. [波兰停止向乌克兰难民发放每日40兹罗提食宿补助]  3. [波兰停止向乌克兰难民发放每日40兹罗提食宿补助]  4. [波兰停止向乌克兰难民发放每日40兹罗提食宿补助]  5. [波兰停止向乌克兰难民发放每日40兹罗提食宿补助]   希望这些新闻能够帮到您。 

 ##output:<|eot_id|><|start_header_id|>assistant<|end_header_id|>

","<|begin_of_text|><|start_header_id|>system<|end_header_id|>

Cutting Knowledge Date: December 2023
Today Date: 26 Jul 2024

You are a multilingual fact-checking expert. Classify the claim into: SUPPORTED, REFUTED, NEI.

Output format:
Claim Veracity: [label]<|eot_id|><|start_header_id|>user<|end_header_id|>

##Instruction: Classify the given Chinese claim into: SUPPORTED, REFUTED, NEI.
Provide exactly one label.

##input: Claim:  波兰停止向乌克兰难民发放每日40兹罗提食宿补助

Evidences:


##output:<|eot_id|><|start_header_id|>assistant<|end_header_id|>

",refuted,nei,
“绝对有必要”对美在乌克兰生物实验室进行严格核查――访联合国前武器核查员里特,"<|begin_of_text|><|start_header_id|>system<|end_header_id|>

Cutting Knowledge Date: December 2023
Today Date: 26 Jul 2024

You are a multilingual fact-checking expert. You are given a news claim along with raw evidence related to the claim. Do not consider any other evidence. Your task is to evaluate the veracity of the claim based solely on the provided raw evidence.

 Output your answer in exactly the following format:
 Claim Veracity: [label]

 Answer with one word: SUPPORTED, REFUTED, NEI<|eot_id|><|start_header_id|>user<|end_header_id|>

##Instruction: Classify the given Chinese claim into one of the three categories (SUPPORTED, REFUTED, NEI) based on the provided evidence.

1. SUPPORTED: Fully supported by the evidence.
2. REFUTED: Clearly contradicted or unsupported by the evidence.
3. NEI: Not enough information to make a decision.

Provide exactly one label.

##input: Claim: “绝对有必要”对美在乌克兰生物实验室进行严格核查――访联合国前武器核查员里特

Evidences:
Evidence_1: [1]: ""乌克兰外长德米特里·库列巴接受新华社专访 - news""[2]: ""专访：2021年中乌务实合作取得丰硕成果——访中国驻乌克兰大使范先荣_滚动新闻_中国政府网""[3]: ""34岁升任斯坦福终身教授！专访崔屹：“完美”科研生涯如何达成？""[4]: ""为高水平科技创新提供有力支撑——专访中国科学院副院长高鸿钧_滚动新闻_中国政府网""您好，这是必应。我为您找到了以下五条相关消息：- 《新华社》于2022年4月30日报道，乌克兰外长德米特里·库列巴接受了新华社的书面专访，就乌克兰局势、中乌关系、新冠疫情等问题发表了看法[^1^][1]。- 《中国政府网》于2022年1月14日报道，中国驻乌克兰大使范先荣接受了新华社记者的专访，回顾了2021年中乌务实合作的丰硕成果，并展望了2022年中乌关系的发展前景[^2^][2]。- 《环球时报》于2021年10月28日报道，联合国前武器核查员里特在接受《环球时报》记者的专访时表示，“绝对有必要”对美在乌克兰生物实验室进行严格核查，并指出美国在全球建立的生物实验室网络存在很多隐患和风险[^3^][3]。- 《人民日报》于2021年10月27日报道，中国驻乌克兰大使范先荣在接受《人民日报》记者的专访时表示，中方坚定支持乌克兰主权和领土完整，反对任何形式的外部干涉和军事挑衅，并呼吁各方通过对话和协商解决分歧[^4^][4]。- 《中国政府网》于2022年3月17日报道，中国科学院副院长高鸿钧在接受新华社记者的专访时介绍了中国科学院在高水平科技创新方面的工作和成就，并谈到了未来的发展目标和重点任务。以上是我为您找到的相关消息，希望对您有帮助。😊 

 ##output:<|eot_id|><|start_header_id|>assistant<|end_header_id|>

","<|begin_of_text|><|start_header_id|>system<|end_header_id|>

Cutting Knowledge Date: December 2023
Today Date: 26 Jul 2024

You are a multilingual fact-checking expert. Classify the claim into: SUPPORTED, REFUTED, NEI.

Output format:
Claim Veracity: [label]<|eot_id|><|start_header_id|>user<|end_header_id|>

##Instruction: Classify the given Chinese claim into: SUPPORTED, REFUTED, NEI.
Provide exactly one label.

##input: Claim: “绝对有必要”对美在乌克兰生物实验室进行严格核查――访联合国前武器核查员里特

Evidences:
Evidence_1: * 

人 民 网 版 权 所 有 ，未 经 书 面 授 权 禁 止 使 用 Copyright © 1997-2022 by www.people.com.cn. all rights reserved

##output:<|eot_id|><|start_header_id|>assistant<|end_header_id|>

",nei,supported,
普京与朔尔茨通电话 乌俄交换被扣押人员,"<|begin_of_text|><|start_header_id|>system<|end_header_id|>

Cutting Knowledge Date: December 2023
Today Date: 26 Jul 2024

You are a multilingual fact-checking expert. You are given a news claim along with raw evidence related to the claim. Do not consider any other evidence. Your task is to evaluate the veracity of the claim based solely on the provided raw evidence.

 Output your answer in exactly the following format:
 Claim Veracity: [label]

 Answer with one word: SUPPORTED, REFUTED, NEI<|eot_id|><|start_header_id|>user<|end_header_id|>

##Instruction: Classify the given Chinese claim into one of the three categories (SUPPORTED, REFUTED, NEI) based on the provided evidence.

1. SUPPORTED: Fully supported by the evidence.
2. REFUTED: Clearly contradicted or unsupported by the evidence.
3. NEI: Not enough information to make a decision.

Provide exactly one label.

##input: Claim: 普京与朔尔茨通电话 乌俄交换被扣押人员

Evidences:
Evidence_1: [1]: ""In Call With Putin, Scholz Vows Germany’s Continued Support for Ukraine ...""[2]: ""Germany's Scholz, Russia's Putin discuss Ukraine in phone call""[3]: ""Ukraine war: Scholz says Vladimir Putin does not see war as ... - BBC""[4]: ""Russia's Putin tells Germany's Scholz that Western line on Ukraine is ...""您好，这是必应。根据网络搜索，以下是五条与您的查询相关的新闻：1. 《纽约时报》报道，德国总理奥拉夫·朔尔茨（Olaf Scholz）于周五与俄罗斯总统弗拉基米尔·普京（Vladimir V. Putin）通电话，承诺继续为乌克兰提供军事支持。据莫斯科方面称，普京在电话中谴责柏林和西方“向乌克兰输送武器”[^1^][1]。2. 路透社报道，德国总理奥拉夫·朔尔茨（Olaf Scholz）于周二与俄罗斯总统弗拉基米尔·普京（Vladimir Putin）通电话，敦促俄罗斯领导人根据停火协议和尽快撤出俄罗斯军队的原则，为乌克兰冲突寻找外交解决方案，德国政府发言人说[^2^][2]。3. 英国广播公司（BBC）报道，奥拉夫·朔尔茨（Olaf Scholz）周三对记者说，他在90分钟的通话中敦促普京（Putin）撤军并重新与乌克兰对话。他呼吁俄罗斯尊重乌克兰的主权，并表示普京没有将战争视为解决问题的选项[^3^][3]。4. 路透社报道，俄罗斯总统弗拉基米尔·普京（Vladimir Putin）在周五与德国总理奥拉夫·朔尔茨（Olaf Scholz）的电话中表示，德国和西方对乌克兰的立场是“破坏性”的，并敦促柏林重新考虑其立场[^4^][4]。5. 据《华盛顿邮报》报道，乌克兰和俄罗斯周一交换了被扣押人员，其中包括一名被指控参与2014年马航MH17航班坠毁的前乌克兰士兵。这是两国自2019年以来首次进行囚犯交换，被视为缓和紧张局势的一个信号。 

 ##output:<|eot_id|><|start_header_id|>assistant<|end_header_id|>

","<|begin_of_text|><|start_header_id|>system<|end_header_id|>

Cutting Knowledge Date: December 2023
Today Date: 26 Jul 2024

You are a multilingual fact-checking expert. Classify the claim into: SUPPORTED, REFUTED, NEI.

Output format:
Claim Veracity: [label]<|eot_id|><|start_header_id|>user<|end_header_id|>

##Instruction: Classify the given Chinese claim into: SUPPORTED, REFUTED, NEI.
Provide exactly one label.

##input: Claim: 普京与朔尔茨通电话 乌俄交换被扣押人员

Evidences:


##output:<|eot_id|><|start_header_id|>assistant<|end_header_id|>

",supported,nei,
通讯：俄乌冲突、美加息助推通胀 中东斋月有点难,"<|begin_of_text|><|start_header_id|>system<|end_header_id|>

Cutting Knowledge Date: December 2023
Today Date: 26 Jul 2024

You are a multilingual fact-checking expert. You are given a news claim along with raw evidence related to the claim. Do not consider any other evidence. Your task is to evaluate the veracity of the claim based solely on the provided raw evidence.

 Output your answer in exactly the following format:
 Claim Veracity: [label]

 Answer with one word: SUPPORTED, REFUTED, NEI<|eot_id|><|start_header_id|>user<|end_header_id|>

##Instruction: Classify the given Chinese claim into one of the three categories (SUPPORTED, REFUTED, NEI) based on the provided evidence.

1. SUPPORTED: Fully supported by the evidence.
2. REFUTED: Clearly contradicted or unsupported by the evidence.
3. NEI: Not enough information to make a decision.

Provide exactly one label.

##input: Claim: 通讯：俄乌冲突、美加息助推通胀 中东斋月有点难

Evidences:
Evidence_1: [1]: ""纵论天下|透过总体国家安全观，如何理解俄乌冲突？-新华网""[2]: ""俄乌信息战 战争背后的战争|俄罗斯|乌克兰|美国_新浪新闻""[3]: ""2022 年第一季度市场最新资讯：投资者的担忧数不胜数 | Sun Life""您好，这是必应。我找到了以下五条相关消息：1. 《纵论天下|透过总体国家安全观，如何理解俄乌冲突？》[^1^][1]：这篇文章邀请了中国社会科学院俄罗斯东欧中亚研究所所长孙壮志教授，从总体国家安全观的角度，分析了俄乌冲突的背景、影响和对中国的启示。文章指出，俄乌冲突是欧洲地缘政治格局的重大变化，也是美俄关系的重要考验，对中国来说，需要保持战略定力，维护自身利益，同时积极参与国际协调和合作，推动地区和平与稳定。2. 《俄乌信息战 战争背后的战争》[^2^][2]：这篇文章介绍了俄乌冲突中双方展开的信息战，包括舆论宣传、网络攻击、心理战等。文章认为，信息战是战争的一部分，也是战争的延续，旨在影响对方的意志和决策。文章分析了美国、俄罗斯和乌克兰在信息战中的策略和手段，以及可能带来的后果。3. 《2022 年第一季度市场最新资讯：投资者的担忧数不胜数》[^3^][3]：这篇文章总结了 2022 年第一季度全球市场的主要动态和趋势，包括美国加息预期、新冠疫情变化、能源危机、俄乌紧张局势等。文章指出，这些因素都给投资者带来了不确定性和压力，导致市场波动加剧。文章建议投资者保持长期视野，坚持多元化投资策略，以应对市场风险和机遇。4. 《通讯：俄乌冲突、美加息助推通胀 中东斋月有点难》：这篇文章报道了中东地区在斋月期间面临的通胀压力和生活困难。文章指出，由于俄乌冲突导致的能源紧缺、美国加息预期引发的货币贬值、新冠疫情造成的供应链中断等因素，中东地区的物价水平持续上涨，尤其是食品和燃料等基本生活用品。文章采访了一些当地居民和商家，反映了他们在斋月期间如何应对通胀的挑战。5. 《通讯：俄乌冲突、美加息助推通胀 中东斋月有点难》：这篇文章报道了中东地区在斋月期间面临的通胀压力和生活困难。文章指出，由于俄乌冲突导致的能源紧缺、美国加息预期引发的货币贬值、新冠疫情造成的供应链中断等因素，中东地区的物价水平持 

 ##output:<|eot_id|><|start_header_id|>assistant<|end_header_id|>

","<|begin_of_text|><|start_header_id|>system<|end_header_id|>

Cutting Knowledge Date: December 2023
Today Date: 26 Jul 2024

You are a multilingual fact-checking expert. Classify the claim into: SUPPORTED, REFUTED, NEI.

Output format:
Claim Veracity: [label]<|eot_id|><|start_header_id|>user<|end_header_id|>

##Instruction: Classify the given Chinese claim into: SUPPORTED, REFUTED, NEI.
Provide exactly one label.

##input: Claim: 通讯：俄乌冲突、美加息助推通胀 中东斋月有点难

Evidences:
Evidence_1: * 

人 民 网 版 权 所 有 ，未 经 书 面 授 权 禁 止 使 用 Copyright © 1997-2022 by www.people.com.cn. all rights reserved

##output:<|eot_id|><|start_header_id|>assistant<|end_header_id|>

",supported,nei,
Twenty-two million jobs were created during Clinton  s two terms but only 3 million during Bush  s.,"<|begin_of_text|><|start_header_id|>system<|end_header_id|>

Cutting Knowledge Date: December 2023
Today Date: 26 Jul 2024

You are a multilingual fact-checking expert. You are given a news claim along with raw evidence related to the claim. Do not consider any other evidence. Your task is to evaluate the veracity of the claim based solely on the provided raw evidence.

 Output your answer in exactly the following format:
 Claim Veracity: [label]

 Answer with one word: SUPPORTED, REFUTED, NEI<|eot_id|><|start_header_id|>user<|end_header_id|>

##Instruction: Classify the given English claim into one of the three categories (SUPPORTED, REFUTED, NEI) based on the provided evidence.

1. SUPPORTED: Fully supported by the evidence.
2. REFUTED: Clearly contradicted or unsupported by the evidence.
3. NEI: Not enough information to make a decision.

Provide exactly one label.

##input: Claim: Twenty-two million jobs were created during Clinton  s two terms but only 3 million during Bush  s.

Evidences:
Evidence_1: 1. ""This claim is a statement made by an individual on Twitter.""    The Guardian article provides further context for the claim, noting that the statement was made by an individual on Twitter and providing a link to the article for readers to access more information.  2. ""The statement has been widely reported and discussed on social media platforms.""    TMZ article addresses potential limitations or concerns regarding the claim, providing further context for the claim. TMZ article notes that the statement has been widely reported and discussed on social media platforms, illustrating the ongoing debate surrounding U.S. political figures and their impact on the economy related to job creation during their respective terms in office.  3. ""There is no direct evidence to support the claim that Clinton created more jobs than Bush during their terms in office.""    Forbes article addresses potential alternatives or counterarguments to the claim, providing additional context for the claim. Forbes article notes that there is no direct evidence to support the claim that Clinton created more jobs than Bush during their terms in office, illustrating the ongoing debate surrounding U.S. political figures and their impact on the economy related to job creation.  4. ""The statement may be an attempt to highlight the differences in policies and economic conditions between Clinton and Bush administrations.""    The New York Times article addresses potential critiques or counterarguments to the claim, providing further context for the claim. The New York Times article notes that the statement may be an attempt to highlight the differences in policies and economic conditions between Clinton and Bush administrations, illustrating the ongoing debate surrounding U.S. political figures and their impact on the economy related to job creation.  5. ""In reality, it is difficult to accurately compare job creation during different administrations due to a variety of factors such as economic conditions and policy changes.""    Wikipedia article addresses potential limitations or concerns regarding the claim, providing further context for the claim. Wikipedia article notes that it is difficult to accurately compare job creation during different administrations due to a variety of factors such as economic conditions and policy changes, illustrating the ongoing debate surrounding U.S. political figures and their impact on the economy related to job creation. 

 ##output:<|eot_id|><|start_header_id|>assistant<|end_header_id|>

","<|begin_of_text|><|start_header_id|>system<|end_header_id|>

Cutting Knowledge Date: December 2023
Today Date: 26 Jul 2024

You are a multilingual fact-checking expert. Classify the claim into: SUPPORTED, REFUTED, NEI.

Output format:
Claim Veracity: [label]<|eot_id|><|start_header_id|>user<|end_header_id|>

##Instruction: Classify the given English claim into: SUPPORTED, REFUTED, NEI.
Provide exactly one label.

##input: Claim: Twenty-two million jobs were created during Clinton  s two terms but only 3 million during Bush  s.

Evidences:
Evidence_1: ###  Stand up for the facts! Our only agenda is to publish the truth so you can be an informed participant in democracy. We need your help. ###  I would like to contribute 
stated on July 14, 2010 in an interview with Rachel Maddow : 
Twenty-two million jobs were created during Clinton’s two terms but only 3 million during Bush’s. Politicians can slice and dice monthly job reports expertly, a useful skill for scoring economic talking points. Include a few months’ worth of job losses here, exclude some job gains there, or do it in reverse, and pretty soon it’s all some scoundrel’s fault. (Never mind whom that scoundrel is.) So U.S. Sen. Sherrod Brown caught our attention when he took a broader historical look while appearing July 14 on Rachel Maddow’s program on MSNBC. ""We saw jobs created, 22 million in the Clinton years,"" said Brown, a Democrat who’s not up for reelection until 2012.

Evidence_2: We need your help. ###  I would like to contribute 
stated on July 14, 2010 in an interview with Rachel Maddow : 
Twenty-two million jobs were created during Clinton’s two terms but only 3 million during Bush’s. Politicians can slice and dice monthly job reports expertly, a useful skill for scoring economic talking points. Include a few months’ worth of job losses here, exclude some job gains there, or do it in reverse, and pretty soon it’s all some scoundrel’s fault. (Never mind whom that scoundrel is.) So U.S. Sen. Sherrod Brown caught our attention when he took a broader historical look while appearing July 14 on Rachel Maddow’s program on MSNBC. ""We saw jobs created, 22 million in the Clinton years,"" said Brown, a Democrat who’s not up for reelection until 2012. ""Because they were responsible about cutting taxes selectively and increasing taxes selectively and they were responsible about what government programs they formed and they dismantled. Twenty-two million jobs created and incomes went up in those eight years for the average American. And in the next eight years, the eight Bush years, only 3 million jobs created and that wasn`t even enough to keep up with population growth."" The quantitative claims seemed worth checking out, and in doing so we found a surprise: Brown is wrong – but not in a way he’ll likely mind. No fan of President George W. Bush, Brown grossly understated the poor job growth that occurred on Bush’s watch. The comparison should have been this: Job growth through Clinton two terms was 22.7 million. Through Bush’s two terms, it was 1.1 million. Brown isn’t alone in making this error.

Evidence_3: You, too, can do the math. The jobs numbers are based on a monthly survey of employers for the 12th of each month, but the initial reports are revised as more employers complete their survey over the following couple of months. A fuller census of employment and wages is conducted quarterly and is considered more accurate, so BLS eventually adjusts the monthly numbers to reflect that accuracy. Here are the latest numbers: 
  * Number of jobs as of January, 1993, a week before Clinton took office: 109.725 million. * Number of jobs as of Jan. 2001, a week before Clinton left office: 132.469 million
  * Net Gain under Clinton: 22.7 million jobs. Now for Bush, who succeeded Clinton in the White House. As already noted, the nation had 132.469 million jobs as he was taking office. * Number of jobs on Jan. 12, 2009, a week before Bush left office: 133.549 million. * Net gain under Bush: 1.08 million jobs. OK, but what about Brown’s claim that incomes went up under Clinton? The numbers bear this out, too. BLS data, adjusted for inflation, show that average weekly wages grew by 21 percent from the start of Clinton’s first term to the end of his second term. They grew by only 2 percent under Bush’s two terms. Is it fair to compare job growth under these presidents? Just in case we were missing some context – because these numbers seemed to turn conventional wisdom of its head -- we ran this by Dan Mitchell, an economist and fan of fiscal restraint who works as a senior fellow at the Cato Institute, a libertarian-oriented think tank. Mitchell said he didn’t find the numbers surprising. Luck and the economic cycle played a role in both presidencies, but the officeholders’ policies played bigger roles, he said.

Evidence_4: ""Because they were responsible about cutting taxes selectively and increasing taxes selectively and they were responsible about what government programs they formed and they dismantled. Twenty-two million jobs created and incomes went up in those eight years for the average American. And in the next eight years, the eight Bush years, only 3 million jobs created and that wasn`t even enough to keep up with population growth."" The quantitative claims seemed worth checking out, and in doing so we found a surprise: Brown is wrong – but not in a way he’ll likely mind. No fan of President George W. Bush, Brown grossly understated the poor job growth that occurred on Bush’s watch. The comparison should have been this: Job growth through Clinton two terms was 22.7 million. Through Bush’s two terms, it was 1.1 million. Brown isn’t alone in making this error. The Democratic Senatorial Campaign Committee used the 3 million figure in a news release on July 20 when trying to use Bush’s record on jobs as a weapon against one of his former top aides, Rob Portman. Portman is the Republican in the U.S. Senate race to succeed George Voinovich, who is retiring. Brown’s office wasn’t sure where the senator got his figures, but we did some tracing and concluded it probably came from a Wall Street Journal online story of Jan. 9, 2009. That’s where the Democratic committee says it got its numbers, too. The Wall Street Journal examined net job growth for more than half a century and declared that Bush had the ""worst track record on record."" That doesn’t mean it’s the worst ever. It’s just the worst since the Labor Department started keeping payroll records in 1939.

Evidence_5: Said the Journal: ""The Bush administration created about three million jobs (net) over its eight years, a fraction of the 23 million jobs created under President Bill Clinton’s administration and only slightly better than President George H.W. Bush did in his four years in office."" We wanted to look at those numbers ourselves, so we turned to the Department of Labor’s Bureau of Labor Statistics, or BLS. Getting guidance on the data from BLS and using Excel spreadsheets, we discovered not only that Brown and the Democrats have been wrong, but also why. It was a matter of timing. BLS had only preliminary data on Bush’s final performance at the close of his second term, when the Wall Street Journal was doing its story. BLS subsequently updated the data. It turned out that things were way worse than the preliminary numbers showed. We shared this assessment with the Journal reporter, who agreed. It’s not a matter of whose numbers were better. It’s a matter of what was known and when. You, too, can do the math. The jobs numbers are based on a monthly survey of employers for the 12th of each month, but the initial reports are revised as more employers complete their survey over the following couple of months. A fuller census of employment and wages is conducted quarterly and is considered more accurate, so BLS eventually adjusts the monthly numbers to reflect that accuracy. Here are the latest numbers: 
  * Number of jobs as of January, 1993, a week before Clinton took office: 109.725 million. * Number of jobs as of Jan. 2001, a week before Clinton left office: 132.469 million
  * Net Gain under Clinton: 22.7 million jobs. Now for Bush, who succeeded Clinton in the White House. As already noted, the nation had 132.469 million jobs as he was taking office. * Number of jobs on Jan. 12, 2009, a week before Bush left office: 133.549 million. * Net gain under Bush: 1.08 million jobs.

##output:<|eot_id|><|start_header_id|>assistant<|end_header_id|>

",supported,refuted,
"Russian dissident Denis Voronenkov, who was gunned down in March 2017, was slated to testify against former Trump campaign manager Paul Manafort in a treason trial in Ukraine.","<|begin_of_text|><|start_header_id|>system<|end_header_id|>

Cutting Knowledge Date: December 2023
Today Date: 26 Jul 2024

You are a multilingual fact-checking expert. You are given a news claim along with raw evidence related to the claim. Do not consider any other evidence. Your task is to evaluate the veracity of the claim based solely on the provided raw evidence.

 Output your answer in exactly the following format:
 Claim Veracity: [label]

 Answer with one word: SUPPORTED, REFUTED, NEI<|eot_id|><|start_header_id|>user<|end_header_id|>

##Instruction: Classify the given English claim into one of the three categories (SUPPORTED, REFUTED, NEI) based on the provided evidence.

1. SUPPORTED: Fully supported by the evidence.
2. REFUTED: Clearly contradicted or unsupported by the evidence.
3. NEI: Not enough information to make a decision.

Provide exactly one label.

##input: Claim: Russian dissident Denis Voronenkov, who was gunned down in March 2017, was slated to testify against former Trump campaign manager Paul Manafort in a treason trial in Ukraine.

Evidences:
Evidence_1: On 23 March 2017, an assortment of?left-leaning political web sites, including Occupy Democrats and the?Palmer Report, published articles reporting that Russian dissident?Denis Voronenkov, who was shot dead earlier that same day in Ukraine, was to?have been a ""star witness"" in a treason trial involving former Trump campaign manager Paul Manafort:The clear implication was that the purpose of the killing may have been   to prevent Voronenkov, a former?member of Russia's parliament and Putin critic who fled to Ukraine, from incriminating Manafort at Yanukovych's trial, scheduled?to take place in March 2017.Mainstream news outlets such as CNN had reported that Voronenkov was indeed cooperating with?Ukrainian prosecutors and would?be a ""key witness""?against Yanukovych.However, we have encountered?no evidence that Voronenkov planned to testify?about Paul Manafort in any respect. In fact, Voronenkov?stated?as recently as February 2017 that he knew nothing about Manafort.As previously reported, Manafort resigned after serving?five months as Donald Trump's campaign manager in August 2016 after?handwritten ledgers?published in the?New York Times indicated?he had received $12.7 million?in ""illegal"" cash payments   from Victor Yanukovych's Moscow-backed?political party between 2007 and 2012. Although Manafort denied receiving?such payments, he stepped down from the Trump organization?at a moment when it was combating?general allegations about ties between the campaign and Russia  .Even so, any imputation of a link?between the shooting of Denis Voronenkov and Manafort's dealings?with Victor Yanukovych is purely speculative, and indeed contradicts Voronenkov's own public statements in that regard. 

 ##output:<|eot_id|><|start_header_id|>assistant<|end_header_id|>

","<|begin_of_text|><|start_header_id|>system<|end_header_id|>

Cutting Knowledge Date: December 2023
Today Date: 26 Jul 2024

You are a multilingual fact-checking expert. Classify the claim into: SUPPORTED, REFUTED, NEI.

Output format:
Claim Veracity: [label]<|eot_id|><|start_header_id|>user<|end_header_id|>

##Instruction: Classify the given English claim into: SUPPORTED, REFUTED, NEI.
Provide exactly one label.

##input: Claim: Russian dissident Denis Voronenkov, who was gunned down in March 2017, was slated to testify against former Trump campaign manager Paul Manafort in a treason trial in Ukraine.

Evidences:
Evidence_1: # Was a Murdered Russian Ex-Politician to Testify Against Paul Manafort in Treason Trial? ## Unreliable sources claimed that Denis Voronenkov, a Vladimir Putin critic who was shot dead in Ukraine in March 2017, was slated to testify against Trump's former campaign manager. Russian dissident Denis Voronenkov, who was gunned down in March 2017, was slated to testify against former Trump campaign manager Paul Manafort in a treason trial in Ukraine. On 23 March 2017, an assortment of left-leaning political web sites, including and the , published articles reporting that Russian dissident Denis Voronenkov, who was dead earlier that same day in Ukraine, was to have been a ""star witness"" in a treason trial involving former Trump campaign manager Paul Manafort:
> Yesterday, documents surfaced showing that former Trump Campaign Chair Paul Manafort had received at least $750,000 in illegal payments from former Ukrainian President Victor Yanukovych, who is about to be tried for treason in absentia in Ukraine. > Today, Denis Voronenkov was shot to death in the streets of Kiev in broad daylight, just a few weeks after he said he would testify against Yanukovych and his cohorts — Manafort included. > This is only the latest in a list of Russian dissidents to be murdered or die under mysterious circumstances since the U.S. Election.

Evidence_2: On 23 March 2017, an assortment of left-leaning political web sites, including and the , published articles reporting that Russian dissident Denis Voronenkov, who was dead earlier that same day in Ukraine, was to have been a ""star witness"" in a treason trial involving former Trump campaign manager Paul Manafort:
> Yesterday, documents surfaced showing that former Trump Campaign Chair Paul Manafort had received at least $750,000 in illegal payments from former Ukrainian President Victor Yanukovych, who is about to be tried for treason in absentia in Ukraine. > Today, Denis Voronenkov was shot to death in the streets of Kiev in broad daylight, just a few weeks after he said he would testify against Yanukovych and his cohorts — Manafort included. > This is only the latest in a list of Russian dissidents to be murdered or die under mysterious circumstances since the U.S. Election. The timing of Voronenkov’s murder in conjunction with the latest revelations about Manafort — a man he was likely to incriminate — makes this latest tragedy all the more suspect. The clear implication was that the purpose of the killing may have been (at least in part) to prevent Voronenkov, a former member of Russia's parliament and Putin critic who fled to Ukraine, from incriminating Manafort at Yanukovych's trial, scheduled to take place in March 2017. Mainstream news outlets such as CNN had that Voronenkov was indeed cooperating with Ukrainian prosecutors and would be a ""key witness"" against Yanukovych. However, we have encountered no evidence that Voronenkov planned to testify about Paul Manafort in any respect. In fact, Voronenkov as recently as February 2017 that he knew nothing about Manafort.

Evidence_3: The timing of Voronenkov’s murder in conjunction with the latest revelations about Manafort — a man he was likely to incriminate — makes this latest tragedy all the more suspect. The clear implication was that the purpose of the killing may have been (at least in part) to prevent Voronenkov, a former member of Russia's parliament and Putin critic who fled to Ukraine, from incriminating Manafort at Yanukovych's trial, scheduled to take place in March 2017. Mainstream news outlets such as CNN had that Voronenkov was indeed cooperating with Ukrainian prosecutors and would be a ""key witness"" against Yanukovych. However, we have encountered no evidence that Voronenkov planned to testify about Paul Manafort in any respect. In fact, Voronenkov as recently as February 2017 that he knew nothing about Manafort. As previously reported, Manafort after serving five months as Donald Trump's campaign manager in August 2016 after handwritten published in the indicated he had received $12.7 million in ""illegal"" cash payments (according to Ukrainian anti-corruption investigators) from Victor Yanukovych's Moscow-backed political party between 2007 and 2012. Although Manafort denied receiving such payments, he stepped down from the Trump organization at a moment when it was combating general allegations about ties between the campaign and Russia (as of this writing, those alleged ties are still the subject of an FBI ). Even so, any imputation of a link between the shooting of Denis Voronenkov and Manafort's dealings with Victor Yanukovych is purely speculative, and indeed contradicts Voronenkov's own public statements in that regard.

Evidence_4: As previously reported, Manafort after serving five months as Donald Trump's campaign manager in August 2016 after handwritten published in the indicated he had received $12.7 million in ""illegal"" cash payments (according to Ukrainian anti-corruption investigators) from Victor Yanukovych's Moscow-backed political party between 2007 and 2012. Although Manafort denied receiving such payments, he stepped down from the Trump organization at a moment when it was combating general allegations about ties between the campaign and Russia (as of this writing, those alleged ties are still the subject of an FBI ). Even so, any imputation of a link between the shooting of Denis Voronenkov and Manafort's dealings with Victor Yanukovych is purely speculative, and indeed contradicts Voronenkov's own public statements in that regard. Collinson, Stephen. ""FBI: Trump Campaign, Russia Ties Investigated, No Wiretap Evidence Found."" CNN. 21 March 2017. Hanna, Jason and Butenko, Victoria. ""Ukraine's Leader Calls Killing of Putin Critic a Russian Terror Act."" CNN. 24 March 2017. Kramer, Andrew E., McIntire, Mike and Meier, Barry. ""Secret Ledger in Ukraine Lists Cash for Donald Trump's Campaign Chief."" . 14 August 2016. McCaskill, Nolan D., Isenstadt, Alex and Goldmacher, Shane. ""Paul Manafort Resigns from Trump Campaign."" Politico.com. 19 August 2016. Meyers, Steven Lee and Kramer, Andrew E. ""How Paul Manafort Wielded Power in Ukraine Before Advising Donald Trump."" . 31 July 2016. Nemtsova, Anna. ""Russian Whistleblowers Turn on Putin — But Can They Be Trusted?"" Daily Beast.

Evidence_5: 17 February 2017. Norton, Sheila. ""Star Witness in Treason Trial Involving Trump's Campaign Chair Was Just Shot Dead."" Occupy Democrats. 23 March 2017. Palmer, Bill. ""Russian Dissident Shot Dead Who Would Have Been Star Witness in Paul Manafort Trial in Ukraine."" Palmer Report. 23 March 2017. Roth, Andrew and Gryvnyak, Natalie. ""Days Before His Death, Putin Critic Said in Interview He Knew He Was in Danger."" . 23 March 2017. David Emery is a West Coast-based writer and editor with 25 years of experience fact-checking rumors, hoaxes, and contemporary legends.

##output:<|eot_id|><|start_header_id|>assistant<|end_header_id|>

",nei,refuted,
白俄罗斯总统警告运动员不拿牌就别回国,"<|begin_of_text|><|start_header_id|>system<|end_header_id|>

Cutting Knowledge Date: December 2023
Today Date: 26 Jul 2024

You are a multilingual fact-checking expert. You are given a news claim along with raw evidence related to the claim. Do not consider any other evidence. Your task is to evaluate the veracity of the claim based solely on the provided raw evidence.

 Output your answer in exactly the following format:
 Claim Veracity: [label]

 Answer with one word: SUPPORTED, REFUTED, NEI<|eot_id|><|start_header_id|>user<|end_header_id|>

##Instruction: Classify the given Chinese claim into one of the three categories (SUPPORTED, REFUTED, NEI) based on the provided evidence.

1. SUPPORTED: Fully supported by the evidence.
2. REFUTED: Clearly contradicted or unsupported by the evidence.
3. NEI: Not enough information to make a decision.

Provide exactly one label.

##input: Claim: 白俄罗斯总统警告运动员不拿牌就别回国

Evidences:
Evidence_1: [1]: ""来自Aljazeera的国际新闻与深度评析"" [2]: ""美国之音中文网新闻 - 美国之音中文网"" [3]: ""Google News""  以下是五篇相关新闻，希望对您有所帮助：  1. 【BBC】白俄罗斯总统：运动员不拿牌就别回国[^1^][1] 2. 【新华网】白俄罗斯总统：运动员不拿牌就别回国[^2^][2] 3. 【人民网】白俄罗斯总统：运动员不拿牌就别回国[^3^][3] 4. 【环球网】白俄罗斯总统：运动员不拿牌就别回国 5. 【澎湃新闻】白俄罗斯总统：运动员不拿牌就别回国  这些新闻都是关于白俄罗斯总统的警告，要求运动员在比赛中获得奖牌，否则他们将无法回到家乡。[^1^][1] [^2^][2] [^3^][3]    [^1^][1]: http://www.xinhuanet.com/world/2022-06/22/c_1128706847.htm [^3^][3]: https://world.huanqiu.com/article/47WJ6vJjQ9O : https://www.thepaper.cn/newsDetail_forward_18205527  请注意，这些新闻的内容可能会因时间而变化。 

 ##output:<|eot_id|><|start_header_id|>assistant<|end_header_id|>

","<|begin_of_text|><|start_header_id|>system<|end_header_id|>

Cutting Knowledge Date: December 2023
Today Date: 26 Jul 2024

You are a multilingual fact-checking expert. Classify the claim into: SUPPORTED, REFUTED, NEI.

Output format:
Claim Veracity: [label]<|eot_id|><|start_header_id|>user<|end_header_id|>

##Instruction: Classify the given Chinese claim into: SUPPORTED, REFUTED, NEI.
Provide exactly one label.

##input: Claim: 白俄罗斯总统警告运动员不拿牌就别回国

Evidences:
Evidence_1: “Lukashenko: If there are no results in Tokyo Olympics, don’t come back to Belarus”

##output:<|eot_id|><|start_header_id|>assistant<|end_header_id|>

",nei,supported,
俄乌冲突令日本经济复苏进一步承压,"<|begin_of_text|><|start_header_id|>system<|end_header_id|>

Cutting Knowledge Date: December 2023
Today Date: 26 Jul 2024

You are a multilingual fact-checking expert. You are given a news claim along with raw evidence related to the claim. Do not consider any other evidence. Your task is to evaluate the veracity of the claim based solely on the provided raw evidence.

 Output your answer in exactly the following format:
 Claim Veracity: [label]

 Answer with one word: SUPPORTED, REFUTED, NEI<|eot_id|><|start_header_id|>user<|end_header_id|>

##Instruction: Classify the given Chinese claim into one of the three categories (SUPPORTED, REFUTED, NEI) based on the provided evidence.

1. SUPPORTED: Fully supported by the evidence.
2. REFUTED: Clearly contradicted or unsupported by the evidence.
3. NEI: Not enough information to make a decision.

Provide exactly one label.

##input: Claim: 俄乌冲突令日本经济复苏进一步承压

Evidences:
Evidence_1: [1]: ""日经中文网--日本经济新闻中文版""[2]: ""METI Ministry of Economy, Trade and Industry - 経済産業省""[3]: ""The Japanese Economic Review | Home - Springer""[4]: ""俄乌冲突百日思｜国际经济秩序加速调整，对中国影响如何_外交学人_澎湃新闻-The Paper""[5]: ""回顾2022年：可视化俄乌战争进程 | 乌克兰战争 新闻 | 半岛电视台""[6]: ""俄乌冲突一周年回望：推动世界格局进行深度调整-新华网""[7]: ""美“拱火”俄乌冲突给世界经济添了哪些伤 - 新华网""您好，这是必应。我找到了以下五条相关新闻：- 《俄乌冲突百日思｜国际经济秩序加速调整，对中国影响如何》[^1^][4]：该文分析了俄乌冲突背后的能源出口国和能源进口国之间的深层矛盾，以及对中国经济和外交的影响。- 《回顾2022年：可视化俄乌战争进程》[^2^][5]：该文通过地图和图表展示了俄乌战争的进程、人力成本和全球反应，揭示了战争对欧洲和世界的深远影响。- 《俄乌冲突一周年回望：推动世界格局进行深度调整》[^3^][6]：该文认为俄乌冲突是冷战结束以来最大的地缘政治冲突，加剧了国际政治中的集团对抗和阵营对立，同时也催生了新的合作机会和平衡力量。- 《美“拱火”俄乌冲突给世界经济添了哪些伤》[^4^][7]：该文指出美国在俄乌冲突中的角色和立场，以及其对全球能源市场、金融市场和贸易市场的影响。- 《日本经济受俄乌冲突影响或将陷入衰退》：该文分析了俄乌冲突对日本经济的负面影响，包括能源价格上涨、出口下降、消费者信心下降等，预测日本经济可能出现两个季度的负增长。您是否想要了解更多细节？如果是，请告诉我您感兴趣的新闻编号。 

 ##output:<|eot_id|><|start_header_id|>assistant<|end_header_id|>

","<|begin_of_text|><|start_header_id|>system<|end_header_id|>

Cutting Knowledge Date: December 2023
Today Date: 26 Jul 2024

You are a multilingual fact-checking expert. Classify the claim into: SUPPORTED, REFUTED, NEI.

Output format:
Claim Veracity: [label]<|eot_id|><|start_header_id|>user<|end_header_id|>

##Instruction: Classify the given Chinese claim into: SUPPORTED, REFUTED, NEI.
Provide exactly one label.

##input: Claim: 俄乌冲突令日本经济复苏进一步承压

Evidences:
Evidence_1: 人 民 网 版 权 所 有 ，未 经 书 面 授 权 禁 止 使 用 Copyright © 1997-2022 by www.people.com.cn. all rights reserved

##output:<|eot_id|><|start_header_id|>assistant<|end_header_id|>

",supported,nei,
A woman seduces her husband at Halloween party and then finds out he switched costumes with someone else.,"<|begin_of_text|><|start_header_id|>system<|end_header_id|>

Cutting Knowledge Date: December 2023
Today Date: 26 Jul 2024

You are a multilingual fact-checking expert. You are given a news claim along with raw evidence related to the claim. Do not consider any other evidence. Your task is to evaluate the veracity of the claim based solely on the provided raw evidence.

 Output your answer in exactly the following format:
 Claim Veracity: [label]

 Answer with one word: SUPPORTED, REFUTED, NEI<|eot_id|><|start_header_id|>user<|end_header_id|>

##Instruction: Classify the given English claim into one of the three categories (SUPPORTED, REFUTED, NEI) based on the provided evidence.

1. SUPPORTED: Fully supported by the evidence.
2. REFUTED: Clearly contradicted or unsupported by the evidence.
3. NEI: Not enough information to make a decision.

Provide exactly one label.

##input: Claim: A woman seduces her husband at Halloween party and then finds out he switched costumes with someone else.

Evidences:
Evidence_1: No matter how many times this joke-cum-legend is passed off as a recent tale, nothing will change the fact that it's at least 40 years old. A 1988 issue of Reader's Digest published: A 1965 joke book included a version involving a headachy wife who slips out of a costume party, switches outfits at home, then returns to the country club dance where she’d left her husband. She spots a figure wearing her husband’s costume, and a bit of dancing and wickedly persuasive moonlight leads to her romancing its wearer in the back seat of a parked car. They part, and  , she arrives home before her husband does. When she asks her hubby how his night was, his description of the evening has him trading places with the bartender, a dour fellow who had previously complained about never having the opportunity to get in on the usual ribald Halloween party fun. This legend is a neat reverse twist on the typical mistaken-identity legend in which an unsuspecting?individual — either?through the manipulation of others or his own lustful?excesses — ends?up in bed with the wrong partner. In this particular tale, however, a suspicious wife attempts to maneuver her husband away from other women and into her own bed, but her mistrust of her spouse is unfounded, and?she?is the one who ends up with the wrong partner. Much like the?""Birthday Suited""?legend, a spouse who unfairly underestimates his or her partner is placed in an embarrassing and awkward position as a result. Proof that you can’t keep a good story down are recent appearances of this tale told as true, first-person accounts. The following comes from a 1998 issue of?Cosmopolitan?magazine: This version, which adds a touch of incest to the mix, was published in?Playboy magazine in 2004: The story was also told in:Holt, David and Bill Mooney. ??Spiders in the Hairdo. Little Rock: August House, 1999. ? ISBN 0-87483-525-9 ?  .? ??The Big Book of Urban Legends. New York: Paradox Press, 1994. ? ISBN 1-56389-165-4 ?  . 

 ##output:<|eot_id|><|start_header_id|>assistant<|end_header_id|>

","<|begin_of_text|><|start_header_id|>system<|end_header_id|>

Cutting Knowledge Date: December 2023
Today Date: 26 Jul 2024

You are a multilingual fact-checking expert. Classify the claim into: SUPPORTED, REFUTED, NEI.

Output format:
Claim Veracity: [label]<|eot_id|><|start_header_id|>user<|end_header_id|>

##Instruction: Classify the given English claim into: SUPPORTED, REFUTED, NEI.
Provide exactly one label.

##input: Claim: A woman seduces her husband at Halloween party and then finds out he switched costumes with someone else.

Evidences:
Evidence_1: # Legend: Wife Seduces Husband at Halloween Party — but He Switched Costumes? ## This story has circulated in various forms since at least the 1960s. ** Friends are having costume party for Halloween. They are wearing vampire's, grim reaper's and witch's costume and celebrating. (Image courtesy of Getty Images) **
A woman seduces her husband at Halloween party and then finds out he switched costumes with someone else. No matter how many times this joke-cum-legend is passed off as a recent tale, nothing will change the fact that it's at least 40 years old. A 1988 issue of Reader's Digest published:
> On the night of the masked ball, a woman developed a migraine and told her husband to go alone. Later she felt better, so she got into her costume, which her husband had never seen. When she arrived and saw her spouse prancing around with one woman after another, she decided to get even. > Seductively, she whispered sweet nothings in his ear and after a long embrace lured him to the garden. Just before midnight, when everyone was to unmask, the woman slipped away and returned home. Her husband didn’t arrive until 3 A.M.
> 'How was the party?' she asked. > 'To tell the truth,” her husband replied, when I got there I saw that Pete, Bill and Fred were stag, too, so we went into the den and played poker.' > 'You played cards all night?' she shrieked. > 'Yeah,' he told her. 'I gave my costume to Charlie. He said he had the time of his life.' A 1965 joke book included a version involving a headachy wife who slips out of a party, switches outfits at home, then returns to the country club dance where she’d left her husband.

Evidence_2: On the night of the party, the wife had a headache and told her husband to go to the event alone. > Reluctantly, he agreed. He put on a bear costume and left. The wife fell asleep and woke up an hour later feeling great. She decided to go to the party after all, and it occurred to her that, since her husband didn’t know what costume she was wearing, she’d be able to see how he behaved when she wasn’t around. As soon as she arrived, she spotted her husband in his bear costume flirting with every woman in sight. She approached him, and after a few drinks he propositioned her. They went into the bathroom and had sex. Just before unmasking at midnight, the wife slipped away and went home. She was sitting up in bed when her husband returned. She asked about his night. He said, 'Oh, it was the same old thing. You know I never have a good time when you’re not there.' > 'Really?' she said. 'You didn’t meet anyone interesting?' > He replied, 'I didn’t talk to anyone new. When I got there, I saw the guys and we went into the spare room and played poker all night.' > She said, 'You must have looked really silly wearing your bear costume playing poker.' > Her husband replied, 'Actually, I gave my costume to my dad. He apparently had the night of his life.' **The story was also told in:** Holt, David and Bill Mooney. . Little Rock: August House, 1999. ISBN 0-87483-525-9 (p. 31). _The Big Book of Urban Legends_. New York: Paradox Press, 1994. ISBN 1-56389-165-4 (p. 120). > :Brunvand, Jan Harold.

Evidence_3: Since the room was dark, my date was not aware of the change, and we ended up having sex. While we were having sex, he started screaming the other woman’s name. When I heard this, I smacked him. After he flipped on the lights, I found out that I had been with the wrong Phantom! This version, which adds a touch of incest to the mix, was published in Playboy
> A married couple was invited to a masked Halloween ball. On the night of the party, the wife had a headache and told her husband to go to the event alone. > Reluctantly, he agreed. He put on a bear costume and left. The wife fell asleep and woke up an hour later feeling great. She decided to go to the party after all, and it occurred to her that, since her husband didn’t know what costume she was wearing, she’d be able to see how he behaved when she wasn’t around. As soon as she arrived, she spotted her husband in his bear costume flirting with every woman in sight. She approached him, and after a few drinks he propositioned her. They went into the bathroom and had sex. Just before unmasking at midnight, the wife slipped away and went home. She was sitting up in bed when her husband returned.

Evidence_4: > Seductively, she whispered sweet nothings in his ear and after a long embrace lured him to the garden. Just before midnight, when everyone was to unmask, the woman slipped away and returned home. Her husband didn’t arrive until 3 A.M.
> 'How was the party?' she asked. > 'To tell the truth,” her husband replied, when I got there I saw that Pete, Bill and Fred were stag, too, so we went into the den and played poker.' > 'You played cards all night?' she shrieked. > 'Yeah,' he told her. 'I gave my costume to Charlie. He said he had the time of his life.' A 1965 joke book included a version involving a headachy wife who slips out of a party, switches outfits at home, then returns to the country club dance where she’d left her husband. She spots a figure wearing her husband’s costume, and a bit of dancing and wickedly persuasive moonlight leads to her romancing its wearer in the back seat of a parked car. They part, and (as in all other versions of this tale), she arrives home before her husband does. When she asks her hubby how his night was, his description of the evening has him trading places with the bartender, a dour fellow who had previously complained about never having the opportunity to get in on the usual ribald party fun. This legend is a neat reverse twist on the typical mistaken-identity in which an unsuspecting individual — either through the manipulation of others or his own lustful excesses — ends up in bed with the wrong partner.

Evidence_5: She spots a figure wearing her husband’s costume, and a bit of dancing and wickedly persuasive moonlight leads to her romancing its wearer in the back seat of a parked car. They part, and (as in all other versions of this tale), she arrives home before her husband does. When she asks her hubby how his night was, his description of the evening has him trading places with the bartender, a dour fellow who had previously complained about never having the opportunity to get in on the usual ribald party fun. This legend is a neat reverse twist on the typical mistaken-identity in which an unsuspecting individual — either through the manipulation of others or his own lustful excesses — ends up in bed with the wrong partner. In this particular tale, however, a suspicious wife attempts to maneuver her husband away from other women and into her own bed, but her mistrust of her spouse is unfounded, and is the one who ends up with the wrong partner. Much like the """" legend, a spouse who unfairly underestimates his or her partner is placed in an embarrassing and awkward position as a result. Proof that you can’t keep a good story down are recent appearances of this tale told as true, first-person accounts. The following comes from a 1998 issue of Cosmopolitan magazine:
> One night, my date and I were at a costume party. He dressed up as the Phantom of the Opera, and I went as a devil. During the party, I saw him go to the bedroom with another woman. When I saw him leave the bedroom to go to the bathroom, I went to the bedroom, told the woman my situation, and took her place.

##output:<|eot_id|><|start_header_id|>assistant<|end_header_id|>

",nei,refuted,
"U.S. Sen. Lindsey Graham had dinner with Joe Biggs, a prominent figure in the right-wing Proud Boys group, before Biggs helped plan the January 2021 attack on the U.S. Capitol.","<|begin_of_text|><|start_header_id|>system<|end_header_id|>

Cutting Knowledge Date: December 2023
Today Date: 26 Jul 2024

You are a multilingual fact-checking expert. You are given a news claim along with raw evidence related to the claim. Do not consider any other evidence. Your task is to evaluate the veracity of the claim based solely on the provided raw evidence.

 Output your answer in exactly the following format:
 Claim Veracity: [label]

 Answer with one word: SUPPORTED, REFUTED, NEI<|eot_id|><|start_header_id|>user<|end_header_id|>

##Instruction: Classify the given English claim into one of the three categories (SUPPORTED, REFUTED, NEI) based on the provided evidence.

1. SUPPORTED: Fully supported by the evidence.
2. REFUTED: Clearly contradicted or unsupported by the evidence.
3. NEI: Not enough information to make a decision.

Provide exactly one label.

##input: Claim: U.S. Sen. Lindsey Graham had dinner with Joe Biggs, a prominent figure in the right-wing Proud Boys group, before Biggs helped plan the January 2021 attack on the U.S. Capitol.

Evidences:
Evidence_1: In the aftermath of the Jan. 6, 2021, attack on the U.S. Capitol by supporters of outgoing President Donald Trump and other right-wing elements, an old photograph reemerged online showing U.S. Sen. Lindsey Graham of South Carolina posing for a photograph with Joe Biggs, a prominent member of the right-wing Proud Boys group. On Jan.12, Timothy Burke tweeted out the photograph, along with the following caption:  In advance of the attack on the Capitol, Biggs indicated he was coordinating the group's plans, and according to reports, he was the ""lead coordinator"" of the Proud Boys' actions on the ground that day. On Jan. 4, police in Washington, D.C., arrested Proud Boys leader Henry ""Enrique"" Tarrio on suspicion of destroying a Black Lives Matter banner taken from a historic Black church in Washington, a month earlier. Tarrio was additionally charged with unlawfully possessing two high-capacity firearm magazines found in his vehicle during an arrest that the FBI said was linked to intelligence about plans for violence during the House and Senate certification of Electoral College votes on Jan. 6. The photograph was authentic, and did indeed show Graham posing for a picture with Biggs in what a spokesperson for Graham acknowledged was likely a Trump hotel. However, Graham's spokesperson refuted Burke's claim that the two men were ""having dinner,"" and the description of the photograph as being taken ""before Biggs helped organize an assault on the U.S. Capitol"" gave the mistaken impression that the two events were proximate in time. In reality, the photograph was taken more than a year before the attack on the Capitol, and no evidence exists to suggest that Graham had any advanced knowledge of Biggs's plan. A spokesperson for the senator insisted Graham ""does not know"" Biggs. Analysis Based on third-party social media posts, it appears Biggs originally posted the photograph to one of his Instagram accounts, @anticom3, during a visit to Trump's Washington, D.C. hotel on Nov. 7, 2019. That account has since been deleted, so we were unable to find a copy of the original picture. However, a Nov. 7, 2019, Twitter post included the photograph of Graham and Biggs, meaning it appears to have been taken earlier that day at the Trump International Hotel in Washington, D.C. This means that Graham posed with Biggs for the photograph more than a year before the attack on the U.S. Capitol, contrary to the impression created by Burke's tweet, which ambiguously stated that the two men had met ""before Biggs helped organize an assault on the U.S. Capitol"" — a formula of words which likely suggested to many viewers that their meeting had taken place shortly before the Capitol attack. It did not. The second questionable component of Burke's tweet was the claim that Graham and Biggs had dined together. The photograph does not demonstrate that. The ""dinner"" claim likely comes from the fact that, as part of the same series of photographs apparently posted to Instagram on Nov. 7, 2019, Biggs included a picture of his dinner plate, with the location ""Trump International Hotel, Washington D.C."" Biggs therefore ate dinner at the hotel, and met Graham there. That doesn't mean the two men ate together. Graham's spokesperson also poured cold water on the ""dinner"" claim, telling Snopes in an emailed statement: ""This is one of the tens of thousands of selfies Senator Graham has taken with individuals."" The spokesperson added, emphatically, that Graham ""does not know this individual and has spoken out against the Proud Boys."" Graham has indeed publicly criticized the Proud Boys in the past. In September and October 2020, the group briefly became the subject of intensive political focus, after they were mentioned during the first presidential debate between Trump and then-Democratic candidate Joe Biden on Sep. 29. Biden and moderator Chris Wallace repeatedly asked Trump to condemn and disavow white supremacists and right-wing militias, which Trump failed to do during the debate. Pressed by Biden to specifically condemn the Proud Boys, the president stated ambiguously ""The Proud Boys? Stand back and stand by, but I'll tell you what, I'll tell you what, somebody's got to do something about Antifa and the Left..."" In response, Republican Sen. Tim Scott of South Carolina, who is Black, said ""White supremacy should be denounced at every turn"" and urged Trump to ""correct"" the record, adding ""If he doesn't correct it, I guess he didn't misspeak."" Graham publicly endorsed Scott's position, explicitly and publicly criticizing the Proud Boys as ""a racist organization antithetical to American ideals."" Ultimately, Trump walked back his own words in a subsequent statement, saying, ""I condemn the Proud Boys. I don't know much about the Proud Boys, almost nothing. But I condemn that."" 

 ##output:<|eot_id|><|start_header_id|>assistant<|end_header_id|>

","<|begin_of_text|><|start_header_id|>system<|end_header_id|>

Cutting Knowledge Date: December 2023
Today Date: 26 Jul 2024

You are a multilingual fact-checking expert. Classify the claim into: SUPPORTED, REFUTED, NEI.

Output format:
Claim Veracity: [label]<|eot_id|><|start_header_id|>user<|end_header_id|>

##Instruction: Classify the given English claim into: SUPPORTED, REFUTED, NEI.
Provide exactly one label.

##input: Claim: U.S. Sen. Lindsey Graham had dinner with Joe Biggs, a prominent figure in the right-wing Proud Boys group, before Biggs helped plan the January 2021 attack on the U.S. Capitol.

Evidences:
Evidence_1: It's not clear whether Graham and Biggs had anything more than a fleeting encounter, or dined together. A spokesperson for Graham insisted he ""does not know"" Biggs, and said the picture was just ""one of the tens of thousands of selfies Senator Graham has taken with individuals."" In the aftermath of the Jan. 6, 2021, attack on the U.S. Capitol by supporters of outgoing President Donald Trump and other right-wing elements, an old photograph reemerged online showing U.S. Sen. Lindsey Graham of South Carolina posing for a photograph with Joe Biggs, a prominent member of the right-wing group. On Jan.12, Timothy Burke out the photograph, along with the following caption: 
> I feel like not enough has been made of Proud Boys leader Joe Biggs having dinner at the Trump hotel with Lindsey Graham before Biggs helped organize an assault on the U.S. Capitol? In advance of the attack on the Capitol, Biggs he was coordinating the group's plans, and according to , he was the ""lead coordinator"" of the Proud Boys' actions on the ground that day. On Jan. 4, police in Washington, D.C., Proud Boys leader Henry ""Enrique"" Tarrio on suspicion of destroying a Black Lives Matter banner taken from a historic Black church in Washington, a month earlier. Tarrio was additionally charged with unlawfully possessing two high-capacity firearm magazines found in his vehicle during an arrest that the FBI said was about plans for violence during the House and Senate certification of Electoral College votes on Jan. 6. The photograph was authentic, and did indeed show Graham posing for a picture with Biggs in what a spokesperson for Graham acknowledged was likely a Trump hotel.

Evidence_2: # Did Lindsey Graham Meet a Proud Boys Organizer Before Capitol Attack? ## After the Jan. 6 assault on the Capitol, social media users highlighted a photograph of Graham with Joe Biggs, who reportedly helped plan the right-wing group's activities on the day of the riots. ** Image courtesy of BRENDAN SMIALOWSKI/AFP via Getty Images **
U.S. Sen. Lindsey Graham had dinner with Joe Biggs, a prominent figure in the right-wing Proud Boys group, before Biggs helped plan the January 2021 attack on the U.S. Capitol. Graham posed for a photograph with Biggs in November 2019. The description of Graham meeting Biggs ""before Biggs helped organize an assault on the U.S. Capitol"" likely gave many readers the mistaken impression that the two men met shortly before the Jan. 6, 2021, attack on the Capitol. In reality, the picture was taken more than a year earlier, in November 2019. It's not clear whether Graham and Biggs had anything more than a fleeting encounter, or dined together. A spokesperson for Graham insisted he ""does not know"" Biggs, and said the picture was just ""one of the tens of thousands of selfies Senator Graham has taken with individuals."" In the aftermath of the Jan. 6, 2021, attack on the U.S. Capitol by supporters of outgoing President Donald Trump and other right-wing elements, an old photograph reemerged online showing U.S. Sen. Lindsey Graham of South Carolina posing for a photograph with Joe Biggs, a prominent member of the right-wing group. On Jan.12, Timothy Burke out the photograph, along with the following caption: 
> I feel like not enough has been made of Proud Boys leader Joe Biggs having dinner at the Trump hotel with Lindsey Graham before Biggs helped organize an assault on the U.S. Capitol?

Evidence_3: The ""dinner"" claim likely comes from the fact that, as part of the same series of photographs apparently posted to Instagram on Nov. 7, 2019, Biggs a picture of his dinner plate, with the location ""Trump International Hotel, Washington D.C."" Biggs therefore ate dinner at the hotel, and met Graham there. That doesn't mean the two men ate together. Graham's spokesperson also poured cold water on the ""dinner"" claim, telling Snopes in an emailed statement: ""This is one of the tens of thousands of selfies Senator Graham has taken with individuals."" The spokesperson added, emphatically, that Graham ""does not know this individual and has spoken out against the Proud Boys."" Graham has indeed publicly criticized the Proud Boys in the past. In September and October 2020, the group briefly became the subject of intensive political focus, after they were during the first presidential debate between Trump and then-Democratic candidate Joe Biden on Sep. 29. Biden and moderator Chris Wallace repeatedly asked Trump to condemn and disavow white supremacists and right-wing militias, which Trump failed to do during the debate. Pressed by Biden to specifically condemn the Proud Boys, the president stated ambiguously ""The Proud Boys? Stand back and stand by, but I'll tell you what, I'll tell you what, somebody's got to do something about Antifa and the Left...""
In response, Republican Sen. Tim Scott of South Carolina, who is Black, ""White supremacy should be denounced at every turn"" and urged Trump to ""correct"" the record, adding ""If he doesn't correct it, I guess he didn't misspeak."" Graham publicly endorsed Scott's position, explicitly and publicly the Proud Boys as ""a racist organization antithetical to American ideals.""

Evidence_4: However, a Nov. 7, 2019, Twitter included the photograph of Graham and Biggs, meaning it appears to have been taken earlier that day at the Trump International Hotel in Washington, D.C. This means that Graham posed with Biggs for the photograph more than a year before the attack on the U.S. Capitol, contrary to the impression created by Burke's tweet, which ambiguously stated that the two men had met ""before Biggs helped organize an assault on the U.S. Capitol"" — a formula of words which likely suggested to many viewers that their meeting had taken place before the Capitol attack. It did not. The second questionable component of Burke's tweet was the claim that Graham and Biggs had dined together. The photograph does not demonstrate that. The ""dinner"" claim likely comes from the fact that, as part of the same series of photographs apparently posted to Instagram on Nov. 7, 2019, Biggs a picture of his dinner plate, with the location ""Trump International Hotel, Washington D.C."" Biggs therefore ate dinner at the hotel, and met Graham there. That doesn't mean the two men ate together. Graham's spokesperson also poured cold water on the ""dinner"" claim, telling Snopes in an emailed statement: ""This is one of the tens of thousands of selfies Senator Graham has taken with individuals."" The spokesperson added, emphatically, that Graham ""does not know this individual and has spoken out against the Proud Boys."" Graham has indeed publicly criticized the Proud Boys in the past. In September and October 2020, the group briefly became the subject of intensive political focus, after they were during the first presidential debate between Trump and then-Democratic candidate Joe Biden on Sep. 29.

Evidence_5: However, Graham's spokesperson refuted Burke's claim that the two men were ""having dinner,"" and the description of the photograph as being taken ""before Biggs helped organize an assault on the U.S. Capitol"" gave the mistaken impression that the two events were proximate in time. In reality, the photograph was taken more than a year before the attack on the Capitol, and no evidence exists to suggest that Graham had any advanced knowledge of Biggs's plan. A spokesperson for the senator insisted Graham ""does not know"" Biggs. Based on third-party social media , it appears Biggs originally posted the photograph to one of his Instagram accounts, @anticom3, during a visit to Trump's Washington, D.C. hotel on Nov. 7, 2019. That account has since been deleted, so we were unable to find a copy of the original picture. However, a Nov. 7, 2019, Twitter included the photograph of Graham and Biggs, meaning it appears to have been taken earlier that day at the Trump International Hotel in Washington, D.C. This means that Graham posed with Biggs for the photograph more than a year before the attack on the U.S. Capitol, contrary to the impression created by Burke's tweet, which ambiguously stated that the two men had met ""before Biggs helped organize an assault on the U.S. Capitol"" — a formula of words which likely suggested to many viewers that their meeting had taken place before the Capitol attack. It did not. The second questionable component of Burke's tweet was the claim that Graham and Biggs had dined together. The photograph does not demonstrate that.

##output:<|eot_id|><|start_header_id|>assistant<|end_header_id|>

",nei,refuted,
俄罗斯停止对中国供电,"<|begin_of_text|><|start_header_id|>system<|end_header_id|>

Cutting Knowledge Date: December 2023
Today Date: 26 Jul 2024

You are a multilingual fact-checking expert. You are given a news claim along with raw evidence related to the claim. Do not consider any other evidence. Your task is to evaluate the veracity of the claim based solely on the provided raw evidence.

 Output your answer in exactly the following format:
 Claim Veracity: [label]

 Answer with one word: SUPPORTED, REFUTED, NEI<|eot_id|><|start_header_id|>user<|end_header_id|>

##Instruction: Classify the given Chinese claim into one of the three categories (SUPPORTED, REFUTED, NEI) based on the provided evidence.

1. SUPPORTED: Fully supported by the evidence.
2. REFUTED: Clearly contradicted or unsupported by the evidence.
3. NEI: Not enough information to make a decision.

Provide exactly one label.

##input: Claim:  俄罗斯停止对中国供电

Evidences:
Evidence_1: [1]: ""俄罗斯停止对中国供电? 辟谣：假的_中国网"" [2]: ""俄罗斯“落井下石”，宣布停止对中国供电？事情真相来了|电能|电力|发电厂_网易订阅"" [3]: ""美国之音中文网新闻 - 美国之音中文网""  俄罗斯停止对中国供电的新闻有很多，以下是其中五个：  1. 《环球时报》：俄罗斯停止向中国供电，原因是中国欠款。[^1^][1] 2. 《新华网》：俄罗斯停止向中国供电，原因是中国欠款。[^2^][2] 3. 《美国之音中文网》：俄罗斯停止向中国供电，原因是中国欠款。[^3^][3] 4. 《澎湃新闻》：俄罗斯停止向中国供电，原因是中国欠款。 5. 《央视新闻》：俄罗斯停止向中国供电，原因是中国欠款。  希望这些信息能对您有所帮助。 

 ##output:<|eot_id|><|start_header_id|>assistant<|end_header_id|>

","<|begin_of_text|><|start_header_id|>system<|end_header_id|>

Cutting Knowledge Date: December 2023
Today Date: 26 Jul 2024

You are a multilingual fact-checking expert. Classify the claim into: SUPPORTED, REFUTED, NEI.

Output format:
Claim Veracity: [label]<|eot_id|><|start_header_id|>user<|end_header_id|>

##Instruction: Classify the given Chinese claim into: SUPPORTED, REFUTED, NEI.
Provide exactly one label.

##input: Claim:  俄罗斯停止对中国供电

Evidences:


##output:<|eot_id|><|start_header_id|>assistant<|end_header_id|>

",nei,refuted,
美国宇航员为早日返回地球制造事故,"<|begin_of_text|><|start_header_id|>system<|end_header_id|>

Cutting Knowledge Date: December 2023
Today Date: 26 Jul 2024

You are a multilingual fact-checking expert. You are given a news claim along with raw evidence related to the claim. Do not consider any other evidence. Your task is to evaluate the veracity of the claim based solely on the provided raw evidence.

 Output your answer in exactly the following format:
 Claim Veracity: [label]

 Answer with one word: SUPPORTED, REFUTED, NEI<|eot_id|><|start_header_id|>user<|end_header_id|>

##Instruction: Classify the given Chinese claim into one of the three categories (SUPPORTED, REFUTED, NEI) based on the provided evidence.

1. SUPPORTED: Fully supported by the evidence.
2. REFUTED: Clearly contradicted or unsupported by the evidence.
3. NEI: Not enough information to make a decision.

Provide exactly one label.

##input: Claim: 美国宇航员为早日返回地球制造事故

Evidences:
Evidence_1: [1]: ""美国之音中文网新闻 - 美国之音中文网"" [2]: ""國際 - BBC News 中文"" [3]: ""Google News""  我找到了以下五篇新闻，希望对你有所帮助：  1. 美国宇航员在太空中制造事故，为早日返回地球而努力。[^1^][1] 2. 美国宇航员在太空中制造事故，为早日返回地球而努力。[^2^][2] 3. 美国宇航员在太空中制造事故，为早日返回地球而努力。[^3^][3] 4. 美国宇航员在太空中制造事故，为早日返回地球而努力。 5. 美国宇航员在太空中制造事故，为早日返回地球而努力。  这些新闻都是关于美国宇航员在太空中制造事故的报道，但是我没有找到更多的细节信息。如果你需要更多的信息，请告诉我。 

 ##output:<|eot_id|><|start_header_id|>assistant<|end_header_id|>

","<|begin_of_text|><|start_header_id|>system<|end_header_id|>

Cutting Knowledge Date: December 2023
Today Date: 26 Jul 2024

You are a multilingual fact-checking expert. Classify the claim into: SUPPORTED, REFUTED, NEI.

Output format:
Claim Veracity: [label]<|eot_id|><|start_header_id|>user<|end_header_id|>

##Instruction: Classify the given Chinese claim into: SUPPORTED, REFUTED, NEI.
Provide exactly one label.

##input: Claim: 美国宇航员为早日返回地球制造事故

Evidences:


##output:<|eot_id|><|start_header_id|>assistant<|end_header_id|>

",nei,refuted,
联合国大会通过决议暂停俄罗斯人权理事会成员资格,"<|begin_of_text|><|start_header_id|>system<|end_header_id|>

Cutting Knowledge Date: December 2023
Today Date: 26 Jul 2024

You are a multilingual fact-checking expert. You are given a news claim along with raw evidence related to the claim. Do not consider any other evidence. Your task is to evaluate the veracity of the claim based solely on the provided raw evidence.

 Output your answer in exactly the following format:
 Claim Veracity: [label]

 Answer with one word: SUPPORTED, REFUTED, NEI<|eot_id|><|start_header_id|>user<|end_header_id|>

##Instruction: Classify the given Chinese claim into one of the three categories (SUPPORTED, REFUTED, NEI) based on the provided evidence.

1. SUPPORTED: Fully supported by the evidence.
2. REFUTED: Clearly contradicted or unsupported by the evidence.
3. NEI: Not enough information to make a decision.

Provide exactly one label.

##input: Claim: 联合国大会通过决议暂停俄罗斯人权理事会成员资格

Evidences:
Evidence_1: [1]: ""联合国大会投票决定暂停俄罗斯在人权理事会的成员资格 | | 1联合国新闻""[2]: ""联大暂停俄罗斯的人权理事会成员资格，中国等24个国家投反对票 | Radio-Canada.ca""[3]: ""@bgpzlh - آمار مخاطبان کانال تلگرام 领航\uD83D\uDD25骗子曝光""您好，这是必应。根据网络搜索，以下是五条相关消息，并给出详细来源与内容：- 《联合国新闻》[^1^][1]报道，联合国大会周四（4月7日）通过一项决议，要求暂停俄罗斯在人权理事会的成员资格。该决议在由193个成员组成的大会上获得了出席会议并参加投票的三分之二会员国的多数支持。93个国家赞成，24个国家反对，58个国家弃权。决议草案由乌克兰、美国、英国、法国、德国、意大利、西班牙、葡萄牙、瑞典、挪威、芬兰、波兰、加拿大、澳大利亚、新西兰、日本、韩国等58个国家共同提出。俄罗斯、中国、古巴、朝鲜、伊朗、叙利亚、越南等国投了反对票。印度、巴西、、南非、墨西哥、埃及、、沙特、阿联酋、约旦、卡塔尔、科威特、伊拉克、巴基斯坦、新加坡、泰国、马来西亚、印度尼西亚、柬埔寨等国投了弃权票。- 《加拿大广播公司》[^2^][2]报道，联合国大会星期四（4月7日）投票通过决议，暂停俄罗斯在联合国人权理事会的成员资格。投票结果为93票赞成，24票反对，58票弃权。中国和伊朗等24个国家投了反对票。该决议是针对俄罗斯在乌克兰东部和克里米亚地区的军事行动和人权侵犯而提出的。- 《领航骗子曝光》[^3^][3]是一个在电报上运营的频道，它发布了一条消息，声称联合国大会通过了暂停俄罗斯在人权理事会的成员资格的决议，并附上了一张图片，显示了投票结果和一些评论。该频道的目的是揭露一些涉嫌诈骗或欺诈的网站或个人，并提供一些博彩相关的信息和服务。以上是我能找到的相关消息，希望对您有所帮助。😊 

 ##output:<|eot_id|><|start_header_id|>assistant<|end_header_id|>

","<|begin_of_text|><|start_header_id|>system<|end_header_id|>

Cutting Knowledge Date: December 2023
Today Date: 26 Jul 2024

You are a multilingual fact-checking expert. Classify the claim into: SUPPORTED, REFUTED, NEI.

Output format:
Claim Veracity: [label]<|eot_id|><|start_header_id|>user<|end_header_id|>

##Instruction: Classify the given Chinese claim into: SUPPORTED, REFUTED, NEI.
Provide exactly one label.

##input: Claim: 联合国大会通过决议暂停俄罗斯人权理事会成员资格

Evidences:


##output:<|eot_id|><|start_header_id|>assistant<|end_header_id|>

",supported,refuted,
谷歌地图18日起开放俄所有战略要地高清卫星图像,"<|begin_of_text|><|start_header_id|>system<|end_header_id|>

Cutting Knowledge Date: December 2023
Today Date: 26 Jul 2024

You are a multilingual fact-checking expert. You are given a news claim along with raw evidence related to the claim. Do not consider any other evidence. Your task is to evaluate the veracity of the claim based solely on the provided raw evidence.

 Output your answer in exactly the following format:
 Claim Veracity: [label]

 Answer with one word: SUPPORTED, REFUTED, NEI<|eot_id|><|start_header_id|>user<|end_header_id|>

##Instruction: Classify the given Chinese claim into one of the three categories (SUPPORTED, REFUTED, NEI) based on the provided evidence.

1. SUPPORTED: Fully supported by the evidence.
2. REFUTED: Clearly contradicted or unsupported by the evidence.
3. NEI: Not enough information to make a decision.

Provide exactly one label.

##input: Claim:  谷歌地图18日起开放俄所有战略要地高清卫星图像

Evidences:
Evidence_1: [1]: ""明查｜谷歌地图18日起开放俄所有战略要地高清卫星图像？_全球速报_澎湃新闻-The Paper"" [2]: ""一张谷歌地图掀开的俄乌冲突太空情报战 - 澎湃新闻"" [3]: ""谷歌地图开放俄罗斯所有战略要地的高像素卫星图像|谷歌地图|卫星|图像_新浪新闻""  谷歌地图服务从2022年4月18日开始以最大分辨率提供俄罗斯所有军事和战略设施的卫星图像。目前，包括各种洲际弹道导弹发射井、指挥所、秘密试验场等在内的俄战略要地均可以每像素约0.5米的分辨率查看[^1^][3]。  以下是五篇相关新闻：  1. 谷歌地图开放俄罗斯所有战略要地的高像素卫星图像[^1^][3] 2. 谷歌地图开放俄罗斯所有战略要地的高清卫星图像[^1^][3] 3. 谷歌地图开放俄罗斯所有战略要地的高清卫星图像，每像素约0.5米[^1^][3] 4. 谷歌地图开放俄罗斯所有战略要地的高清卫星图像，每像素约0.5米[^1^][3] 5. 谷歌地图开放俄罗斯所有战略要地的高清卫星图像，每像素约0.5米[^1^][3]  以上新闻来源于新浪新闻。 

 ##output:<|eot_id|><|start_header_id|>assistant<|end_header_id|>

","<|begin_of_text|><|start_header_id|>system<|end_header_id|>

Cutting Knowledge Date: December 2023
Today Date: 26 Jul 2024

You are a multilingual fact-checking expert. Classify the claim into: SUPPORTED, REFUTED, NEI.

Output format:
Claim Veracity: [label]<|eot_id|><|start_header_id|>user<|end_header_id|>

##Instruction: Classify the given Chinese claim into: SUPPORTED, REFUTED, NEI.
Provide exactly one label.

##input: Claim:  谷歌地图18日起开放俄所有战略要地高清卫星图像

Evidences:


##output:<|eot_id|><|start_header_id|>assistant<|end_header_id|>

",nei,refuted,
President Richard Nixon hid a time capsule in the White House containing evidence of alien life and human contact with extraterrestrials.,"<|begin_of_text|><|start_header_id|>system<|end_header_id|>

Cutting Knowledge Date: December 2023
Today Date: 26 Jul 2024

You are a multilingual fact-checking expert. You are given a news claim along with raw evidence related to the claim. Do not consider any other evidence. Your task is to evaluate the veracity of the claim based solely on the provided raw evidence.

 Output your answer in exactly the following format:
 Claim Veracity: [label]

 Answer with one word: SUPPORTED, REFUTED, NEI<|eot_id|><|start_header_id|>user<|end_header_id|>

##Instruction: Classify the given English claim into one of the three categories (SUPPORTED, REFUTED, NEI) based on the provided evidence.

1. SUPPORTED: Fully supported by the evidence.
2. REFUTED: Clearly contradicted or unsupported by the evidence.
3. NEI: Not enough information to make a decision.

Provide exactly one label.

##input: Claim: President Richard Nixon hid a time capsule in the White House containing evidence of alien life and human contact with extraterrestrials.

Evidences:
Evidence_1: It is an article of faith among UFO conspiracy theorists that every United States president since Franklin Roosevelt has been?privy to top secret evidence of the existence of extraterrestrial life. According to the 2015 book The Presidents And UFOs: A Secret History From FDR To Obama, virtually all of them wanted to go public with the knowledge of who   is responsible for sightings of unidentified flying objects, but were blocked by intelligence officials. Richard Nixon?— who, according to the book's author, Larry Holcombe, was convinced that ""a limited level of UFO disclosure"" would ensure his place in history?— went to extraordinary lengths to preserve that information for posterity, if more recent reports are to be believed. A 20 March 2018 article on the conspiracy-oriented blog YourNewsWire.com featured quotes from a phone?interview with Robert Merritt, a sometime police informant and?— according to him?— covert domestic intelligence operative for the Nixon administration, in which he says he was shown proof of extraterrestrial life during a face-to-face meeting with the president: It's more than a little preposterous. We listened to the entire 75-minute interview with Merritt, conducted by self-styled ""Dark Journalist"" Daniel Liszt, in hopes that we could make better sense of it. We couldn't. The absurdities and contradictions are too glaring and too many. Merritt says the last of his three one-on-one meetings with Richard Nixon occurred in July 1972, just after news of the Watergate burglary broke. He found Nixon in tears, fearing for the survival of his presidency. But that wasn't the reason Nixon had asked him there. He wanted to talk about aliens. This is from a partial transcript of the interview provided by EarthFiles.com: Merritt would have us believe that almost a half-century ago, Nixon had earth-shattering evidence that the U.S. government possessed advanced scientific knowledge gleaned from aliens  , and what he chose to do with it was hide it in a time capsule ?of which Nixon never spoke again. Moreover, Nixon allegedly shared this revelation with only two other people:?Merritt, a shadowy dirty tricks operative the president barely knew, and his national security adviser, Henry Kissinger, who himself has never spoken of the matter. Nixon said whatever nation possessed this advanced knowledge could ""rule the world."" What became of it? What became of the alien ? What became of their alleged home planet, ""Planet X""  ? What became of the manila envelope taped to Merritt's stomach? Actually, we do know what became of the latter. According to Merritt, he popped it in a mailbox.   The rest is a mystery wrapped in an enigma inside a bad science fiction novel. Merritt is, without a doubt, a colorful figure, and no stranger to conspiracy theories. His previous claim to fame was a book co-written in 2010 with Douglas Caddy, an attorney who briefly represented the Watergate burglars in 1972, which was billed as an ""exposé"" of the Watergate scandal. Merritt maintains that Nixon was innocent of complicity in the break-in and cover-up. Instead, he was supposedly ""set up"" by conspirators inside the Pentagon and intelligence agencies who concocted the scandal to bring the president down. The historical record says otherwise. As to Richard Nixon's supposed interest in and knowledge of extraterrestrial life, apart from unsourced quotes cited by UFO enthusiasts and a dubious supermarket tabloid story published in 1983, there's little evidence that he gave it much thought at all. Said story, which ran in the infamously unreliable?National Enquirer under the byline of Beverly Gleason  , describes an incident that had allegedly occurred ten years before: Gleason's story was incredible indeed — though not too incredible to be published in the National Enquirer, the pages of which were often filled with outlandish reports of supernatural occurrences. There is little reason to believe that it's anything other than a tall tale. An entry in Richard Nixon's daily diary confirms he was with Jackie Gleason at a celebrity golf tournament?in Lauderhill, Florida on 19 February 1973. The president's tight schedule left zero room for a side-trip to gawk at alien corpses, however.?At 12:10 p.m. he was delivered by helicopter to the Inverrary Golf and Country Club, where he was greeted by Jackie Gleason. After motoring to the eighteenth green in a golf cart, Gleason introduced the president to the assembled guests, to whom he spoke for around 10 minutes. By 12:30, Nixon was back at the helipad, and on his way to his Key Biscayne compound. We found no other records of Nixon and Gleason meeting in 1973. The fact is, according to Nixon confidant Frank Gannon, who spent many hours interviewing him and editing his memoirs during the late 1970s and early '80s, the ex-president evinced?no interest in UFOs or extraterrestrial life at all: In a coda to the E.T. time capsule story, Robert Merritt's co-writer Douglas Caddy penned a February 2018?missive to the National Archives and Records Administration offering to disclose the location of Nixon's secret letter on the condition that its contents?— ""if the document is discovered""?— be made public. He has yet to be taken up on the offer. 

 ##output:<|eot_id|><|start_header_id|>assistant<|end_header_id|>

","<|begin_of_text|><|start_header_id|>system<|end_header_id|>

Cutting Knowledge Date: December 2023
Today Date: 26 Jul 2024

You are a multilingual fact-checking expert. Classify the claim into: SUPPORTED, REFUTED, NEI.

Output format:
Claim Veracity: [label]<|eot_id|><|start_header_id|>user<|end_header_id|>

##Instruction: Classify the given English claim into: SUPPORTED, REFUTED, NEI.
Provide exactly one label.

##input: Claim: President Richard Nixon hid a time capsule in the White House containing evidence of alien life and human contact with extraterrestrials.

Evidences:
Evidence_1: # Did Nixon Hide Proof of Alien Life in a Time Capsule? ## A shadowy Watergate-era figure who claims he had personal access to Richard Nixon says the president showed him a letter confirming the existence of extraterrestrials. ** Image courtesy of mark reinstein / Shutterstock **
Article 9 of 12 in 
President Richard Nixon hid a time capsule in the White House containing evidence of alien life and human contact with extraterrestrials. It is an article of faith among UFO conspiracy theorists that every United States president since Franklin Roosevelt has been to top secret evidence of the existence of extraterrestrial life. According to the 2015 book _The Presidents And UFOs: A Secret History From FDR To Obama_ , virtually all of them wanted to go public with the knowledge of who (or what) is responsible for sightings of unidentified flying objects, but were blocked by intelligence officials. Richard Nixon — who, according to the book's author, Larry Holcombe, was convinced that ""a limited level of UFO disclosure"" would ensure his place in history — went to extraordinary lengths to preserve that information for posterity, if more recent reports are to be believed. A 20 March 2018 on the conspiracy-oriented blog YourNewsWire.com featured quotes from a phone with Robert Merritt, a sometime police informant and — according to him — covert domestic intelligence operative for the Nixon administration, in which he says he was shown proof of extraterrestrial life during a face-to-face meeting with the president:
> ... In what appears to be a startling new twist, Merritt reveals to Liszt that he met three times with President Nixon in a ""deep underground location beneath the White House.

Evidence_2: In the first, Nixon read him a letter stating that U.S. was protecting an extraterrestrial being and that scientists at Los Alamos were able to communicate with it and obtain ""advanced technology and science."" > Nixon then sealed the letter in a ""time capsule"" that he hid somewhere in the White House. > In another meeting, Merritt says Nixon told him to deliver a copy of the letter (which Nixon allegedly taped to Merritt's stomach) to National Security Advisor Henry Kissinger and not to tell anyone about it. Now, Merritt says co-author Douglas Caddy has notified the National Archive that Nixon's so-called time capsule is still in the White House and he (Caddy) will reveal the location if the National Archive agrees to read the letter to the public. It's more than a little preposterous. We listened to the entire 75-minute interview with Merritt, conducted by self-styled ""Dark Journalist"" Daniel Liszt, in hopes that we could make better sense of it. We couldn't. The absurdities and contradictions are too glaring and too many. Merritt says the last of his three one-on-one meetings with Richard Nixon occurred in July 1972, just after news of the Watergate burglary broke.

Evidence_3: Richard Nixon — who, according to the book's author, Larry Holcombe, was convinced that ""a limited level of UFO disclosure"" would ensure his place in history — went to extraordinary lengths to preserve that information for posterity, if more recent reports are to be believed. A 20 March 2018 on the conspiracy-oriented blog YourNewsWire.com featured quotes from a phone with Robert Merritt, a sometime police informant and — according to him — covert domestic intelligence operative for the Nixon administration, in which he says he was shown proof of extraterrestrial life during a face-to-face meeting with the president:
> ... In what appears to be a startling new twist, Merritt reveals to Liszt that he met three times with President Nixon in a ""deep underground location beneath the White House. In the first, Nixon read him a letter stating that U.S. was protecting an extraterrestrial being and that scientists at Los Alamos were able to communicate with it and obtain ""advanced technology and science."" > Nixon then sealed the letter in a ""time capsule"" that he hid somewhere in the White House. > In another meeting, Merritt says Nixon told him to deliver a copy of the letter (which Nixon allegedly taped to Merritt's stomach) to National Security Advisor Henry Kissinger and not to tell anyone about it. Now, Merritt says co-author Douglas Caddy has notified the National Archive that Nixon's so-called time capsule is still in the White House and he (Caddy) will reveal the location if the National Archive agrees to read the letter to the public. It's more than a little preposterous.

Evidence_4: The fact is, according to Nixon confidant Frank Gannon, who spent many hours interviewing him and editing his memoirs during the late 1970s and early '80s, the ex-president no interest in UFOs or extraterrestrial life at all:
> At one point during our labors in San Clemente, I asked RN if he believed in UFOs and if there was anything to the whole Roswell Area 51 business. He raised his eyebrows and rolled his eyes and I moved right on to the next subject. In a coda to the E.T. time capsule story, Robert Merritt's co-writer Douglas Caddy penned a February 2018 to the National Archives and Records Administration offering to disclose the location of Nixon's secret letter on the condition that its contents — ""if the document is discovered"" — be made public. He has yet to be taken up on the offer. Article 9 of 12 in 
Emspak, Jesse. ""A Brief History of the Hunt for Planet X."" . 15 December 2018. Gannon, Frank. ""RN Call Home."" . April 2009. Howe, Linda Moulton. ""President Richard Nixon's Secret Meetings with Huston Plan Covert Agent Robert Merritt."" . 2 March 2018. Rothschild, Mike. ""Richard Nixon, Jackie Gleason and Some Dead Aliens."" . 8 April 2013. Sheridan, Peter.

Evidence_5: In a coda to the E.T. time capsule story, Robert Merritt's co-writer Douglas Caddy penned a February 2018 to the National Archives and Records Administration offering to disclose the location of Nixon's secret letter on the condition that its contents — ""if the document is discovered"" — be made public. He has yet to be taken up on the offer. Article 9 of 12 in 
Emspak, Jesse. ""A Brief History of the Hunt for Planet X."" . 15 December 2018. Gannon, Frank. ""RN Call Home."" . April 2009. Howe, Linda Moulton. ""President Richard Nixon's Secret Meetings with Huston Plan Covert Agent Robert Merritt."" . 2 March 2018. Rothschild, Mike. ""Richard Nixon, Jackie Gleason and Some Dead Aliens."" . 8 April 2013. Sheridan, Peter. ""UFOs Over the White House: Do the U.S. Presidents Know About the Existence of Aliens?"" . 2 May 2015.
. ""Nixon's ET Time Capsule."" 14 February 2018. David Emery is a West Coast-based writer and editor with 25 years of experience fact-checking rumors, hoaxes, and contemporary legends.

##output:<|eot_id|><|start_header_id|>assistant<|end_header_id|>

",nei,refuted,
俄对“北溪”管道损坏极为关切 乌方称控制哈尔科夫州铁路枢纽,"<|begin_of_text|><|start_header_id|>system<|end_header_id|>

Cutting Knowledge Date: December 2023
Today Date: 26 Jul 2024

You are a multilingual fact-checking expert. You are given a news claim along with raw evidence related to the claim. Do not consider any other evidence. Your task is to evaluate the veracity of the claim based solely on the provided raw evidence.

 Output your answer in exactly the following format:
 Claim Veracity: [label]

 Answer with one word: SUPPORTED, REFUTED, NEI<|eot_id|><|start_header_id|>user<|end_header_id|>

##Instruction: Classify the given Chinese claim into one of the three categories (SUPPORTED, REFUTED, NEI) based on the provided evidence.

1. SUPPORTED: Fully supported by the evidence.
2. REFUTED: Clearly contradicted or unsupported by the evidence.
3. NEI: Not enough information to make a decision.

Provide exactly one label.

##input: Claim: 俄对“北溪”管道损坏极为关切 乌方称控制哈尔科夫州铁路枢纽

Evidences:
Evidence_1: [1]: ""香港文匯報 - 【俄氣再次暫停通過「北溪-1」天然氣管道向歐洲輸氣】... | Facebook""[2]: ""Search - gard.no""[3]: ""RFI 华语 - 法国国际广播电台 on Twitter: 北溪2号管道运营商考虑申请破产 https ...""[4]: ""北溪管道被炸，最新细节曝光：传递一个危险信号 - 网易""[5]: ""北溪1号：一条牵动着世界能源格局和地缘政治的“神经” - BBC News 中文""[6]: ""北溪天然气管道 - 维基百科，自由的百科全书""[7]: ""2022年北溪天然气管道泄漏事件 - 维基百科，自由的百科全书""[8]: ""北溪天然氣管道 - 維基百科，自由的百科全書""您好，这是必应。根据您的要求，我为您找到了以下五条相关消息：- 2022年9月26日，北溪1号和2号管道在波罗的海海底发生爆炸，导致大量天然气泄漏到附近海域[^1^][7]。- 俄罗斯天然气工业股份公司表示，爆炸原因可能是管道遭到了外部破坏，正在调查事件的具体细节[^1^][7]。- 德国总理默克尔对爆炸事件表示遗憾，并呼吁俄罗斯尽快修复管道，恢复对欧洲的天然气供应[^2^][5]。- 乌克兰总统泽连斯基在推特上宣称，乌克兰军队已经控制了哈尔科夫州的铁路枢纽，并威胁要切断俄罗斯通过乌克兰的天然气输送[^3^][4]。- 美国国务卿布林肯在电话会议中对俄罗斯外长拉夫罗夫表示，美国对北溪管道爆炸事件感到担忧，并敦促俄罗斯与欧盟合作，避免进一步升级紧张局势[^4^][6]。以上是我为您找到的相关消息，希望对您有帮助。😊 

 ##output:<|eot_id|><|start_header_id|>assistant<|end_header_id|>

","<|begin_of_text|><|start_header_id|>system<|end_header_id|>

Cutting Knowledge Date: December 2023
Today Date: 26 Jul 2024

You are a multilingual fact-checking expert. Classify the claim into: SUPPORTED, REFUTED, NEI.

Output format:
Claim Veracity: [label]<|eot_id|><|start_header_id|>user<|end_header_id|>

##Instruction: Classify the given Chinese claim into: SUPPORTED, REFUTED, NEI.
Provide exactly one label.

##input: Claim: 俄对“北溪”管道损坏极为关切 乌方称控制哈尔科夫州铁路枢纽

Evidences:
Evidence_1: Copyright © 2000 - 2025 XINHUANET.com All Rights Reserved.

##output:<|eot_id|><|start_header_id|>assistant<|end_header_id|>

",nei,supported,
匈牙利总理：西方对俄制裁将乌克兰危机变成“全球经济战”,"<|begin_of_text|><|start_header_id|>system<|end_header_id|>

Cutting Knowledge Date: December 2023
Today Date: 26 Jul 2024

You are a multilingual fact-checking expert. You are given a news claim along with raw evidence related to the claim. Do not consider any other evidence. Your task is to evaluate the veracity of the claim based solely on the provided raw evidence.

 Output your answer in exactly the following format:
 Claim Veracity: [label]

 Answer with one word: SUPPORTED, REFUTED, NEI<|eot_id|><|start_header_id|>user<|end_header_id|>

##Instruction: Classify the given Chinese claim into one of the three categories (SUPPORTED, REFUTED, NEI) based on the provided evidence.

1. SUPPORTED: Fully supported by the evidence.
2. REFUTED: Clearly contradicted or unsupported by the evidence.
3. NEI: Not enough information to make a decision.

Provide exactly one label.

##input: Claim: 匈牙利总理：西方对俄制裁将乌克兰危机变成“全球经济战”

Evidences:
Evidence_1: [1]: ""匈牙利总理：中国赢了，美国不亏，欧洲自找苦吃""[2]: ""匈牙利总理 - 维基百科，自由的百科全书""[3]: ""Hungarian Prime Minister: continue to import natural gas from ...""你好，这是必应。我找到了以下五条相关消息：- 《观察者网》报道，匈牙利总理欧尔班在7月14日的一次讲话中，批评西方对俄罗斯的制裁是“愚蠢的”，并称中国在乌克兰危机中“赢了”，美国“不亏”，而欧洲则“自找苦吃”[^1^][1]。- 《维基百科》介绍，匈牙利总理是匈牙利的政府首脑，为匈牙利政府的领导人。现任总理为欧尔班·维克托，2010年5月上任。匈牙利实行议会制，总理总揽行政权[^2^][2]。- 《牛牛财经》报道，匈牙利总理欧尔班在4月1日的一次竞选集会上表示，他将保护匈牙利的国家利益，继续从俄罗斯进口天然气[^3^][3]。- 《环球时报》报道，匈牙利总理欧尔班在3月30日的一次电视访谈中表示，他认为中国疫苗是“安全有效”的，并称他已经接种了中国科兴疫苗。- 《新华网》报道，匈牙利总理欧尔班在3月25日的一次新闻发布会上表示，他将于4月4日接种中国科兴疫苗，并呼吁民众积极参与疫苗接种计划。你想了解更多哪方面的信息？😊 

 ##output:<|eot_id|><|start_header_id|>assistant<|end_header_id|>

","<|begin_of_text|><|start_header_id|>system<|end_header_id|>

Cutting Knowledge Date: December 2023
Today Date: 26 Jul 2024

You are a multilingual fact-checking expert. Classify the claim into: SUPPORTED, REFUTED, NEI.

Output format:
Claim Veracity: [label]<|eot_id|><|start_header_id|>user<|end_header_id|>

##Instruction: Classify the given Chinese claim into: SUPPORTED, REFUTED, NEI.
Provide exactly one label.

##input: Claim: 匈牙利总理：西方对俄制裁将乌克兰危机变成“全球经济战”

Evidences:
Evidence_1: Copyright © 2000 - 2025 XINHUANET.com All Rights Reserved.

##output:<|eot_id|><|start_header_id|>assistant<|end_header_id|>

",nei,supported,
俄乌冲突|面对俄方“停气” 欧盟“硬气”而企业“气短”,"<|begin_of_text|><|start_header_id|>system<|end_header_id|>

Cutting Knowledge Date: December 2023
Today Date: 26 Jul 2024

You are a multilingual fact-checking expert. You are given a news claim along with raw evidence related to the claim. Do not consider any other evidence. Your task is to evaluate the veracity of the claim based solely on the provided raw evidence.

 Output your answer in exactly the following format:
 Claim Veracity: [label]

 Answer with one word: SUPPORTED, REFUTED, NEI<|eot_id|><|start_header_id|>user<|end_header_id|>

##Instruction: Classify the given Chinese claim into one of the three categories (SUPPORTED, REFUTED, NEI) based on the provided evidence.

1. SUPPORTED: Fully supported by the evidence.
2. REFUTED: Clearly contradicted or unsupported by the evidence.
3. NEI: Not enough information to make a decision.

Provide exactly one label.

##input: Claim: 俄乌冲突|面对俄方“停气” 欧盟“硬气”而企业“气短”

Evidences:
Evidence_1: [1]: ""观天下·俄乌冲突|面对俄方“停气” 欧盟“硬气”而企业“气短”-新华网""[2]: ""观天下·俄乌冲突|面对俄方“停气” 欧盟“硬气”而企业“气短”--国际--人民网""[3]: ""观天下·俄乌冲突|面对俄方“停气” 欧盟“硬气”而企业“气短” _光明网""您好，这是必应。根据网络搜索，我为您找到了以下五条相关消息：1. 新华社报道，俄罗斯天然气工业股份公司27日宣布，停止向波兰和保加利亚供气，缘由是对方拒绝按照俄方要求以卢布结算。这两国成为俄总统弗拉基米尔·普京下令对“不友好”国家和地区贸易改以卢布结算后首批被停气的欧洲国家[^1^][1] [^2^][2]。2. 欧盟委员会主席乌尔苏拉·冯德莱恩28日表示，欧盟将继续支持乌克兰的主权和领土完整，并呼吁欧盟成员国团结一致，对抗俄罗斯的“讹诈”[^1^][1] [^2^][2]。3. 俄方对波兰和保加利亚停供后，欧洲市场气价一度上涨20%。欧盟所需天然气约40%、所需石油约30%从俄罗斯进口。欧盟能源专员卡德里·辛普森表示，欧盟正在寻求多元化能源供应，减少对俄罗斯的依赖[^1^][1] [^2^][2]。4. 彭博新闻社援引消息人士的话报道，已有4家欧洲企业开始用卢布支付购气费，且更多企业在俄罗斯银行开设了卢布账户。这些企业担心如果不接受俄方的要求，可能会面临供气中断或价格上涨的风险[^1^][1] [^3^][3]。5. 法国外长让-伊夫·勒德里昂29日在接受法国电视台采访时表示，法国不会接受俄罗斯以卢布结算的要求，并认为这是一种“政治手段”。他还表示，法国将与欧盟其他成员国协调立场，共同应对俄罗斯的挑衅[^3^][3]。您还想了解什么呢？😊 

 ##output:<|eot_id|><|start_header_id|>assistant<|end_header_id|>

","<|begin_of_text|><|start_header_id|>system<|end_header_id|>

Cutting Knowledge Date: December 2023
Today Date: 26 Jul 2024

You are a multilingual fact-checking expert. Classify the claim into: SUPPORTED, REFUTED, NEI.

Output format:
Claim Veracity: [label]<|eot_id|><|start_header_id|>user<|end_header_id|>

##Instruction: Classify the given Chinese claim into: SUPPORTED, REFUTED, NEI.
Provide exactly one label.

##input: Claim: 俄乌冲突|面对俄方“停气” 欧盟“硬气”而企业“气短”

Evidences:
Evidence_1: * 

人 民 网 版 权 所 有 ，未 经 书 面 授 权 禁 止 使 用 Copyright © 1997-2022 by www.people.com.cn. all rights reserved

##output:<|eot_id|><|start_header_id|>assistant<|end_header_id|>

",nei,supported,
俄外长说乌可通过中间人澄清谈判前景 乌官员称今春至初夏为战局关键期,"<|begin_of_text|><|start_header_id|>system<|end_header_id|>

Cutting Knowledge Date: December 2023
Today Date: 26 Jul 2024

You are a multilingual fact-checking expert. You are given a news claim along with raw evidence related to the claim. Do not consider any other evidence. Your task is to evaluate the veracity of the claim based solely on the provided raw evidence.

 Output your answer in exactly the following format:
 Claim Veracity: [label]

 Answer with one word: SUPPORTED, REFUTED, NEI<|eot_id|><|start_header_id|>user<|end_header_id|>

##Instruction: Classify the given Chinese claim into one of the three categories (SUPPORTED, REFUTED, NEI) based on the provided evidence.

1. SUPPORTED: Fully supported by the evidence.
2. REFUTED: Clearly contradicted or unsupported by the evidence.
3. NEI: Not enough information to make a decision.

Provide exactly one label.

##input: Claim: 俄外长说乌可通过中间人澄清谈判前景 乌官员称今春至初夏为战局关键期

Evidences:
Evidence_1: [1]: ""International Monetary Fund - Live - IMF""[2]: ""Central Bank Digital Currency Tracker - Atlantic Council""[3]: ""아카라이브""[4]: ""俄乌冲突背后的深层次动因及其影响 - 光明网""[5]: ""俄乌冲突一周年回望：推动世界格局进行深度调整-新华网""[6]: ""新华国际时评：美国是乌克兰危机的“始作俑者”——俄乌冲突系列评论之三-新华网""[7]: ""俄乌局势火药味浓 中方呼吁解决危机要有紧迫感-新华网""[8]: ""乌克兰战争的根源：一场危机是如何酿成的 - 纽约时报中文网""[9]: ""俄罗斯入侵乌克兰一周年：中国展示“友俄”姿态后发表“立场声明”吁停火和谈 - BBC News 中文""您好，这是必应。根据您的要求，我为您找到了以下五条相关消息：- 《光明网》发表了一篇题为《俄乌冲突背后的深层次动因及其影响》的文章，分析了俄乌矛盾的核心在于乌克兰的北约成员国地位问题、克里米亚的领土纠纷及乌东地区的独立问题、俄罗斯的安全诉求问题等[^1^][4]。- 《新华网》发表了一篇题为《俄乌冲突一周年回望：推动世界格局进行深度调整》的文章，指出俄乌冲突已持续一年，战局依旧胶着，大量重型武器还在接二连三涌入战场，冲突影响不断外溢[^2^][5]。- 《新华网》发表了一篇题为《新华国际时评：美国是乌克兰危机的“始作俑者”——俄乌冲突系列评论之三》的文章，认为美国主导的北约不断东扩，无视俄罗斯在安全问题上的合理关切，一再挑战俄战略底线，是引发俄乌冲突最直接的原因[^3^][6]。- 《新华网》发表了一篇题为《俄乌局势火药味浓 中方呼吁解决危机要有紧迫感》的文章，报道了中国常驻联合国代表张军在安理会乌克兰人道问题公开会上发言，敦促国际社会以最大的紧迫感推动政治解决乌克兰危机[^4^][7]。- 《纽约时报中文网》发表了一篇题为《乌克兰战争的根源：一场危机是如何酿成的》的文章，回顾了自2014年以来俄乌两国争端的起因和发展，以及西方国家和北约在其中扮演的角色[^5^][8]。以上就是我为您找到的相关消息。如果您对某条消息感兴趣，可以输入相应编号查看更多详情。😊 

 ##output:<|eot_id|><|start_header_id|>assistant<|end_header_id|>

","<|begin_of_text|><|start_header_id|>system<|end_header_id|>

Cutting Knowledge Date: December 2023
Today Date: 26 Jul 2024

You are a multilingual fact-checking expert. Classify the claim into: SUPPORTED, REFUTED, NEI.

Output format:
Claim Veracity: [label]<|eot_id|><|start_header_id|>user<|end_header_id|>

##Instruction: Classify the given Chinese claim into: SUPPORTED, REFUTED, NEI.
Provide exactly one label.

##input: Claim: 俄外长说乌可通过中间人澄清谈判前景 乌官员称今春至初夏为战局关键期

Evidences:
Evidence_1: Copyright © 2000 - 2025 XINHUANET.com All Rights Reserved.

##output:<|eot_id|><|start_header_id|>assistant<|end_header_id|>

",nei,supported,
约翰逊放话：若普京处死英国公民将对俄宣战,"<|begin_of_text|><|start_header_id|>system<|end_header_id|>

Cutting Knowledge Date: December 2023
Today Date: 26 Jul 2024

You are a multilingual fact-checking expert. You are given a news claim along with raw evidence related to the claim. Do not consider any other evidence. Your task is to evaluate the veracity of the claim based solely on the provided raw evidence.

 Output your answer in exactly the following format:
 Claim Veracity: [label]

 Answer with one word: SUPPORTED, REFUTED, NEI<|eot_id|><|start_header_id|>user<|end_header_id|>

##Instruction: Classify the given Chinese claim into one of the three categories (SUPPORTED, REFUTED, NEI) based on the provided evidence.

1. SUPPORTED: Fully supported by the evidence.
2. REFUTED: Clearly contradicted or unsupported by the evidence.
3. NEI: Not enough information to make a decision.

Provide exactly one label.

##input: Claim: 约翰逊放话：若普京处死英国公民将对俄宣战

Evidences:
Evidence_1: [1]: ""核查 | 约翰逊放话：若普京处死英国公民将对俄宣战？_澎湃号·湃客_澎湃新闻-The Paper"" [2]: ""约翰逊放话：若普京处死英国公民将对俄宣战|艾登_网易订阅"" [3]: ""约翰逊：假如普京敢下令处死英国公民，伦敦将会对俄宣战"" [4]: ""英媒警告：若俄罗斯处死英国雇佣兵，约翰逊将向俄“宣战”|普京|北约_网易订阅"" [5]: ""核查|约翰逊放话：若普京处死英国公民将对俄宣战？_凤凰网""  据英国《快报》报道，伦敦约翰逊撂下狠话：倘若俄总统普京下令处死为乌克兰作战的英国公民，那么约翰逊将会向俄罗斯“宣战”[^1^][3]。近日，英国老牌媒体《快报》警告说，如果普京手下处死为乌作战的英国雇佣兵，那么约翰逊将向俄罗斯“宣战”[^2^][4]。  以下是相关新闻的详细内容和来源：  1. 《网易新闻》：[约翰逊放话：若普京处死英国公民将对俄宣战](https://www.163.com/dy/article/HAOQDLO005532R7R.html) 2. 《网易订阅》：[英媒警告：若俄罗斯处死英国雇佣兵，约翰逊将向俄“宣战”](https://www.163.com/dy/article/HAS17IOT055270U5.html) 3. 《凤凰网》：[核查|约翰逊放话：若普京处死英国公民将对俄宣战？](https://news.ifeng.com/c/8HCB15lpct2)  希望这些信息能够帮到您。 

 ##output:<|eot_id|><|start_header_id|>assistant<|end_header_id|>

","<|begin_of_text|><|start_header_id|>system<|end_header_id|>

Cutting Knowledge Date: December 2023
Today Date: 26 Jul 2024

You are a multilingual fact-checking expert. Classify the claim into: SUPPORTED, REFUTED, NEI.

Output format:
Claim Veracity: [label]<|eot_id|><|start_header_id|>user<|end_header_id|>

##Instruction: Classify the given Chinese claim into: SUPPORTED, REFUTED, NEI.
Provide exactly one label.

##input: Claim: 约翰逊放话：若普京处死英国公民将对俄宣战

Evidences:


##output:<|eot_id|><|start_header_id|>assistant<|end_header_id|>

",refuted,nei,
俄举行战略威慑力量训练 俄乌就“脏弹”问题展开交锋,"<|begin_of_text|><|start_header_id|>system<|end_header_id|>

Cutting Knowledge Date: December 2023
Today Date: 26 Jul 2024

You are a multilingual fact-checking expert. You are given a news claim along with raw evidence related to the claim. Do not consider any other evidence. Your task is to evaluate the veracity of the claim based solely on the provided raw evidence.

 Output your answer in exactly the following format:
 Claim Veracity: [label]

 Answer with one word: SUPPORTED, REFUTED, NEI<|eot_id|><|start_header_id|>user<|end_header_id|>

##Instruction: Classify the given Chinese claim into one of the three categories (SUPPORTED, REFUTED, NEI) based on the provided evidence.

1. SUPPORTED: Fully supported by the evidence.
2. REFUTED: Clearly contradicted or unsupported by the evidence.
3. NEI: Not enough information to make a decision.

Provide exactly one label.

##input: Claim: 俄举行战略威慑力量训练 俄乌就“脏弹”问题展开交锋

Evidences:
Evidence_1: [1]: ""俄罗斯声称乌克兰已经几乎完成了“脏弹”的研制，并正在计划部署这种武器。 - Lianhe Zaobao 联合早报 | Facebook""[2]: ""俄罗斯变得焦急起来，是在寻找脱身战略吗？给美英法土国防部长打电话""[3]: ""双语 | 基辅政权准备用乌克兰的“脏弹”进行挑衅！_乌克兰_沪江俄语""根据我的搜索结果，我找到了以下五条相关的新闻：1. 俄罗斯声称乌克兰已经几乎完成了“脏弹”的研制，并正在计划部署这种武器。俄罗斯国防部长绍伊古说，乌克兰的“脏弹”是一种能够散发出放射性物质的非核武器，对人类和环境构成巨大威胁[^1^][1]。2. 乌克兰方面否认了俄罗斯的指控，称这是俄罗斯为了转移国际社会对其在乌克兰东部的军事行动的注意力而编造的谎言。乌克兰外交部发言人亚历山大·达尼卢克说，俄罗斯是唯一一个在欧洲使用化学武器的国家，应该停止散布假消息[^1^][1]。3. 俄罗斯在23日举行了一场战略威慑力量训练，演练了核导弹、战略轰炸机和潜艇发射的各种场景。俄罗斯总统普京亲自指挥了这次训练，他表示这是为了检验俄罗斯的核威慑能力和反应速度[^2^][2]。4. 当地时间23日，正深陷乌克兰战争苦战的俄罗斯拨通了与美国、英国、法国、土耳其国防部长的电话。路透社当地时间23日报道称，俄罗斯国防部长绍伊古与美国国防部长奥斯汀、英国国防部长沃勒斯、法国国防部长帕利、土耳其国防部长阿卡尔分别进行了电话交谈，讨论了乌克兰局势和其他安全问题[^2^][2]。5. 据沪江俄语网报道，俄罗斯外交部发言人扎哈罗娃在接受采访时表示，基辅政权准备用乌克兰的“脏弹”进行挑衅，试图引发一场全面战争。她说，乌克兰政府不惜牺牲自己的人民和邻国的安全，只为了满足美国和北约的利益[^3^][3]。以上是我能找到的相关新闻，请问您还有什么其他问题吗？ 

 ##output:<|eot_id|><|start_header_id|>assistant<|end_header_id|>

","<|begin_of_text|><|start_header_id|>system<|end_header_id|>

Cutting Knowledge Date: December 2023
Today Date: 26 Jul 2024

You are a multilingual fact-checking expert. Classify the claim into: SUPPORTED, REFUTED, NEI.

Output format:
Claim Veracity: [label]<|eot_id|><|start_header_id|>user<|end_header_id|>

##Instruction: Classify the given Chinese claim into: SUPPORTED, REFUTED, NEI.
Provide exactly one label.

##input: Claim: 俄举行战略威慑力量训练 俄乌就“脏弹”问题展开交锋

Evidences:
Evidence_1: * 

人 民 网 版 权 所 有 ，未 经 书 面 授 权 禁 止 使 用 Copyright © 1997-2022 by www.people.com.cn. all rights reserved

##output:<|eot_id|><|start_header_id|>assistant<|end_header_id|>

",nei,supported,
Australia is wider than the moon.,"<|begin_of_text|><|start_header_id|>system<|end_header_id|>

Cutting Knowledge Date: December 2023
Today Date: 26 Jul 2024

You are a multilingual fact-checking expert. You are given a news claim along with raw evidence related to the claim. Do not consider any other evidence. Your task is to evaluate the veracity of the claim based solely on the provided raw evidence.

 Output your answer in exactly the following format:
 Claim Veracity: [label]

 Answer with one word: SUPPORTED, REFUTED, NEI<|eot_id|><|start_header_id|>user<|end_header_id|>

##Instruction: Classify the given English claim into one of the three categories (SUPPORTED, REFUTED, NEI) based on the provided evidence.

1. SUPPORTED: Fully supported by the evidence.
2. REFUTED: Clearly contradicted or unsupported by the evidence.
3. NEI: Not enough information to make a decision.

Provide exactly one label.

##input: Claim: Australia is wider than the moon.

Evidences:
Evidence_1: An assertion we've encountered repeatedly on social media purports to compare the width of the continent of Australia with that of the moon. ""Australia is wider than the moon,"" this popular bit of trivia goes. This example was posted on Twitter:  Comparing objects in the solar system with those on our planet is not unusual. The size of celestial objects has been a hobby or even a matter of research for many people. How accurate is the claim? Australia, an island continent, is the sixth largest country after Russia, Canada, China, the United States, and Brazil. Its total land area is7.69 million square kilometers. At 25.69 million people, the country's population is less than that of California's 39.24 million. So how does Australia compare with the Earth's satellite, the moon? According to NASA, themoon's equatorial diameteris 3,476 km   whereas Australia's width from east to west is almost 4,000 km  . By that measure, Australia is indeed wider than the moon, but not by much. Also, we need to consider that the moon's shape is spherical. This is an important distinction. Think of the moon as a ball, a 3-dimensional object, whereas the island continent is like a 2-dimensional surface. WhileAustralia's total land areais 7.69 million square kilometers as noted above, themoon's surface areais 37.94 million square kilometers  .   The tweet only made a narrow claim: that the continent was wider than the Earth's satellite. Therefore, based on the specific wording of the claim in the tweet, Australia is wider than the moon. However, if we take the satellite's total land area into consideration, then it is way larger than the continent. 

 ##output:<|eot_id|><|start_header_id|>assistant<|end_header_id|>

","<|begin_of_text|><|start_header_id|>system<|end_header_id|>

Cutting Knowledge Date: December 2023
Today Date: 26 Jul 2024

You are a multilingual fact-checking expert. Classify the claim into: SUPPORTED, REFUTED, NEI.

Output format:
Claim Veracity: [label]<|eot_id|><|start_header_id|>user<|end_header_id|>

##Instruction: Classify the given English claim into: SUPPORTED, REFUTED, NEI.
Provide exactly one label.

##input: Claim: Australia is wider than the moon.

Evidences:
Evidence_1: # Is Australia Wider than the Earth's Moon? ## Yes and no. It depends on what yardstick we use. ** Image courtesy of Getty Images **
Australia is wider than the moon. If the moon's diameter (3,476 km) is the yardstick for comparison, then Australia (about 4,000 km) is indeed wider. But the moon's land area is far larger than the continent. An assertion we've encountered repeatedly on social media purports to compare the width of the continent of Australia with that of the moon. ""Australia is wider than the moon,"" this popular bit of trivia goes. was posted on Twitter:
Comparing objects in the solar system with those on our planet is not unusual. The size of celestial objects has been a hobby or even a matter of research for many people. How accurate is the claim? Australia, an island continent, is the sixth largest country after Russia, Canada, China, the United States, and Brazil. Its total land area is . At 25.69 million people, the country's population is less than that of California's 39.24 million. So how does Australia compare with the Earth's satellite, the moon? is 3,476 km (2,159 miles) whereas Australia's width from east to west is almost 4,000 km (2,485 miles). By that measure, Australia is indeed wider than the moon, but not by much. Also, we need to consider that the moon's shape is spherical. This is an important distinction. Think of the moon as a ball, a 3-dimensional object, whereas the island continent is like a 2-dimensional surface. is 7.69 million square kilometers as noted above, the  is 37.94 million square kilometers (14.65 million square miles).

Evidence_2: Australia, an island continent, is the sixth largest country after Russia, Canada, China, the United States, and Brazil. Its total land area is . At 25.69 million people, the country's population is less than that of California's 39.24 million. So how does Australia compare with the Earth's satellite, the moon? is 3,476 km (2,159 miles) whereas Australia's width from east to west is almost 4,000 km (2,485 miles). By that measure, Australia is indeed wider than the moon, but not by much. Also, we need to consider that the moon's shape is spherical. This is an important distinction. Think of the moon as a ball, a 3-dimensional object, whereas the island continent is like a 2-dimensional surface. is 7.69 million square kilometers as noted above, the  is 37.94 million square kilometers (14.65 million square miles). (One square mile is equal to 2.59 square kilometers; 1 square kilometer = 0.3861 square miles.) The tweet only made a narrow claim: that the continent was wider than the Earth's satellite. Therefore, based on the specific wording of the claim in the tweet, Australia is wider than the moon. However, if we take the satellite's total land area into consideration, then it is way larger than the continent. Australia, c\=AU\;o\=Australia Government\;ou\=Geoscience. Area of Australia - States and Territories. 15 May 2014, https://www.ga.gov.au/scientific-topics/national-location-information/dimensions/area-of-australia-states-and-territories. ---. Australia's Size Compared.

Evidence_3: (One square mile is equal to 2.59 square kilometers; 1 square kilometer = 0.3861 square miles.) The tweet only made a narrow claim: that the continent was wider than the Earth's satellite. Therefore, based on the specific wording of the claim in the tweet, Australia is wider than the moon. However, if we take the satellite's total land area into consideration, then it is way larger than the continent. Australia, c\=AU\;o\=Australia Government\;ou\=Geoscience. Area of Australia - States and Territories. 15 May 2014, https://www.ga.gov.au/scientific-topics/national-location-information/dimensions/area-of-australia-states-and-territories. ---. Australia's Size Compared. 15 May 2014, https://www.ga.gov.au/scientific-topics/national-location-information/dimensions/australias-size-compared. ---. Continental Extremities. 15 May 2014, https://www.ga.gov.au/scientific-topics/national-location-information/dimensions/continental-extremities#:~:text=Australia%20is%20approximately%203860%20kilometres,wide%2C%20from%20east%20to%20west. ""By the Numbers | Earth's Moon."" NASA Solar System Exploration, https://solarsystem.nasa.gov/moons/earths-moon/by-the-numbers. Accessed 29 Mar. 2023. Moon Fact Sheet. https://nssdc.gsfc.nasa.gov/planetary/factsheet/moonfact.html. Accessed 28 Mar.

Evidence_4: 15 May 2014, https://www.ga.gov.au/scientific-topics/national-location-information/dimensions/australias-size-compared. ---. Continental Extremities. 15 May 2014, https://www.ga.gov.au/scientific-topics/national-location-information/dimensions/continental-extremities#:~:text=Australia%20is%20approximately%203860%20kilometres,wide%2C%20from%20east%20to%20west. ""By the Numbers | Earth's Moon."" NASA Solar System Exploration, https://solarsystem.nasa.gov/moons/earths-moon/by-the-numbers. Accessed 29 Mar. 2023. Moon Fact Sheet. https://nssdc.gsfc.nasa.gov/planetary/factsheet/moonfact.html. Accessed 28 Mar. 2023. Damakant Jayshi is a former writer for Snopes.

##output:<|eot_id|><|start_header_id|>assistant<|end_header_id|>

",nei,supported,
俄罗斯冰球队因为制裁改穿苏联队服,"<|begin_of_text|><|start_header_id|>system<|end_header_id|>

Cutting Knowledge Date: December 2023
Today Date: 26 Jul 2024

You are a multilingual fact-checking expert. You are given a news claim along with raw evidence related to the claim. Do not consider any other evidence. Your task is to evaluate the veracity of the claim based solely on the provided raw evidence.

 Output your answer in exactly the following format:
 Claim Veracity: [label]

 Answer with one word: SUPPORTED, REFUTED, NEI<|eot_id|><|start_header_id|>user<|end_header_id|>

##Instruction: Classify the given Chinese claim into one of the three categories (SUPPORTED, REFUTED, NEI) based on the provided evidence.

1. SUPPORTED: Fully supported by the evidence.
2. REFUTED: Clearly contradicted or unsupported by the evidence.
3. NEI: Not enough information to make a decision.

Provide exactly one label.

##input: Claim: 俄罗斯冰球队因为制裁改穿苏联队服

Evidences:
Evidence_1: [1]: ""Google News"" [2]: ""美国之音中文网新闻 - 美国之音中文网"" [3]: ""Reuters News Agency""  俄罗斯冰球队因为制裁改穿苏联队服的新闻有很多，以下是其中五篇：  1. 《新华网》：俄罗斯冰球队因制裁改穿苏联队服，引发争议。[^1^][1] 2. 《环球网》：俄罗斯冰球队因制裁改穿苏联队服，引发争议。[^2^][2] 3. 《澎湃新闻》：俄罗斯冰球队因制裁改穿苏联队服，引发争议。 4. 《人民网》：俄罗斯冰球队因制裁改穿苏联队服，引发争议。 5. 《央视新闻》：俄罗斯冰球队因制裁改穿苏联队服，引发争议。  希望这些信息能对您有所帮助。 

 ##output:<|eot_id|><|start_header_id|>assistant<|end_header_id|>

","<|begin_of_text|><|start_header_id|>system<|end_header_id|>

Cutting Knowledge Date: December 2023
Today Date: 26 Jul 2024

You are a multilingual fact-checking expert. Classify the claim into: SUPPORTED, REFUTED, NEI.

Output format:
Claim Veracity: [label]<|eot_id|><|start_header_id|>user<|end_header_id|>

##Instruction: Classify the given Chinese claim into: SUPPORTED, REFUTED, NEI.
Provide exactly one label.

##input: Claim: 俄罗斯冰球队因为制裁改穿苏联队服

Evidences:


##output:<|eot_id|><|start_header_id|>assistant<|end_header_id|>

",nei,refuted,
Alternative reality - searching the web in Russia,"<|begin_of_text|><|start_header_id|>system<|end_header_id|>

Cutting Knowledge Date: December 2023
Today Date: 26 Jul 2024

You are a multilingual fact-checking expert. You are given a news claim along with raw evidence related to the claim. Do not consider any other evidence. Your task is to evaluate the veracity of the claim based solely on the provided raw evidence.

 Output your answer in exactly the following format:
 Claim Veracity: [label]

 Answer with one word: SUPPORTED, REFUTED, NEI<|eot_id|><|start_header_id|>user<|end_header_id|>

##Instruction: Classify the given English claim into one of the three categories (SUPPORTED, REFUTED, NEI) based on the provided evidence.

1. SUPPORTED: Fully supported by the evidence.
2. REFUTED: Clearly contradicted or unsupported by the evidence.
3. NEI: Not enough information to make a decision.

Provide exactly one label.

##input: Claim: Alternative reality - searching the web in Russia

Evidences:
Evidence_1: [1]: ""An alternate reality - searching the web in Russia - MSN""[2]: ""Ukraine war: kept in the dark by internet search""[3]: ""An alternate reality - searching the web in Russia : - Reddit""Hello, this is Bing. I found three news articles related to your query ""Alternative reality - searching the web in Russia"". Here are the titles and sources:- **An alternate reality - searching the web in Russia** by BBC Monitoring on MSN[^1^][1]- **Ukraine war: kept in the dark by internet search** by BBC Monitoring on BBC News[^2^][2]- **An alternate reality - searching the web in Russia** by u/WorldNewsBot on Reddit[^3^][3]The articles explore how web searches in Russia differ from other countries, especially on topics related to the conflict in Ukraine. They suggest that Russian search engines such as Yandex filter out or downplay negative news about Russia's involvement, while Google shows more balanced results. They also claim that artificial web traffic and state-sponsored media influence the ranking of search results in Russia.What kind of content are you looking for? Do you want a summary of each article or a specific aspect of the topic? 

 ##output:<|eot_id|><|start_header_id|>assistant<|end_header_id|>

","<|begin_of_text|><|start_header_id|>system<|end_header_id|>

Cutting Knowledge Date: December 2023
Today Date: 26 Jul 2024

You are a multilingual fact-checking expert. Classify the claim into: SUPPORTED, REFUTED, NEI.

Output format:
Claim Veracity: [label]<|eot_id|><|start_header_id|>user<|end_header_id|>

##Instruction: Classify the given English claim into: SUPPORTED, REFUTED, NEI.
Provide exactly one label.

##input: Claim: Alternative reality - searching the web in Russia

Evidences:
Evidence_1: # Ukraine war: Russians kept in the dark by internet search
Adam Robinson, Olga Robinson & Kayleen Devlin
**In many places, searching the web is a gateway to a wider world of information, but in Russia, it is part of a system that helps trap people in an alternative reality. **
Shortly after 20 people were killed in a Russian missile attack on the Ukrainian city of Kremenchuk in June, Lev Gershenzon - a former manager at Russian tech company Yandex - typed the city's name into its search engine to find out more. The results he got back shocked him. ""The sources that ranked at the top of the page were strange and obscure,"" he told the BBC. ""There was one blog by an unknown author claiming that the information about casualties was fake."" The Kremlin keeps a tight grip on the country's media, especially TV, which glorifies Russia's invasion of Ukraine as a mission of liberation and dismisses reports of atrocities as fake. The internet in Russia was for a long time the main space for alternative sources of information, but after starting the war in February the Kremlin launched a crackdown on independent online media. Digital rights watchdog Roskomsvoboda estimates that - in the first six months of the conflict - nearly 7,000 websites were blocked in Russia, including those of major independent media and human rights groups. BBC Monitoring wanted to find out what people in Russia see when they search the web now. We used a virtual private network (VPN), so it would appear as though we were searching the web from Russia.

Evidence_2: Between June and October, we carried out dozens of searches on Russia's top search engines - Yandex and Google - for key words relating to the war in Ukraine. Yandex is one of the big stars of Russia's homegrown tech scene. It runs the country's largest search engine and presents itself as independent of the authorities. According to the company's own statistics, it handles about 60% of web searches done in Russia - with Google responsible for about 35%. From the start of the war, Yandex faced criticism for the pro-Kremlin slant of the sites and stories featured on its news aggregator, Yandex News. In September, it sold Yandex News to the Kremlin-linked owner of social network VK. But Yandex retains control of its general search engine, and here, the results of BBC Monitoring's experiment reveal an alternative reality dominated by Russian propaganda about the war. One topic searched for was Bucha, the Ukrainian town where hundreds of civilians were killed by Russian troops before they withdrew in early April. The deaths shocked the world, but in Russia, many seem to believe the state media line that they were staged by Ukraine. Yandex results about the killings of civilians in Bucha as if based in Russia (left) featured blog posts denying Russia is to blame, while Google's results in the UK spoke of evidence of atrocities
When we searched for Bucha on Yandex - using a VPN as if based in Russia and typing in Russian - the top page of results made it look like the killings had never taken place. Three of the nine top results were anonymous blog posts denying the involvement of Russian troops. The remaining six contained no independent reporting of the events.

Evidence_3: Yandex's search results on ""Ukraine"" as if based in Russia (left) were dominated by pro-Kremlin media and featured no independent media sources, while Google's results as if based in the UK (right) showed only Western reporting
""They [the authorities] can cleanse the results completely,"" Alexei Sokirko, a former Yandex developer, told the BBC. At the same time, the Kremlin is spending heavily to make sure web content is created reflecting its own worldview, he added. Search experts Guido Ampollini and Mykhailo Orlov, from the marketing firm GA Agency, say this will also potentially skew the results users see in Yandex, as the search engine's algorithm may reward pro-Kremlin material with higher rankings and down-rank alternative views. Could using a VPN help Russians find out more about the war in their own language? If they are using Yandex to find that information, then not necessarily. When searching its engine with the VPN set to the UK and using Russian, the odd independent source appeared, but pro-Kremlin sources still dominated. Mr Ampollini and Mr Orlov say the pro-Kremlin content appears carefully tailored to make the algorithm rank it higher. And with one obscure news site that featured prominently in results, they also found signs of possible web traffic manipulation. A large number of potentially artificial links to the site were found from external websites - a common technique to improve a site's search ranking. Many civilians have been killed in Russian air strikes on Ukrainian cities
Finally, Yandex may be reflecting the fact Russian users themselves are choosing pro-Kremlin content. Search specialist Nick Boyle, of digital marketing agency The Audit Lab, told the BBC that - unlike Google - Yandex takes into account user behaviour. This means, for example, that a website's search ranking may be affected by the number of visits to it.

Evidence_4: ""The sources that ranked at the top of the page were strange and obscure,"" he told the BBC. ""There was one blog by an unknown author claiming that the information about casualties was fake."" The Kremlin keeps a tight grip on the country's media, especially TV, which glorifies Russia's invasion of Ukraine as a mission of liberation and dismisses reports of atrocities as fake. The internet in Russia was for a long time the main space for alternative sources of information, but after starting the war in February the Kremlin launched a crackdown on independent online media. Digital rights watchdog Roskomsvoboda estimates that - in the first six months of the conflict - nearly 7,000 websites were blocked in Russia, including those of major independent media and human rights groups. BBC Monitoring wanted to find out what people in Russia see when they search the web now. We used a virtual private network (VPN), so it would appear as though we were searching the web from Russia. Between June and October, we carried out dozens of searches on Russia's top search engines - Yandex and Google - for key words relating to the war in Ukraine. Yandex is one of the big stars of Russia's homegrown tech scene. It runs the country's largest search engine and presents itself as independent of the authorities. According to the company's own statistics, it handles about 60% of web searches done in Russia - with Google responsible for about 35%. From the start of the war, Yandex faced criticism for the pro-Kremlin slant of the sites and stories featured on its news aggregator, Yandex News. In September, it sold Yandex News to the Kremlin-linked owner of social network VK. But Yandex retains control of its general search engine, and here, the results of BBC Monitoring's experiment reveal an alternative reality dominated by Russian propaganda about the war.

Evidence_5: When searching its engine with the VPN set to the UK and using Russian, the odd independent source appeared, but pro-Kremlin sources still dominated. Mr Ampollini and Mr Orlov say the pro-Kremlin content appears carefully tailored to make the algorithm rank it higher. And with one obscure news site that featured prominently in results, they also found signs of possible web traffic manipulation. A large number of potentially artificial links to the site were found from external websites - a common technique to improve a site's search ranking. Many civilians have been killed in Russian air strikes on Ukrainian cities
Finally, Yandex may be reflecting the fact Russian users themselves are choosing pro-Kremlin content. Search specialist Nick Boyle, of digital marketing agency The Audit Lab, told the BBC that - unlike Google - Yandex takes into account user behaviour. This means, for example, that a website's search ranking may be affected by the number of visits to it. Google says this is not the case for its search engine. The GA Agency team thought it possible that many Russians are clicking on content that portrays their military positively, prompting Yandex's algorithm to reward it with higher rankings. Lev Gershenzon believes that, no matter how the Kremlin's dominance of Yandex's search results has been achieved, it means that anyone wanting to question what they hear on state media will only get information confirming the official view. ""You open the Yandex main page and you start [searching for the] Kremenchuk [attack] to receive some alternative picture from other sources, and all you get is that 'yeah ok, you're right, it's fake' - and that's it,"" he told the BBC. ""It's like a double punch."" ## What the war on Ukraine looks like on Russian screens
## Watching the war on Russian TV - a whole different story
## Exiled Russian journalists challenge Kremlin censorship

##output:<|eot_id|><|start_header_id|>assistant<|end_header_id|>

",supported,refuted,
乌克兰将与波兰、芬兰等国组建“非军事小北约”,"<|begin_of_text|><|start_header_id|>system<|end_header_id|>

Cutting Knowledge Date: December 2023
Today Date: 26 Jul 2024

You are a multilingual fact-checking expert. You are given a news claim along with raw evidence related to the claim. Do not consider any other evidence. Your task is to evaluate the veracity of the claim based solely on the provided raw evidence.

 Output your answer in exactly the following format:
 Claim Veracity: [label]

 Answer with one word: SUPPORTED, REFUTED, NEI<|eot_id|><|start_header_id|>user<|end_header_id|>

##Instruction: Classify the given Chinese claim into one of the three categories (SUPPORTED, REFUTED, NEI) based on the provided evidence.

1. SUPPORTED: Fully supported by the evidence.
2. REFUTED: Clearly contradicted or unsupported by the evidence.
3. NEI: Not enough information to make a decision.

Provide exactly one label.

##input: Claim:  乌克兰将与波兰、芬兰等国组建“非军事小北约”

Evidences:
Evidence_1: [1]: ""明查｜乌克兰将与波兰、芬兰等国组建“非军事小北约”？_全球速报_澎湃新闻-The Paper"" [2]: ""各国对俄乌冲突持何种立场？ | 乌克兰战争 新闻 | 半岛电视台"" [3]: ""乌克兰将与波兰、芬兰等国组建“非军事小北约”？没证据_凤凰网"" [4]: ""核查:乌克兰将与波兰、芬兰建“非军事小北约”? -6park.com"" [5]: ""明查｜乌克兰将与波兰、芬兰等国组建“非军事小北约”？ |乌克兰|俄罗斯|波兰|约翰逊|芬兰_手机网易网""  据凤凰网[^1^][3]的报道，网传“乌克兰将与波兰、立陶宛、爱沙尼亚、拉脱维亚和芬兰一起组成‘非军事小北约’共同对抗俄罗斯”一事并无实证，相关消息仅在中文网络流传。波兰和波罗的海三国总统确实在4月13日和乌总统进行了会面，并公开表达了对乌克兰在俄乌冲突中的遭遇的同情和对乌克兰的支持。波罗的海三国和乌克兰在近日发表联合声明，将促进和加强各方在安全和防御领域的双边和多边合作。[^1^][3] [^2^][4] [^3^][5]  希望这些信息能够帮到您。 

 ##output:<|eot_id|><|start_header_id|>assistant<|end_header_id|>

","<|begin_of_text|><|start_header_id|>system<|end_header_id|>

Cutting Knowledge Date: December 2023
Today Date: 26 Jul 2024

You are a multilingual fact-checking expert. Classify the claim into: SUPPORTED, REFUTED, NEI.

Output format:
Claim Veracity: [label]<|eot_id|><|start_header_id|>user<|end_header_id|>

##Instruction: Classify the given Chinese claim into: SUPPORTED, REFUTED, NEI.
Provide exactly one label.

##input: Claim:  乌克兰将与波兰、芬兰等国组建“非军事小北约”

Evidences:


##output:<|eot_id|><|start_header_id|>assistant<|end_header_id|>

",nei,refuted,
意大利民众抗议高电价与警方冲突,"<|begin_of_text|><|start_header_id|>system<|end_header_id|>

Cutting Knowledge Date: December 2023
Today Date: 26 Jul 2024

You are a multilingual fact-checking expert. You are given a news claim along with raw evidence related to the claim. Do not consider any other evidence. Your task is to evaluate the veracity of the claim based solely on the provided raw evidence.

 Output your answer in exactly the following format:
 Claim Veracity: [label]

 Answer with one word: SUPPORTED, REFUTED, NEI<|eot_id|><|start_header_id|>user<|end_header_id|>

##Instruction: Classify the given Chinese claim into one of the three categories (SUPPORTED, REFUTED, NEI) based on the provided evidence.

1. SUPPORTED: Fully supported by the evidence.
2. REFUTED: Clearly contradicted or unsupported by the evidence.
3. NEI: Not enough information to make a decision.

Provide exactly one label.

##input: Claim:  意大利民众抗议高电价与警方冲突

Evidences:
Evidence_1: [1]: ""國際 - BBC News 中文"" [2]: ""Google News"" [3]: ""联合国新闻 | 全球视野, 常人故事 - UN News""  意大利民众抗议高电价与警方冲突的新闻有很多，以下是其中五个相关的新闻，包括详细的来源和内容：  1. 《BBC News 中文》报道，2023年6月21日，意大利民众在抗议高电价时与警方发生冲突[^1^][1]。 2. 《新华网》报道，2023年6月21日，意大利罗马市中心发生了一场抗议活动，抗议者们对高昂的电费和政府的不作为表示不满[^2^][2]。 3. 《中国新闻网》报道，2023年6月21日，意大利罗马市中心发生了一场抗议活动，抗议者们对高昂的电费和政府的不作为表示不满。 4. 《环球网》报道，2023年6月21日，意大利民众在罗马市中心举行示威活动，抗议高昂的电费和政府的不作为。警方在现场使用了催泪瓦斯和水炮驱散了示威者。 5. 《人民网》报道，2023年6月21日，意大利罗马市中心发生了一场抗议活动，抗议者们对高昂的电费和政府的不作为表示不满。警方在现场使用了催泪瓦斯和水炮驱散了示威者。  希望这些信息能够帮到您。如果您需要更多信息，请告诉我。 

 ##output:<|eot_id|><|start_header_id|>assistant<|end_header_id|>

","<|begin_of_text|><|start_header_id|>system<|end_header_id|>

Cutting Knowledge Date: December 2023
Today Date: 26 Jul 2024

You are a multilingual fact-checking expert. Classify the claim into: SUPPORTED, REFUTED, NEI.

Output format:
Claim Veracity: [label]<|eot_id|><|start_header_id|>user<|end_header_id|>

##Instruction: Classify the given Chinese claim into: SUPPORTED, REFUTED, NEI.
Provide exactly one label.

##input: Claim:  意大利民众抗议高电价与警方冲突

Evidences:


##output:<|eot_id|><|start_header_id|>assistant<|end_header_id|>

",refuted,nei,
Abraham Lincoln endured a steady stream of failure and defeat before becoming President of the United States.,"<|begin_of_text|><|start_header_id|>system<|end_header_id|>

Cutting Knowledge Date: December 2023
Today Date: 26 Jul 2024

You are a multilingual fact-checking expert. You are given a news claim along with raw evidence related to the claim. Do not consider any other evidence. Your task is to evaluate the veracity of the claim based solely on the provided raw evidence.

 Output your answer in exactly the following format:
 Claim Veracity: [label]

 Answer with one word: SUPPORTED, REFUTED, NEI<|eot_id|><|start_header_id|>user<|end_header_id|>

##Instruction: Classify the given English claim into one of the three categories (SUPPORTED, REFUTED, NEI) based on the provided evidence.

1. SUPPORTED: Fully supported by the evidence.
2. REFUTED: Clearly contradicted or unsupported by the evidence.
3. NEI: Not enough information to make a decision.

Provide exactly one label.

##input: Claim: Abraham Lincoln endured a steady stream of failure and defeat before becoming President of the United States.

Evidences:
Evidence_1: Origin The unsourced ""Abraham Lincoln Didn't Quit"" list reproduced below is a ubiquitous piece of American historical glurge that has been printed in countless magazines ?and newspaper columns over the decades, including an appearance in a 1967 Reader's Digest collection of humor and anecdotes: It is now a favorite feature of inspirational e-mail lists, web sites, and Chicken Soup for the Soul-type books, and it exemplifies what is so very wrong about turning history into glurge. Abraham Lincoln isthemythical, towering figure of American history, and whatever one thinks of his accomplishments, he was indeed a fascinating character. He truly fulfilled the ""anyone can make it in America"" ethos; he was the man of little means or education, born in a one-room log cabin, honest and hard-working, who overcame numerous obstacles and failures to become President of the United States when the nation was confronted with its gravest crisis. One would think the facts of Lincoln's life should be a good enough story for anyone, but no, apparently the truth isn't sufficiently inspirational; it has to be shaped and molded into glurge that depicts Lincoln as a man who endured constant failure and defeat from the time he was born until he was elected President. Lincoln certainly survived his fair share of hardship and setbacks, but he also was remarkably successful in many different endeavors throughout his lifetime. Let's take a look at what this glurge leaves out: 1816: His family was forced out of their home. He had to work to support them. Life on the American frontier in the early 19th century was no picnic for anyone; it required hours of back-breaking toil and drudgery day in and day out. In the context of their time, however, the Lincolns lived under rather unremarkable circumstances. The statement that the Lincolns were ""forced out of their home"" in 1816 isn't completely false, but it is somewhat misleading because it implies they were suddenly and involuntarily uprooted from their home, with no warning and no place to go. Abraham Lincoln's father, Thomas, had owned farmland in Hardin County, Kentucky, since the early 1800s, and he left Kentucky and moved his family across the Ohio River to Indiana in 1816 for two primary reasons: With plenty of land available in neighboring Indiana, a territory where slavery had been excluded by the Northwest Ordinance and the government guaranteed buyers clear title to their property, Thomas Lincoln opted to move rather than to spend time and money fighting over the title to his Kentucky farm. So, in a moderate sense the Lincolns could be said to have been ""forced out of their home,"" but it did not happen abruptly, and they opted to leave because better opportunities awaited them. The other part of this statement, that a seven-year-old Abraham Lincoln ""had to work to support"" his family, is also misleading. Young Abraham did not have to take an outside job lest his poor family sink into financial ruin. Like nearly all farm children of his era, Lincoln was expected to perform whatever chores and tasks he was physically capable of handling around the farm. If Abraham worked harder and longer than most other children, it was not because the Lincolns' circumstances were extraordinarily difficult, but because Lincoln was exceptionally tall and strong for his age. 1818: His mother died. This, at least, is no embellishment. Lincoln's mother, Nancy, did die of ""milk sickness"" in 1818, when Abraham was only nine years old. A mother's death is a tragedy for any child, and it was a special hardship for a struggling farm family. 1831: Failed in business. The statement that Lincoln ""failed in business"" in 1831 is another misleading claim, because it implies that he was the owner or operator of the failed business, or at least was otherwise responsible for its failure. None of this is true. Lincoln left his father's home for good in 1831 and, along with his cousin John Hanks, took a flatboat full of provisions down the Mississippi River from Illinois to New Orleans on behalf of a ""bustling, none too scrupulous businessman"" named Denton Offutt. Offutt planned to open a general store, and he promised to make Lincoln its manager when Abraham returned from New Orleans. Lincoln operated the store as Offutt's clerk and assistant for several months   until Offutt, a poor businessman, overextended himself financially and ran it into the ground. Thus by the spring of 1832 Lincoln had indeed ""lost his job,"" but not because he had ""failed in business."" 1832: Ran for state legislature - lost. Lincoln did run for the Illinois state legislature in 1832, although as Lincoln biographer David Herbert Donald noted, ""the post he was seeking was not an elevated one ... [legislators] dealt mostly with such issues as whether cattle had to be fenced in or could enjoy free range."" Lincoln finished eighth in a field of thirteen  . However, this same year Lincoln also achieved something of which he was very proud, when the members of a volunteer militia company he had joined selected him as their captain. Lincoln said many years later that this was ""a success which gave me more pleasure than any I have had since.""   1832: Also lost his job - wanted to go to law school but couldn’t get in. As noted above, Lincoln actually ""lost his job"" in 1831, and the notion that in 1832 Lincoln ""wanted to go to law school but couldn't get in""   is both inaccurate and an anachronism. Lincoln did eventually become a lawyer, and he accomplished the feat in the manner typical of his time and place: not by attending law school, but by reading law books and observing court sessions. He was indeed interested in becoming a lawyer as early as 1832, but, as Lincoln biographer Donald wrote, ""on reflection he concluded that he needed a better education to succeed."" 1833: Borrowed some money from a friend to begin a business and by the end of the year he was bankrupt. He spent the next 17 years of his life paying off this debt. Lincoln and William F. Berry, a corporal from Lincoln's militia company, purchased a general store in New Salem, Illinois, in 1833.   Lincoln and Berry were competing against a larger, well-organized store in the same town; their outfit did little business, and within a short time it had ""winked out."" The debt on the store became due the following year, and since Lincoln was unable to pay off his note, his possessions were seized by the sheriff. Moreover, when Lincoln's former partner died with no assets soon afterwards, Lincoln insisted upon assuming his partner's half of the debt as well, even though he was not legally obligated to do so. Exactly how long it took Lincoln to pay off this debt   in its entirety is unknown. It did take him several years, but not seventeen; nor, as this statement implies, was he completely financially encumbered until it was paid in full. Within a few months of the store's failure Lincoln had obtained a position as the New Salem postmaster, and by 1835 he was earning money both as a surveyor and as a state legislator. 1834: Ran for state legislature again - won. In 1834 Lincoln was again one of thirteen candidates running for a seat in the state legislature, and this time he won, securing the second-highest vote total among the field. 1835: Was engaged to be married, sweetheart died and his heart was broken. Much of Lincoln's relationship with New Salem resident Ann Rutledge remains a mystery, and several aspects of it — including whether or not they were actually engaged   — are based more on speculation than documented fact. Whatever the exact nature of their relationship, however, her death in the summer of 1835 appears to have affected Lincoln profoundly. 1836: Had a total nervous breakdown and was in bed for six months. Whether Lincoln experienced a ""total nervous breakdown"" in the aftermath of Ann Rutledge's death is debatable, but the notion that he somehow found time to stay ""in bed for six months"" is not. After Ann's funeral he spent a few weeks visiting an old friend, and within a month of her death he had resumed his occasional surveying duties. He surveyed the nearby town of Petersburg in February 1836, undertook a strenuous two-month campaign for re-election during the summer, and served in the state legislature throughout the year. All of this would have been difficult for a man who spent ""six months in bed."" 1838: Sought to become speaker of the state legislature - defeated. By the time of the 1838-39 legislative session, Lincoln had twice been an unsuccessful Whig candidate for the position of speaker of the Illinois House of Representatives. This was a relatively minor political setback, however, and no mention is made here of the fact that by 1838 he was one of the most experienced members of the legislature, or of any of the other notable successes he achieved between 1834 and 1838, namely: 1840: Sought to become elector - defeated. This statement is erroneous. Lincoln was named as a presidential elector at the Illinois state Whig convention on 8 October 1839, and he campaigned as a Whig elector during the 1840, 1844, 1852, and 1856 presidential elections  . 1843: Ran for Congress - lost. One could claim this as a Lincoln failure in that he wanted to be a Congressman and failed to achieve that goal, but it is technically inaccurate to claim that he ""ran for Congress"" in 1843 and lost: The election was held in 1844, and Lincoln was not a candidate in that election. Lincoln's failure to achieve his party's nomination at the May 1843 Whig district convention is undoubtedly what is referred to here. 1846: Ran for Congress again - this time he won - went to Washington and did a good job. Lincoln won a seat as an Illinois representative to the U.S. Congress in 1846. 1848: Ran for re-election to Congress - lost. Lincoln did not ""lose"" the 1848 election. He did not run for re-election because Whig policy at the time specified that party members should step aside after serving one term to allow other members to take their turns at holding office. Lincoln, a faithful party member, complied. 1849: Sought the job of land officer in his home state - rejected. The position referred to here was commissioner of the General Land Office, a federal position, not a state one, and one that came with a fair amount of power and patronage. Since Lincoln's term in Congress was about to expire, his friends urged him to apply for this post, but Lincoln was reluctant to give up his law career. He finally agreed to apply for the job when the choice was deadlocked between two other Illinois candidates and it looked like the appointment might therefore go to a compromise candidate from outside of Illinois. Whigs from northern Illinois then decided that too many appointments were going to party members from other parts of the state and put up their own candidate against Lincoln. The choice was left to the Secretary of the Interior, who selected the other candidate. 1854: Ran for Senate of the United States - lost. In Lincoln's time, U.S. senators were not elected through direct popular vote; they were appointed by state legislatures. In Illinois, voters cast ballots only for state legislators, and the General Assembly of the state legislature then selected nominees to fill open U.S. Senate seats. So, in 1854   Lincoln was not technically running for the Senate; he was campaigning on behalf of Whig candidates for state legislature seats all throughout Illinois. Nonetheless, after the 1854 state election, Lincoln made it known that he sought the open U.S. Senate seat for Illinois. The first ballot of a divided General Assembly was taken in February 1855, and Lincoln received the most votes but was six votes shy of the requisite majority. When the process remained deadlocked after another eight ballots, Lincoln withdrew from the race to lend his support to another candidate and ensure that the Senate seat did not go to a pro-slavery Democrat. 1856: Sought the Vice-Presidential nomination at his party’s national convention - got less than 100 votes. This is both misleading and inaccurate. Lincoln did not ""seek"" the vice-presidential nomination at the 1856 Republican national convention in Philadelphia; his name was put into nomination by the Illinois delegation after most national delegates were already committed to other candidates.   Nonetheless, in an informal ballot, Lincoln received 110 votes out of 363, not at all a bad showing for someone who was little known outside his home state. 1858: Ran for U.S. Senate again - again he lost. Again, Lincoln was not directly campaigning for a Senate seat, although it was a foregone conclusion that he would be the Republicans' choice to take Stephen Douglas' U.S. Senate seat if his party won control of the Illinois state legislature. Lincoln actually bested Douglas in the sense that Republican legislative candidates statewide received slightly over 50% of the popular vote, but the Republicans failed to gain control of the state legislature, and Douglas therefore retained his seat in the Senate. 1860: Elected president of the United States. And again in 1864. A pretty good ending for someone who wasn't quite the perennial failure this glurge makes him out to be. 

 ##output:<|eot_id|><|start_header_id|>assistant<|end_header_id|>

","<|begin_of_text|><|start_header_id|>system<|end_header_id|>

Cutting Knowledge Date: December 2023
Today Date: 26 Jul 2024

You are a multilingual fact-checking expert. Classify the claim into: SUPPORTED, REFUTED, NEI.

Output format:
Claim Veracity: [label]<|eot_id|><|start_header_id|>user<|end_header_id|>

##Instruction: Classify the given English claim into: SUPPORTED, REFUTED, NEI.
Provide exactly one label.

##input: Claim: Abraham Lincoln endured a steady stream of failure and defeat before becoming President of the United States.

Evidences:
Evidence_1: # Did Abraham Lincoln Endure Failure Before Presidency? ## Failed businesses, a lost election, and the death of his mother were all said to have been failures that the 16th president overcame. ** Image courtesy of Public Domain **
Abraham Lincoln endured a steady stream of failure and defeat before becoming President of the United States. The unsourced ""Abraham Lincoln Didn't Quit"" list reproduced below is a ubiquitous piece of American historical that has been printed in countless magazines  and newspaper columns over the decades, including an appearance in a 1967  collection of humor and anecdotes:
> Probably the greatest example of persistence is Abraham Lincoln. If you want to learn about somebody who didn't quit, look no further. > Born into poverty, Lincoln was faced with defeat throughout his life. He lost eight elections, twice failed in business and suffered a nervous breakdown. > He could have quit many times - but he didn't and because he didn't quit, he became one of the greatest presidents in the history of our country. > Lincoln was a champion and he never gave up. Here is a sketch of Lincoln's road to the White House:
>   * 1816: His family was forced out of their home. He had to work to support them. >   * 1832: Ran for state legislature - lost. >   * 1832: Also lost his job - wanted to go to law school but couldn’t get in. >   * 1833: Borrowed some money from a friend to begin a business and by the end of the year he was bankrupt. He spent the next 17 years of his life paying off this debt. >   * 1834: Ran for state legislature again - won. >   * 1835: Was engaged to be married, sweetheart died and his heart was broken.

Evidence_2: >   * 1836: Had a total nervous breakdown and was in bed for six months. >   * 1838: Sought to become speaker of the state legislature - defeated. >   * 1840: Sought to become elector - defeated. >   * 1843: Ran for Congress - lost. >   * 1846: Ran for Congress again - this time he won - went to Washington and did a good job. >   * 1848: Ran for re-election to Congress - lost. >   * 1849 Sought the job of land officer in his home state - rejected. >   * 1854: Ran for Senate of the United States - lost. >   * 1856: Sought the Vice-Presidential nomination at his party’s national convention - got less than 100 votes. >   * 1858: Ran for U.S. Senate again - again he lost. >   * 1860: Elected president of the United States. > 

It is now a favorite feature of inspirational e-mail lists, web sites, and _Chicken Soup for the Soul_ -type books, and it exemplifies what is so very wrong about turning history into glurge. Abraham Lincoln is mythical, towering figure of American history, and whatever one thinks of his accomplishments, he was indeed a fascinating character. He truly fulfilled the ""anyone can make it in America"" ethos; he was the man of little means or education, born in a one-room log cabin, honest and hard-working, who overcame numerous obstacles and failures to become President of the United States when the nation was confronted with its gravest crisis.

Evidence_3: * The Illinois Supreme Court licensed him to practice law in 1837. * He became the partner of ""one of the most prominent and successful lawyers in Springfield"" (where he now lived). **1840: Sought to become elector - defeated. **
This statement is erroneous. Lincoln was named as a presidential elector at the Illinois state Whig convention on 8 October 1839, and he campaigned as a Whig elector during the 1840, 1844, 1852, and 1856 presidential elections (skipping the 1848 campaign because he was serving in Congress). **1843: Ran for Congress - lost. **
One could claim this as a Lincoln failure in that he wanted to be a Congressman and failed to achieve that goal, but it is technically inaccurate to claim that he ""ran for Congress"" in 1843 and lost: The election was held in 1844, and Lincoln was not a candidate in that election. Lincoln's failure to achieve his party's nomination at the May 1843 Whig district convention is undoubtedly what is referred to here. **1846: Ran for Congress again - this time he won - went to Washington and did a good job. **
Lincoln won a seat as an Illinois representative to the U.S. Congress in 1846. **1848: Ran for re-election to Congress - lost. **
Lincoln did not ""lose"" the 1848 election. He did not run for re-election because Whig policy at the time specified that party members should step aside after serving one term to allow other members to take their turns at holding office. Lincoln, a faithful party member, complied. **1849: Sought the job of land officer in his home state - rejected. **
The position referred to here was commissioner of the General Land Office, a federal position, not a state one, and one that came with a fair amount of power and patronage.

Evidence_4: None of this is true. Lincoln left his father's home for good in 1831 and, along with his cousin John Hanks, took a flatboat full of provisions down the Mississippi River from Illinois to New Orleans on behalf of a ""bustling, none too scrupulous businessman"" named Denton Offutt. Offutt planned to open a general store, and he promised to make Lincoln its manager when Abraham returned from New Orleans. Lincoln operated the store as Offutt's clerk and assistant for several months (and by all accounts did a fine job of it) until Offutt, a poor businessman, overextended himself financially and ran it into the ground. Thus by the spring of 1832 Lincoln had indeed ""lost his job,"" but not because he had ""failed in business."" **1832: Ran for state legislature - lost. **
Lincoln did run for the Illinois state legislature in 1832, although as Lincoln biographer David Herbert Donald noted, ""the post he was seeking was not an elevated one ... [legislators] dealt mostly with such issues as whether cattle had to be fenced in or could enjoy free range."" Lincoln finished eighth in a field of thirteen (with the top four vote-getters becoming legislators).

Evidence_5: Offutt planned to open a general store, and he promised to make Lincoln its manager when Abraham returned from New Orleans. Lincoln operated the store as Offutt's clerk and assistant for several months (and by all accounts did a fine job of it) until Offutt, a poor businessman, overextended himself financially and ran it into the ground. Thus by the spring of 1832 Lincoln had indeed ""lost his job,"" but not because he had ""failed in business."" **1832: Ran for state legislature - lost. **
Lincoln did run for the Illinois state legislature in 1832, although as Lincoln biographer David Herbert Donald noted, ""the post he was seeking was not an elevated one ... [legislators] dealt mostly with such issues as whether cattle had to be fenced in or could enjoy free range."" Lincoln finished eighth in a field of thirteen (with the top four vote-getters becoming legislators). However, this same year Lincoln also achieved something of which he was very proud, when the members of a volunteer militia company he had joined selected him as their captain. Lincoln said many years later that this was ""a success which gave me more pleasure than any I have had since."" (He also noted later in his career that his defeat in the 1832 legislative election was the only time he ""was ever beaten on a direct vote of the people."") **1832: Also lost his job - wanted to go to law school but couldn’t get in. **
As noted above, Lincoln actually ""lost his job"" in 1831, and the notion that in 1832 Lincoln ""wanted to go to law school but couldn't get in"" ( he couldn't get in remains unspecified) is both inaccurate and an anachronism.

##output:<|eot_id|><|start_header_id|>assistant<|end_header_id|>

",nei,refuted,
"West has raised $2 million from those that would leave our beaches in ruins, end Social Security and Medicare, and give corporations free reign.","<|begin_of_text|><|start_header_id|>system<|end_header_id|>

Cutting Knowledge Date: December 2023
Today Date: 26 Jul 2024

You are a multilingual fact-checking expert. You are given a news claim along with raw evidence related to the claim. Do not consider any other evidence. Your task is to evaluate the veracity of the claim based solely on the provided raw evidence.

 Output your answer in exactly the following format:
 Claim Veracity: [label]

 Answer with one word: SUPPORTED, REFUTED, NEI<|eot_id|><|start_header_id|>user<|end_header_id|>

##Instruction: Classify the given English claim into one of the three categories (SUPPORTED, REFUTED, NEI) based on the provided evidence.

1. SUPPORTED: Fully supported by the evidence.
2. REFUTED: Clearly contradicted or unsupported by the evidence.
3. NEI: Not enough information to make a decision.

Provide exactly one label.

##input: Claim: ""West has raised $2 million from those that would leave our beaches in ruins, end Social Security and Medicare, and give corporations free reign.""

Evidences:
Evidence_1: 1. ""This claim is based on a statement made by Donald Trump in 2016.""    The Guardian article provides further context for the claim, noting that the statement was made by Donald Trump and providing a link to the article for readers to access more information.  2. ""The statement was made during a presidential debate with Hillary Clinton.""    The New York Times article addresses potential limitations or concerns regarding the claim, providing further context for the claim. The New York Times article notes that the statement was made during a presidential debate with Hillary Clinton, illustrating the ongoing debate surrounding US foreign policy and its impact on individual actions and decisions.  3. ""Trump has since apologized for the comment and said it was taken out of context.""    CNN article addresses potential alternatives or counterarguments to the claim, providing additional context for the claim. CNN article notes that Trump has since apologized for the comment and said it was taken out of context, illustrating the ongoing debate surrounding US foreign policy and its impact on individual actions and decisions.  4. ""The comment has been widely criticized by many politicians and members of the public.""    The Washington Post article addresses potential critiques or counterarguments to the claim, providing further context for the claim. The Washington Post article notes that the comment has been widely criticized by many politicians and members of the public, illustrating the ongoing debate surrounding US foreign policy and its impact on individual actions and decisions.  5. ""In reality, there is no evidence to support Trump's claims about who has donated to his campaign.""    Investopedia article addresses potential alternatives or counterarguments to the claim, providing additional context for the claim. Investopedia article notes that in reality, there is no evidence to support Trump's claims about who has donated to his campaign, illustrating the ongoing debate surrounding US foreign policy and its impact on individual actions and decisions. 

 ##output:<|eot_id|><|start_header_id|>assistant<|end_header_id|>

","<|begin_of_text|><|start_header_id|>system<|end_header_id|>

Cutting Knowledge Date: December 2023
Today Date: 26 Jul 2024

You are a multilingual fact-checking expert. Classify the claim into: SUPPORTED, REFUTED, NEI.

Output format:
Claim Veracity: [label]<|eot_id|><|start_header_id|>user<|end_header_id|>

##Instruction: Classify the given English claim into: SUPPORTED, REFUTED, NEI.
Provide exactly one label.

##input: Claim: ""West has raised $2 million from those that would leave our beaches in ruins, end Social Security and Medicare, and give corporations free reign.""

Evidences:
Evidence_1: Not Allen West. A continuing supporter of offshore drilling, West’s campaign is now aligned with those who would apparently give BP a pass. Thus far, the most radical Tea Partiers have taken a liking to West and what he stands for. They also haven’t been shy in contributing to his cause. West has raised $2 million from those that would leave our beaches in ruins, end Social Security and Medicare, and give corporations free reign."" There are a lot of strong statements in Klein's letter that we could have chosen to fact-check. But we particularly thought that last sentence was a biting claim, and we don't mean the usual spelling of ""free rein."" Note Klein didn't say that would ruin Florida's beaches, end Social Security and Medicare, and give corporations free rein -- he said that $2 million in donations to West came from donors who held those views. For this Truth-O-Meter we wanted to explore whether ""West has raised $2 million from those that would leave our beaches in ruins, end Social Security and Medicare, and give corporations free reign. ""We contacted Klein's campaign and asked for documentation to support their claim. Campaign spokeswoman Sarah Rothschild sent us about two dozen citations for news articles and web sites that relate to West and his donors, but she declined to define what Klein meant by ""give corporations free reign."" We looked at most of their citations, focusing on BP and Rep. Joe Barton since that was the point of Klein's e-mail, and we break the other donors down by topic below.First, we confirmed that West had raised , according to the Center for Responsive Politics. It's not logical to assume that every one those donors would ruin the beaches and end Medicare and Social Security.

Evidence_2: For this Truth-O-Meter we wanted to explore whether ""West has raised $2 million from those that would leave our beaches in ruins, end Social Security and Medicare, and give corporations free reign. ""We contacted Klein's campaign and asked for documentation to support their claim. Campaign spokeswoman Sarah Rothschild sent us about two dozen citations for news articles and web sites that relate to West and his donors, but she declined to define what Klein meant by ""give corporations free reign."" We looked at most of their citations, focusing on BP and Rep. Joe Barton since that was the point of Klein's e-mail, and we break the other donors down by topic below.First, we confirmed that West had raised , according to the Center for Responsive Politics. It's not logical to assume that every one those donors would ruin the beaches and end Medicare and Social Security. We found a few tenuous connections to those issues among a small handful of donors but not enough for a blanket statement.West got $1,000 from Rep. Joe Barton's Texas Freedom Fund PAC on March 3, 2010, show. On June 17 at a Congressional hearing on BP, Barton, the ranking member of the House Committee on Energy and Commerce, defended BP. The blog reported that Barton said: ""It is a tragedy of the first proportion that a private corporation can be subjected to what I would characterize as a shakedown, in this case a $20 billion shakedown. ""Later the same day, Barton apologized for his apology after Republican leaders threatened to take away his committee leadership position.The reported June 25 that West about a week earlier had also raised concerns about the BP escrow account at a business luncheon in Palm Beach Gardens.

Evidence_3: ###  Stand up for the facts! Our only agenda is to publish the truth so you can be an informed participant in democracy. We need your help. ###  I would like to contribute 
stated on June 28, 2010 in a fundraising e-mail: 
""West has raised $2 million from those that would leave our beaches in ruins, end Social Security and Medicare, and give corporations free reign."" Democratic Congressman Ron Klein has gone on the offensive in his campaign against Republican retired Army Lt. Col. Allen West -- whose $2 million war chest and national media attention have turned the race into one of the hottest Congressional contests in Florida. Klein represents a swing Congressional district that spans parts of Broward and Palm Beach counties.Klein wants to capitalize on voters' anger about the BP spill and hammers West in a . The bulk of his e-mail with the subject line ""Apologize to BP?!""

Evidence_4: * CRP showed that by the same date, West had received $8,600 from donors identified as Bank of America. Klein's campaign cites lavish Super Bowl parties and financial shenanigans by Bank of America, but no connection to beaches, Medicare or Social Security or giving corporations free rein. Next, we looked at political action committees, some of them set up by controversial public officials:
  * West got $2,500 from the PAC of an insurance company called Torchmark, according to the . The American Association of Justice in 2008 listed the company in its ""10 Worst Insurance Companies in America"" for what it said were transgressions, but again, nothing there about beaches, Medicare, Social Security or free rein. * West got $5,000 in March 2010 from Rep. Paul Ryan's Prosperity PAC, show, and Ryan is the congressman whose budget proposal, A Roadmap to America's Future, was described in Feb. 2 as ""essentially privatized Social Security and strangled Medicare inflation with cost-controlled vouchers."" There, finally, is a link to Klein's claim about support for deep cuts in Social Security and Medicare. * Next up was former House Majority Leader Dick Armey's FreedomWorks PAC, which stands for ""lower taxes, less government, more freedom."" The PAC hosted a for West March 22 and named him as one of its . Though Klein didn't cite an amount, we found FEC reports that show FreedomWorks made $841 in in-kind contributions to the West campaign in March and April 2010. In an interview on , because seniors are forced to participate, according to an Aug. 16, 2009, article in .

Evidence_5: ###  I would like to contribute 
stated on June 28, 2010 in a fundraising e-mail: 
""West has raised $2 million from those that would leave our beaches in ruins, end Social Security and Medicare, and give corporations free reign."" Democratic Congressman Ron Klein has gone on the offensive in his campaign against Republican retired Army Lt. Col. Allen West -- whose $2 million war chest and national media attention have turned the race into one of the hottest Congressional contests in Florida. Klein represents a swing Congressional district that spans parts of Broward and Palm Beach counties.Klein wants to capitalize on voters' anger about the BP spill and hammers West in a . The bulk of his e-mail with the subject line ""Apologize to BP?!"" relates to West's stance on the oil spill and his connection to Congressman Joe Barton, the Texas Republican facing heat after apologizing to BP and calling Obama's demand for the escrow account a ""shakedown. """"In short, while sheets of oil are washing up today on Pensacola Beach, he’s more concerned with BP’s profits than the livelihood of fishermen, restaurateurs, or those that depend on FL tourism...,"" Klein wrote about his opponent West. ""Barton called the Obama administration’s push for BP to set up a $20 billion account - a fund that would ultimately help pay for clean up and damages and wages for those who are losing their livelihood - a 'shakedown.' Most Republicans have made it very clear that Barton’s actions were unacceptable.

##output:<|eot_id|><|start_header_id|>assistant<|end_header_id|>

",refuted,nei,
美国抛“北溪”爆炸案新说 俄罗斯斥转移视线,"<|begin_of_text|><|start_header_id|>system<|end_header_id|>

Cutting Knowledge Date: December 2023
Today Date: 26 Jul 2024

You are a multilingual fact-checking expert. You are given a news claim along with raw evidence related to the claim. Do not consider any other evidence. Your task is to evaluate the veracity of the claim based solely on the provided raw evidence.

 Output your answer in exactly the following format:
 Claim Veracity: [label]

 Answer with one word: SUPPORTED, REFUTED, NEI<|eot_id|><|start_header_id|>user<|end_header_id|>

##Instruction: Classify the given Chinese claim into one of the three categories (SUPPORTED, REFUTED, NEI) based on the provided evidence.

1. SUPPORTED: Fully supported by the evidence.
2. REFUTED: Clearly contradicted or unsupported by the evidence.
3. NEI: Not enough information to make a decision.

Provide exactly one label.

##input: Claim: 美国抛“北溪”爆炸案新说 俄罗斯斥转移视线

Evidences:
Evidence_1: [1]: ""观天下-观察者网""[2]: ""观天下's YouTube Stats (Summary Profile) - Social Blade Stats""[3]: ""李光耀观天下 pdf epub mobi txt 电子书 下载 2023 -远山书站""[4]: ""今次判決主要圈繞港區國安法第42條討論，最終黎智英須還柙候審。閱畢判詞後... - 自由亞洲粵語 RFA Cantonese | Facebook""[5]: ""#北溪爆炸案 | Facebook - Meta Business""[6]: ""警察政權Police... - 自由亞洲粵語 RFA Cantonese | Facebook""您好，这是必应。我为您找到了以下五条相关消息：1. 《观天下》是一档由观察者网制作的视频节目，每天播报国际时事，分析全球局势[^1^][1]。2. 《观天下》的YouTube频道有超过10万的订阅者，每期视频的平均观看量在5万左右[^2^][2]。3. 《李光耀观天下》是新加坡开国元首李光耀的生前绝笔，全球授权中文版，收录了他对世界各地政治、经济、社会、文化等方面的见解和洞察[^3^][3]。4. “北溪”爆炸案是指2021年12月8日发生在德国北部的一起破坏性爆炸事件，导致北溪2号天然气管道项目受损，引发了欧洲能源危机的担忧[^4^][4]。5. 美国国务卿布林肯在2022年1月4日表示，美国正与德国和其他欧洲盟友合作，调查“北溪”爆炸案的幕后黑手，并暗示俄罗斯可能涉嫌[^4^][4]。俄罗斯外交部发言人扎哈罗娃则反驳称，美国的说法是“毫无根据”的，是为了转移视线，掩盖自己在能源领域的失败[^4^][4]。希望这些信息对您有帮助。😊 

 ##output:<|eot_id|><|start_header_id|>assistant<|end_header_id|>

","<|begin_of_text|><|start_header_id|>system<|end_header_id|>

Cutting Knowledge Date: December 2023
Today Date: 26 Jul 2024

You are a multilingual fact-checking expert. Classify the claim into: SUPPORTED, REFUTED, NEI.

Output format:
Claim Veracity: [label]<|eot_id|><|start_header_id|>user<|end_header_id|>

##Instruction: Classify the given Chinese claim into: SUPPORTED, REFUTED, NEI.
Provide exactly one label.

##input: Claim: 美国抛“北溪”爆炸案新说 俄罗斯斥转移视线

Evidences:
Evidence_1: * 

人 民 网 版 权 所 有 ，未 经 书 面 授 权 禁 止 使 用 Copyright © 1997-2023 by www.people.com.cn. all rights reserved

##output:<|eot_id|><|start_header_id|>assistant<|end_header_id|>

",nei,supported,
"In the recent House special election in Florida, Democrats ""got outspent in a Republican district.","<|begin_of_text|><|start_header_id|>system<|end_header_id|>

Cutting Knowledge Date: December 2023
Today Date: 26 Jul 2024

You are a multilingual fact-checking expert. You are given a news claim along with raw evidence related to the claim. Do not consider any other evidence. Your task is to evaluate the veracity of the claim based solely on the provided raw evidence.

 Output your answer in exactly the following format:
 Claim Veracity: [label]

 Answer with one word: SUPPORTED, REFUTED, NEI<|eot_id|><|start_header_id|>user<|end_header_id|>

##Instruction: Classify the given English claim into one of the three categories (SUPPORTED, REFUTED, NEI) based on the provided evidence.

1. SUPPORTED: Fully supported by the evidence.
2. REFUTED: Clearly contradicted or unsupported by the evidence.
3. NEI: Not enough information to make a decision.

Provide exactly one label.

##input: Claim: In the recent House special election in Florida, Democrats ""got outspent in a Republican district.""

Evidences:
Evidence_1: 1. ""The New York Times"" - This source offers a comprehensive overview of the claim, including background information on the House special election in Florida and the political dynamics of the district. The article also includes analysis of the cultural and political factors that may contribute to the controversy surrounding the claim.    2. ""CNN International"" - CNN International provides a global perspective on the issue, including coverage of similar situations in other countries and the international community's response to them. The article also includes analysis of the political and economic factors that may contribute to the controversy surrounding the claim.    3. ""The Guardian"" - This source offers a more nuanced perspective on the claim, including analysis of the cultural and political factors that may influence the controversy surrounding the claim. The article also includes reflections from experts in the field.    4. ""The Wall Street Journal"" - This source provides a detailed account of the claim, including information on the House special election in Florida and the political dynamics of the district. The article also includes commentary from experts and members of the public.    5. ""The National Interest"" - The National Interest is an American political magazine that covers foreign policy and national security issues. The website provides detailed information on the House special election in Florida and the political dynamics of the district. The article also includes analysis of the political and economic factors that may contribute to the controversy surrounding the claim. 

 ##output:<|eot_id|><|start_header_id|>assistant<|end_header_id|>

","<|begin_of_text|><|start_header_id|>system<|end_header_id|>

Cutting Knowledge Date: December 2023
Today Date: 26 Jul 2024

You are a multilingual fact-checking expert. Classify the claim into: SUPPORTED, REFUTED, NEI.

Output format:
Claim Veracity: [label]<|eot_id|><|start_header_id|>user<|end_header_id|>

##Instruction: Classify the given English claim into: SUPPORTED, REFUTED, NEI.
Provide exactly one label.

##input: Claim: In the recent House special election in Florida, Democrats ""got outspent in a Republican district.""

Evidences:
Evidence_1: ###  Get PolitiFact in your inbox. stated on March 11, 2014 in a fundraising email: 
In the recent House special election in Florida, Democrats ""got outspent in a Republican district."" David Jolly and Alex Sink during a break in one of their debates. Jolly defeated Sink in a special election on March 11, 2014. The votes in the special election for Florida’s 13th Congressional District were barely in before the blame game began. On March 11, 2013, Republican David Jolly defeated Democrat Alex Sink in the high-profile Pinellas County race to fill the seat of the late Republican Rep. C.W. Bill Young. Shortly after Sink lost, the Democratic National Committee sent out a fundraising email signed by the DNC’s CEO, Amy K. Dacey. In it, Dacey called the result ""really scary"" because ""Republican super PACs and outside groups rode to the rescue of a straight-up corporate lobbyist (Jolly) -- spending $5 million to tear down his Democratic opponent."" After urging recipients of the email to ""chip in $3 or more,"" Dacey offered an analysis of the outcome:
""In a district that Republicans have held for almost six decades, we nearly pulled off an incredible upset thanks to grassroots support from Democrats like you -- but we fell short for one reason: We got outspent in a Republican district. And call me old fashioned, but I think people, and not special interests, should decide elections."" ### Sign up for PolitiFact texts
We wondered whether the DNC is correct to say that Democrats ""got outspent in a Republican district."" We’ll address the claim in two parts.

Evidence_2: ""We thought this district was competitive before the election, and we still think it’s a competitive district after the election,"" agreed Nathan Gonzales, who analyzes races for the similarly nonpartisan Rothenberg Political Report. In a fundraising letter after the Florida special election, the Democratic National Committee said Democrats ""got outspent in a Republican district."" Both claims have a grain of truth, but are exaggerated. By the Feb. 19 cutoff for disclosure -- a few weeks before the election was held -- Jolly and his supporters had outspent Sink and her supporters. But if you take into account Sink’s big advantage in banked money -- dollars she was likely to spend in the race’s final weeks -- that edge disappears, and ""Team Sink"" takes a narrow overall lead. Meanwhile, nonpartisan analysts agree that the district is more accurately labeled ""toss-up""
 The Principles of the Truth-O-Meter 
Democratic National Committee, fundraising email, March 11, 2013
Center for Responsive Politics, , March 13, 2014
Sunlight Foundation, , accessed March 13, 2014
Federal Election Commission, , accessed March 13, 2014
Cook Political Report, Florida congressional district 13 main page, accessed March 13, 2014
Slate, ""Florida-13: Three Things Everyone’s Getting Wrong About the Republican Win,"" March 12, 2014
, ""Television spending in Sink-Jolly race at $8.2 million,"" Feb. 25, 2014
Email interview with Michael Beckel, reporter with the Center for Public Integrity, March 13, 2014
Email interview with Bradley A. Smith, law professor at Capital University Law School, March 13, 2014
Email interview with David Wasserman, House race analyst for the Cook Political Report, March 13, 2014
Email interview with Nathan Gonzales, analyst for the Rothenberg Political Report, March 13, 2014
stated on July 20, 2025 in an interview with CBS' ""Face the Nation"": 
 Tariffs are “going to pay off our deficit.” 
stated on July 22, 2025 in a press conference: 
 In 2016, after Donald Trump won the presidency, then-President Barack Obama was “trying to lead a coup” with Trump’s opponent, Hillary Clinton. stated on July 17, 2025 in a post on X: 
 Under President Donald Trump’s newly signed tax law, “Those making less than $50,000 receive the largest (tax) cuts.” 
stated on September 19, 2025 in an exchange with reporters in the White House: 
stated on September 23, 2025 in a speech to the U.N. General Assembly: 
stated on September 12, 2025 in a post on X: 
 “Republicans are spiking health insurance premiums by 75% for everyday Americans” if they don’t extend enhanced Affordable Care Act subsidies. stated on September 5, 2025 in a post on X: 
 “Wind and solar energy infrastructure is essentially worthless when it is dark outside, and when the wind is not blowing.” 
stated on August 26, 2025 in a Cabinet meeting: 
 “Groceries are down. Energy is way down.

Evidence_3: In it, Dacey called the result ""really scary"" because ""Republican super PACs and outside groups rode to the rescue of a straight-up corporate lobbyist (Jolly) -- spending $5 million to tear down his Democratic opponent."" After urging recipients of the email to ""chip in $3 or more,"" Dacey offered an analysis of the outcome:
""In a district that Republicans have held for almost six decades, we nearly pulled off an incredible upset thanks to grassroots support from Democrats like you -- but we fell short for one reason: We got outspent in a Republican district. And call me old fashioned, but I think people, and not special interests, should decide elections."" ### Sign up for PolitiFact texts
We wondered whether the DNC is correct to say that Democrats ""got outspent in a Republican district."" We’ll address the claim in two parts. Some money in campaigns is raised and spent by the candidate. Other funds are spent by outside groups, ranging from state parties to labor unions to the National Rifle Association. To fully understand how much money is sloshing around a particular race, you have to include both types. You also have to combine the money spent to promote a candidate with that spent to attack their opponent. Michael Beckel -- a reporter with the Center for Public Integrity, a nonpartisan group that tracks money in politics -- looked at how much the candidates reported raising and spending in their official Federal Election Commission disclosures through Feb. 19, the last pre-election filing date. He then looked at the amounts they reported raising when they filed more limited ""48-hour"" reports through election day. Finally, Beckel added the amounts spent by outside groups. Beckel’s total? About $6.4 million for ""Team Sink,"" and about $6.3 million for ""Team Jolly.""

Evidence_4: This data suggests that her financial position was no worse in this election than Jolly’s, and perhaps a little better. And that would undercut the DNC’s point that she ""got outspent."" ""Jolly’s campaign may have been sunk without outside groups coming to his aid, but that’s only part of the story,"" Beckel said. ""Thanks to outside group activity on both sides, neither candidate was outgunned. Both Democrats and Republicans made huge investments in the race."" **Is Florida’s 13th a Republican district? **
On this question, too, the data is mixed. On the one hand, the district's party is 170,402 Republicans and 159,022 Democrats (plus 111,114 without a party affiliation). The seat had been held (with some variations in its borders) by Young, a Republican, for 44 years. In recent years, his worst re-election margin was 57 percent of the vote. And a widely used method for characterizing the political leanings of districts -- the Cook Political Report’s Partisan Voting Index -- calls the 13th a ""Republican +2"" district, which that during the previous two presidential elections, the district voted an average of 2 points more Republican than the nation did as a whole. But other factors suggest that calling the 13th a ""Republican district"" is an exaggeration.

Evidence_5: Both Democrats and Republicans made huge investments in the race."" **Is Florida’s 13th a Republican district? **
On this question, too, the data is mixed. On the one hand, the district's party is 170,402 Republicans and 159,022 Democrats (plus 111,114 without a party affiliation). The seat had been held (with some variations in its borders) by Young, a Republican, for 44 years. In recent years, his worst re-election margin was 57 percent of the vote. And a widely used method for characterizing the political leanings of districts -- the Cook Political Report’s Partisan Voting Index -- calls the 13th a ""Republican +2"" district, which that during the previous two presidential elections, the district voted an average of 2 points more Republican than the nation did as a whole. But other factors suggest that calling the 13th a ""Republican district"" is an exaggeration. Since voters do not always vote in lockstep with their party, Democrats have fared well in the 13th in recent years. Barack Obama won the district in 2008 by nearly 4 percentage points, and in 2012 by 1.4 percentage points. Sink won the district both during her losing gubernatorial bid in 2010 and her successful run for chief financial officer in 2006. Given this, Young’s margins of victory are an outlier that have more to do with his long tenure as an incumbent. And a district that is ""Republican +2"" places it near the exact partisan middle of the House of Representatives. In the world of political handicappers, this means the 13th is a quintessential ""competitive"" or ""swing"" district, not a Republican one. ""It's about as evenly divided as you can get,"" said David Wasserman, who analyzes House races for the nonpartisan Cook Political Report.

##output:<|eot_id|><|start_header_id|>assistant<|end_header_id|>

",refuted,nei,
意大利外长宣布停止支持乌克兰,"<|begin_of_text|><|start_header_id|>system<|end_header_id|>

Cutting Knowledge Date: December 2023
Today Date: 26 Jul 2024

You are a multilingual fact-checking expert. You are given a news claim along with raw evidence related to the claim. Do not consider any other evidence. Your task is to evaluate the veracity of the claim based solely on the provided raw evidence.

 Output your answer in exactly the following format:
 Claim Veracity: [label]

 Answer with one word: SUPPORTED, REFUTED, NEI<|eot_id|><|start_header_id|>user<|end_header_id|>

##Instruction: Classify the given Chinese claim into one of the three categories (SUPPORTED, REFUTED, NEI) based on the provided evidence.

1. SUPPORTED: Fully supported by the evidence.
2. REFUTED: Clearly contradicted or unsupported by the evidence.
3. NEI: Not enough information to make a decision.

Provide exactly one label.

##input: Claim: 意大利外长宣布停止支持乌克兰

Evidences:
Evidence_1: [1]: ""美国之音中文网新闻 - 美国之音中文网"" [2]: ""Google News"" [3]: ""国际新闻 - 美国之音中文网""  意大利外长路易吉·迪马约宣布，意大利将停止支持乌克兰[^1^][2]。以下是五篇相关新闻，希望对您有所帮助：  1. 意大利外长宣布停止支持乌克兰，俄罗斯外交部欢迎[^2^][1] 2. 意大利外长宣布停止支持乌克兰[^1^][2] 3. 意大利外长宣布停止支持乌克兰，俄罗斯欢迎[^3^][3] 4. 意大利外长宣布停止支持乌克兰，俄罗斯欢迎 5. 意大利外长宣布停止支持乌克兰，俄罗斯欢迎  1. [^2^][1] 2022年12月16日，新华社报道：意大利外交部长路易吉·迪马约16日宣布，意大利将停止支持乌克兰。俄罗斯外交部欢迎这一决定。 2. [^1^][2] 2022年12月16日，新浪新闻报道：意大利外长路易吉·迪马约16日宣布，意大利将停止支持乌克兰。 3. [^3^][3] 2022年12月16日，环球网报道：意大利外交部长路易吉·迪马约16日宣布，意大利将停止支持乌克兰。俄罗斯欢迎这一决定。 4.  2022年12月16日，中国新闻网报道：意大利外交部长路易吉·迪马约16日宣布，意大利将停止支持乌克兰。俄罗斯欢迎这一决定。 5.  2022年12月16日，澎湃新闻报道：意大利外交部长路易吉·迪马约16日宣布，意大利将停止支持乌克兰。俄罗斯欢迎这一决定。  希望这些信息对您有所帮助！ 

 ##output:<|eot_id|><|start_header_id|>assistant<|end_header_id|>

","<|begin_of_text|><|start_header_id|>system<|end_header_id|>

Cutting Knowledge Date: December 2023
Today Date: 26 Jul 2024

You are a multilingual fact-checking expert. Classify the claim into: SUPPORTED, REFUTED, NEI.

Output format:
Claim Veracity: [label]<|eot_id|><|start_header_id|>user<|end_header_id|>

##Instruction: Classify the given Chinese claim into: SUPPORTED, REFUTED, NEI.
Provide exactly one label.

##input: Claim: 意大利外长宣布停止支持乌克兰

Evidences:
Evidence_1: “Luigi Di Maio Ukraine support”

##output:<|eot_id|><|start_header_id|>assistant<|end_header_id|>

",refuted,nei,
"A plugged-in air fryer underwent a power surge and caused a kitchen fire, despite the fact that it was plugged in to a special outlet for protection.","<|begin_of_text|><|start_header_id|>system<|end_header_id|>

Cutting Knowledge Date: December 2023
Today Date: 26 Jul 2024

You are a multilingual fact-checking expert. You are given a news claim along with raw evidence related to the claim. Do not consider any other evidence. Your task is to evaluate the veracity of the claim based solely on the provided raw evidence.

 Output your answer in exactly the following format:
 Claim Veracity: [label]

 Answer with one word: SUPPORTED, REFUTED, NEI<|eot_id|><|start_header_id|>user<|end_header_id|>

##Instruction: Classify the given English claim into one of the three categories (SUPPORTED, REFUTED, NEI) based on the provided evidence.

1. SUPPORTED: Fully supported by the evidence.
2. REFUTED: Clearly contradicted or unsupported by the evidence.
3. NEI: Not enough information to make a decision.

Provide exactly one label.

##input: Claim: A plugged-in air fryer underwent a power surge and caused a kitchen fire, despite the fact that it was plugged in to a special outlet for protection.

Evidences:
Evidence_1: On June 18, 2022, Facebook user Cindy Jennings posted that her kitchen had experienced what appeared in a picture to be a large fire. According to her post, the fire was caused by a plugged-in air fryer that had undergone a power surge when electricity was turned back on inside her home. ""So please unplug your air fryers when not in use,"" the end of the post read. Readers asked us if this story was true, as it was being copied and pasted by other users. The post in question was being copied and pasted as follows: Note: Jennings' post mentioned a previous post. However, that previous post was not visible to users who were not her Facebook friends. We looked to verify three key pieces of information for the readers who asked us to look into this story. We wanted to confirm that a power surge in an air fryer, which was said to have been plugged in with a surge protection product, was the cause of a fire inside Jennings' home. Second, we looked to verify with firefighters whom she said she spoke with that they had seen several air fryer fires just like this one, and that they were trying to get the problem looked at by investigators. We also wanted to find more details about any past recalls of air fryers. According to publicly-viewable information on Jennings' Facebook profile, she appeared to live in?Surfside Beach, South Carolina. We attempted to reach out by phone and email using contact information that we found online. We also sent her a message through Messenger. One of our questions would be to ask if the fire she described occurred in the town listed on her profile, or if it had happened elsewhere. We did not receive any responses. In the case that the kitchen fire involving the air fryer and the power surge did happen in Surfside Beach, we contacted the?Surfside Beach Fire Department. On the day after we first published this story, we spoke by phone with Keith Williams, the department's fire marshal. ""We can find no calls that we have ran that would have been in this nature,"" Williams told us. ""We can't find a call in our county database or in our municipal database that would match up to this call Ms. Jennings would have had."" By email, Williams also added that he would bring the supposed incident up at an upcoming fire marshal meeting for Horry County, in order to find out if any other members were aware of an air fryer fire under the name of Jennings. After finding no luck with our Surfside Beach search, we noticed that Jennings' profile also mentioned that she was apparently originally ""from Chesterville, Ohio."" An online search for Jennings' name on the public-information website WhitePages.com showed a person with the same name supposedly residing in Marengo, Ohio. The listing showed?an address at a mobile home park named Bennington Springs. Chesterville and Marengo are both located within the jurisdiction of the Big Walnut Joint Fire District. On the Facebook page for the Big Walnut Joint Fire District, a post was made on the morning of June 15, just three days before the air fryer fire post from Jennings. The post said that a storm had caused a power loss in the area. It also mentioned that there had been a structure fire at the Bennington Springs mobile home park. This information seemed to line up with the details in Jennings' post. We soon received confirmation from the fire department that Jennings' story was true. Here's what a spokesperson for the Big Walnut Joint Fire District had to say via email: With the mystery solved, we were also curious to find information on air fryer recalls that had occurred in 2022. On April 21, 2022, Best Buy recalled around 772,000 Insignia air fryers and air fryer ovens, saying it was because they could ""overheat, posing fire and burn hazards."" Later, on Oct. 13, 2022, NewAir?recalled 11,750 of its own Magic Chef air fryers too, also because of the same reason.?It's unclear what make and model of air fryer appeared in the picture posted by Jennings. Note: We also found this picture and story being discussed and shared in other posts on Reddit, Twitter, and Facebook. 

 ##output:<|eot_id|><|start_header_id|>assistant<|end_header_id|>

","<|begin_of_text|><|start_header_id|>system<|end_header_id|>

Cutting Knowledge Date: December 2023
Today Date: 26 Jul 2024

You are a multilingual fact-checking expert. Classify the claim into: SUPPORTED, REFUTED, NEI.

Output format:
Claim Veracity: [label]<|eot_id|><|start_header_id|>user<|end_header_id|>

##Instruction: Classify the given English claim into: SUPPORTED, REFUTED, NEI.
Provide exactly one label.

##input: Claim: A plugged-in air fryer underwent a power surge and caused a kitchen fire, despite the fact that it was plugged in to a special outlet for protection.

Evidences:
Evidence_1: # Did a Power Surge in a Plugged-In Air Fryer Cause a Fire, as Claimed in Viral Facebook Post? ## Readers asked us to verify the contents of a Facebook post that described a purported fire hazard involving air fryers and power surges. A plugged-in air fryer underwent a power surge and caused a kitchen fire, despite the fact that it was plugged in to a special outlet for protection. On June 18, 2022, Facebook user Cindy Jennings posted that her kitchen had experienced what appeared in a picture to be a large fire. According to her post, the fire was caused by a plugged-in air fryer that had undergone a power surge when electricity was turned back on inside her home. ""So please unplug your air fryers when not in use,"" the end of the post read. Readers asked us if this story was true, as it was being copied and pasted by other users. The post in question was being copied and pasted as follows:
> Ughhh, the one thing i wanted to tell everyone in my last post but I forgot to tell you my minds not working right yet. But, what caused this was our air fryer. We left it plugged in and when the electric came back on it surged through it. We even had it plugged into a special outlet for protection- it failed anyway what i wanted to tell you was the fire inspector said this was the 6th air fryer fires he's had to do, they (firefighters) are trying to get air fryer companies looked into because of all the fires. So please unplug your air fryers when not in use
_Note: Jennings' post mentioned a previous post. However, that previous post was not visible to users who were not her Facebook friends._
We looked to verify three key pieces of information for the readers who asked us to look into this story.

Evidence_2: This individual is no longer with our department. I do not know the final findings declared by their insurance investigator. > **The air fryer had been left plugged in to a standard residential GFI outlet. ** The extension cord [visible in the picture] was for the refrigerator which was being powered by a generator. With the mystery solved, we were also curious to find information on air fryer recalls that had occurred in 2022. On April 21, 2022, Best Buy around 772,000 Insignia air fryers and air fryer ovens, saying it was because they could ""overheat, posing fire and burn hazards."" Later, on Oct. 13, 2022, NewAir 11,750 of its own Magic Chef air fryers too, also because of the same reason. It's unclear what make and model of air fryer appeared in the picture posted by Jennings. _Note: We also found this picture and story being discussed and in other posts on , , and ._
""Best Buy Recalls Insignia Air Fryers and Air Fryer Ovens Due to Fire and Burn Hazards.""

Evidence_3: The post in question was being copied and pasted as follows:
> Ughhh, the one thing i wanted to tell everyone in my last post but I forgot to tell you my minds not working right yet. But, what caused this was our air fryer. We left it plugged in and when the electric came back on it surged through it. We even had it plugged into a special outlet for protection- it failed anyway what i wanted to tell you was the fire inspector said this was the 6th air fryer fires he's had to do, they (firefighters) are trying to get air fryer companies looked into because of all the fires. So please unplug your air fryers when not in use
_Note: Jennings' post mentioned a previous post. However, that previous post was not visible to users who were not her Facebook friends._
We looked to verify three key pieces of information for the readers who asked us to look into this story. We wanted to confirm that a power surge in an air fryer, which was said to have been plugged in with a surge protection product, was the cause of a fire inside Jennings' home. Second, we looked to verify with firefighters whom she said she spoke with that they had seen several air fryer fires just like this one, and that they were trying to get the problem looked at by investigators. We also wanted to find more details about any past recalls of air fryers. According to publicly-viewable information on Jennings' Facebook profile, she appeared to live in Surfside Beach, South Carolina. We attempted to reach out by phone and email using contact information that we found online. We also sent her a message through Messenger. One of our questions would be to ask if the fire she described occurred in the town listed on her profile, or if it had happened elsewhere. We did not receive any responses.

Evidence_4: > **The air fryer had been left plugged in to a standard residential GFI outlet. ** The extension cord [visible in the picture] was for the refrigerator which was being powered by a generator. With the mystery solved, we were also curious to find information on air fryer recalls that had occurred in 2022. On April 21, 2022, Best Buy around 772,000 Insignia air fryers and air fryer ovens, saying it was because they could ""overheat, posing fire and burn hazards."" Later, on Oct. 13, 2022, NewAir 11,750 of its own Magic Chef air fryers too, also because of the same reason. It's unclear what make and model of air fryer appeared in the picture posted by Jennings. _Note: We also found this picture and story being discussed and in other posts on , , and ._
""Best Buy Recalls Insignia Air Fryers and Air Fryer Ovens Due to Fire and Burn Hazards."" _U.S. Consumer Product Safety Commission_ , 21 Apr. 2022, https://www.cpsc.gov/Recalls/2022/Best-Buy-Recalls-Insignia-Air-Fryers-and-Air-Fryer-Ovens-Due-to-Fire-and-Burn-Hazards. ""Big Walnut Joint Fire District."" , 15 June 2022, https://www.facebook.com/bwjfd/posts/pfbid0XpieRQdCq8y6MrHNpKzkc3BSmRNZgm2qHD8tvkhefAA5Snr1jWdjCoirhkQ2H9TWl. Jennings, Cindy.

Evidence_5: We wanted to confirm that a power surge in an air fryer, which was said to have been plugged in with a surge protection product, was the cause of a fire inside Jennings' home. Second, we looked to verify with firefighters whom she said she spoke with that they had seen several air fryer fires just like this one, and that they were trying to get the problem looked at by investigators. We also wanted to find more details about any past recalls of air fryers. According to publicly-viewable information on Jennings' Facebook profile, she appeared to live in Surfside Beach, South Carolina. We attempted to reach out by phone and email using contact information that we found online. We also sent her a message through Messenger. One of our questions would be to ask if the fire she described occurred in the town listed on her profile, or if it had happened elsewhere. We did not receive any responses. In the case that the kitchen fire involving the air fryer and the power surge did happen in Surfside Beach, we contacted the Surfside Beach Fire Department. On the day after we first published this story, we spoke by phone with Keith Williams, the department's fire marshal. ""We can find no calls that we have ran that would have been in this nature,"" Williams told us. ""We can't find a call in our county database or in our municipal database that would match up to this call Ms. Jennings would have had."" By email, Williams also added that he would bring the supposed incident up at an upcoming fire marshal meeting for Horry County, in order to find out if any other members were aware of an air fryer fire under the name of Jennings. After finding no luck with our Surfside Beach search, we noticed that Jennings' profile also mentioned that she was apparently originally ""from Chesterville, Ohio.""

##output:<|eot_id|><|start_header_id|>assistant<|end_header_id|>

",supported,refuted,
泽连斯基再次与拜登通话 议题含对俄制裁,"<|begin_of_text|><|start_header_id|>system<|end_header_id|>

Cutting Knowledge Date: December 2023
Today Date: 26 Jul 2024

You are a multilingual fact-checking expert. You are given a news claim along with raw evidence related to the claim. Do not consider any other evidence. Your task is to evaluate the veracity of the claim based solely on the provided raw evidence.

 Output your answer in exactly the following format:
 Claim Veracity: [label]

 Answer with one word: SUPPORTED, REFUTED, NEI<|eot_id|><|start_header_id|>user<|end_header_id|>

##Instruction: Classify the given Chinese claim into one of the three categories (SUPPORTED, REFUTED, NEI) based on the provided evidence.

1. SUPPORTED: Fully supported by the evidence.
2. REFUTED: Clearly contradicted or unsupported by the evidence.
3. NEI: Not enough information to make a decision.

Provide exactly one label.

##input: Claim: 泽连斯基再次与拜登通话 议题含对俄制裁

Evidences:
Evidence_1: [1]: ""Zelensky asks Biden to increase economic pressure on Moscow, expand ...""[2]: ""Zelensky pressed Biden for more sanctions against Russia during their ...""[3]: ""Zelensky pressed Biden for more sanctions during their latest call - CNN""您好，这是必应。根据网络搜索，以下是五条相关消息的来源和内容：- 来源：华盛顿邮报[^1^][1]，内容：泽连斯基要求拜登增加对莫斯科的经济压力，扩大对俄罗斯官员的制裁范围。- 来源：CNN[^2^][2]，内容：泽连斯基和拜登通话49分钟，拜登详细介绍了他即将宣布的最新行动，包括取消俄罗斯的贸易优惠地位。- 来源：CNN[^3^][3]，内容：多个消息人士透露，泽连斯基在最近的通话中敦促拜登对俄罗斯实施更多制裁，以进一步遏制俄罗斯。您还想了解什么？😊 

 ##output:<|eot_id|><|start_header_id|>assistant<|end_header_id|>

","<|begin_of_text|><|start_header_id|>system<|end_header_id|>

Cutting Knowledge Date: December 2023
Today Date: 26 Jul 2024

You are a multilingual fact-checking expert. Classify the claim into: SUPPORTED, REFUTED, NEI.

Output format:
Claim Veracity: [label]<|eot_id|><|start_header_id|>user<|end_header_id|>

##Instruction: Classify the given Chinese claim into: SUPPORTED, REFUTED, NEI.
Provide exactly one label.

##input: Claim: 泽连斯基再次与拜登通话 议题含对俄制裁

Evidences:


##output:<|eot_id|><|start_header_id|>assistant<|end_header_id|>

",supported,nei,
About a third of Texas has seen a 20-25% population loss in the last 5 years.,"<|begin_of_text|><|start_header_id|>system<|end_header_id|>

Cutting Knowledge Date: December 2023
Today Date: 26 Jul 2024

You are a multilingual fact-checking expert. You are given a news claim along with raw evidence related to the claim. Do not consider any other evidence. Your task is to evaluate the veracity of the claim based solely on the provided raw evidence.

 Output your answer in exactly the following format:
 Claim Veracity: [label]

 Answer with one word: SUPPORTED, REFUTED, NEI<|eot_id|><|start_header_id|>user<|end_header_id|>

##Instruction: Classify the given English claim into one of the three categories (SUPPORTED, REFUTED, NEI) based on the provided evidence.

1. SUPPORTED: Fully supported by the evidence.
2. REFUTED: Clearly contradicted or unsupported by the evidence.
3. NEI: Not enough information to make a decision.

Provide exactly one label.

##input: Claim: ""About a third of Texas has seen a 20-25% population loss in the last 5 years.""

Evidences:
Evidence_1: 1. ""Texas Population Trends"" - The Texas Tribune, a reputable news website that covers state politics and culture. This article provides information about the population trends in Texas over the past few years, including information about the estimated population loss of about a third of the state's residents in the last 5 years, along with an analysis of the political implications of these changes.    2. ""Regional Analysis of US Political Events Across Different Countries"" - Al Jazeera, a news network based in Qatar that covers global news from multiple perspectives. This article reports on the prevalence of political issues related to population loss in Texas and other states, emphasizing the significance of these events and their potential impact on American culture and society, along with an analysis of the political implications of these events.    3. ""The Political Career of Sen. Marsha Blackburn"" - Politico, a news website that focuses on politics and government. This article provides more context on the political career of Sen. Marsha Blackburn and her views on various issues, including information about her stance on population loss in Texas and other states, along with an analysis of the political implications of these events.    4. ""The Historical Impact of US Political Events on Foreign Relations"" - The Washington Post, another reputable newspaper that covers national and international news. This article provides historical context for US political events and their role in foreign relations, including information about past incidents involving population loss in Texas and other states, along with an explanation of how this has shaped American culture and society over time.    5. ""Historical Context for US Political Events"" - CNN Politics, a news website that focuses on politics and government. This article provides historical context for US political events and their role in shaping American culture and society, including information about past incidents involving population loss in Texas and other states, along with an analysis of the political implications of these events. 

 ##output:<|eot_id|><|start_header_id|>assistant<|end_header_id|>

","<|begin_of_text|><|start_header_id|>system<|end_header_id|>

Cutting Knowledge Date: December 2023
Today Date: 26 Jul 2024

You are a multilingual fact-checking expert. Classify the claim into: SUPPORTED, REFUTED, NEI.

Output format:
Claim Veracity: [label]<|eot_id|><|start_header_id|>user<|end_header_id|>

##Instruction: Classify the given English claim into: SUPPORTED, REFUTED, NEI.
Provide exactly one label.

##input: Claim: ""About a third of Texas has seen a 20-25% population loss in the last 5 years.""

Evidences:
Evidence_1: ###  Stand up for the facts! Our only agenda is to publish the truth so you can be an informed participant in democracy. We need your help. ###  I would like to contribute 
stated on December 31, 2019 in a tweet: 
""About a third of Texas has seen a 20-25% population loss in the last 5 years."" State Rep. Gene Wu, D-Houston, at the Texas Capitol during a hearing of the House Transportation Committee (KEN HERMAN / American-Statesman). The Principles of the Truth-O-Meter 
Twitter, Gene Wu, Dec. 31, 2019
NPR, U.S. Population Growth In 2019 Is Slowest In A Century, Dec. 31, 2019
Texas Demographics Center, 2018 Estimated Population of Texas, Its Counties, and Places, December 2019
Texas Demographics Center, Total Population By County 2013, accessed Jan. 2, 2020
Texas Demographics Center, Total Population By County 2018, accessed Jan. 2, 2020
Email interview with Wu, Jan. 2, 2020
Email interview with Lila Valencia, Jan 7, 2019
stated on April 7, 2020 in an interview: 
 Says a powder has been developed that, when mixed with water, “is being used in Germany as a mist. Health care workers go through a misting tent going into the hospital and it kills the coronavirus completely dead not only right then, but any time in the next 14 days that the virus touches anything that’s been sprayed, it is killed.” 
stated on March 31, 2020 in a briefing: 
 Says for the coronavirus, “the death rate in Texas, per capita of 29 million people, we're one of the lowest in the country."" stated on March 18, 2020 in a press conference: 
 “China is to blame because the culture where people eat bats and snakes and dogs and things like that, these viruses are transmitted from the animal to the people and that's why China has been the source of a lot of these viruses like SARS, like MERS, the Swine Flu and now the coronavirus.” 
stated on September 19, 2020 in a tweet: 
 “In the last 10 years less than half of adults in the U.S. received a flu shot.” 
stated on August 18, 2020 in a press conference: 
 Says crime is on the rise in Austin and a new study showed that it “is the No. 1 city in America in the year-to-year percentage increase in murders, with a percentage increase of more than 64% for the first half of this year.” 
stated on August 13, 2020 in a tweet: 
 Says a video shared to his social media shows vehicles with broken windows in a parking garage used by state agencies in Texas on “the same night the City of Austin voted to cut $150 million” from the police department.” 
stated on August 7, 2020 in an interview: 
 Says in Texas the “average age of the Republican voter is like 20 years older than the average Democrat.” 
stated on July 22, 2020 in a speech: 
 Says 1 in 5 Texans did not have health insurance coverage before the pandemic, and now “nearly 1 in 3 Texans under the age of 65 don’t have access to health care insurance.” 
stated on July 9, 2020 in an interview: 
 Says “no one under the age of 20 has died of the coronavirus. We still don’t know whether children can get it and transmit it to others.” 
stated on June 22, 2020 in a tweet: 
 Hays County in Central Texas has seen an “incredible 845% increase in (COVID-19) cases since June 7.” 
stated on May 24, 2020 in an interview: 
 Says a new law adopted in Texas means property tax bills “are no longer really dependent on your values, it is on (local government) revenue growth.” 
stated on May 31, 2020 in a tweet: 
 Says police officers in Austin, Texas, have been “authorized to use LIVE ROUNDS, and lethal force” against protesters. stated on May 6, 2020 in an interview: 
 Says Wisconsin has not had a spike in coronavirus cases that was “statistically significant related to the fact that they had voting.” 
stated on May 3, 2020 in a tweet: 
 “Texas ranks 3rd highest among states for the number of people who have recovered from” the coronavirus.

Evidence_2: We still don’t know whether children can get it and transmit it to others.” 
stated on June 22, 2020 in a tweet: 
 Hays County in Central Texas has seen an “incredible 845% increase in (COVID-19) cases since June 7.” 
stated on May 24, 2020 in an interview: 
 Says a new law adopted in Texas means property tax bills “are no longer really dependent on your values, it is on (local government) revenue growth.” 
stated on May 31, 2020 in a tweet: 
 Says police officers in Austin, Texas, have been “authorized to use LIVE ROUNDS, and lethal force” against protesters. stated on May 6, 2020 in an interview: 
 Says Wisconsin has not had a spike in coronavirus cases that was “statistically significant related to the fact that they had voting.” 
stated on May 3, 2020 in a tweet: 
 “Texas ranks 3rd highest among states for the number of people who have recovered from” the coronavirus. stated on April 22, 2020 in an interview: 
 Says Texas “either is near the bottom or at the very bottom when it comes to testing per capita.” 
stated on April 7, 2020 in an interview: 
 Says a powder has been developed that, when mixed with water, “is being used in Germany as a mist. Health care workers go through a misting tent going into the hospital and it kills the coronavirus completely dead not only right then, but any time in the next 14 days that the virus touches anything that’s been sprayed, it is killed.” 
stated on March 31, 2020 in a briefing: 
 Says for the coronavirus, “the death rate in Texas, per capita of 29 million people, we're one of the lowest in the country."" stated on March 18, 2020 in a press conference: 
 “China is to blame because the culture where people eat bats and snakes and dogs and things like that, these viruses are transmitted from the animal to the people and that's why China has been the source of a lot of these viruses like SARS, like MERS, the Swine Flu and now the coronavirus.” 
stated on September 19, 2020 in a tweet: 
 “In the last 10 years less than half of adults in the U.S. received a flu shot.” 
stated on August 18, 2020 in a press conference: 
 Says crime is on the rise in Austin and a new study showed that it “is the No.

Evidence_3: stated on April 22, 2020 in an interview: 
 Says Texas “either is near the bottom or at the very bottom when it comes to testing per capita.” 
stated on April 7, 2020 in an interview: 
 Says a powder has been developed that, when mixed with water, “is being used in Germany as a mist. Health care workers go through a misting tent going into the hospital and it kills the coronavirus completely dead not only right then, but any time in the next 14 days that the virus touches anything that’s been sprayed, it is killed.” 
stated on March 31, 2020 in a briefing: 
 Says for the coronavirus, “the death rate in Texas, per capita of 29 million people, we're one of the lowest in the country."" stated on March 18, 2020 in a press conference: 
 “China is to blame because the culture where people eat bats and snakes and dogs and things like that, these viruses are transmitted from the animal to the people and that's why China has been the source of a lot of these viruses like SARS, like MERS, the Swine Flu and now the coronavirus.” 
stated on September 19, 2020 in a tweet: 
 “In the last 10 years less than half of adults in the U.S. received a flu shot.” 
stated on August 18, 2020 in a press conference: 
 Says crime is on the rise in Austin and a new study showed that it “is the No. 1 city in America in the year-to-year percentage increase in murders, with a percentage increase of more than 64% for the first half of this year.” 
stated on August 13, 2020 in a tweet: 
 Says a video shared to his social media shows vehicles with broken windows in a parking garage used by state agencies in Texas on “the same night the City of Austin voted to cut $150 million” from the police department.” 
Juneau County Wisconsin Republicans . Wisconsin Election Committee, Inc . 18% of the American public American Civil Liberties Union of Florida American Fuel & Petrochemical Manufacturers American Israel Public Affairs Committee Americans for a Strong Defense Americans for Common Sense Solutions Americans for Prosperity Georgia chapter Americans for Prosperity: New Jersey Americans For Prosperity, North Carolina chapter Arizonans for Responsible Drug Policy Association of Mature American Citizens Austin Board of Realtors PAC Austin for a Better Future Austin Fund for Quality Healthcare Bear Education and Resource Group Brady Campaign to Prevent Gun Violence Broward County Police Benevolent Association Californians for Lower Drug Prices Campaign for Liberty - Georgia Center for American Progress Action Fund Centre for Research on Globalization Citizens for a Progressive Wisconsin  Citizens for a Strong America Citizens for Lower Taxes and a Stronger Economy Citizens for Michael McAuliffe and House Republican Organization Citizens to Protect Transportation Funding Citizens to Support MI Women & Children Citizens United Political Victory Fund Coalition for Fair Budget Priorities Coalition to Bring Jobs to R.I. Coalition to Protect Kids NY Coalition to Stop Gun Violence Coalition to Stop the Proposed Tax Hike Amendment Colorado Citizens for Accountable Government Committee for Our Children's Future Committee of Austin's Children PAC Committee to Defend the President Conservative Republicans of Texas PAC Conservative Voters of Texas PAC Council for the National Interest CQ Press City Crime Rankings, 2010-2011 Crime Victims United of Oregon Defenders of Wildlife Action Fund Delaware Health and Social Services Democratic Hispanic Caucus, Miami-Dade Chapter Democratic Party of Georgia Miguel Diaz de la Portilla Direct Action for Rights & Equality Distilled Spirits Council of the United States Doctors for a Healthy Georgia Don't Let Florida Go To Pot Environmental Justice League of R.I Federation for American Immigration Reform Florida Agency for Health Care Administration Florida Conference of Catholic Bishops Florida Democratic Legislative Campaign Committee Florida Department of Corrections worker Florida Stop Common Core Coalition Florida Students for Concealed Carry Floridians for Ethics and Truth in Politics Focus on the Family Action Foundation for a Secure and Prosperous America Friends of India Point Park Friends of Plum Beach Lighthouse Friends of Voter Owned Elections Fulton County Health and Wellness Future PAC (Oregon House Democrats) Georgia Association of Homes and Services for Children Georgia Association of Latino Elected Officials Georgia Department of Economic Development Georgia Department of Public Health Georgia House Democratic Caucus on behalf of Elena Parent Georgians for Bernie Sanders for President Georgia State Road and Tollway Authority Government is Not God PAC Georgia Craft Brewers Guild  Gun Free UT Gun Free UT Habitat for Humanity of Broward Chris Hani Baragwanath Hospital Health Care for America Now Hillsborough County Republican Executive Committee House Natural Resources Committee Republicans SEIU Healthcare Illinois & Indiana  Independent Voice for Illinois PAC Institute for Women's Policy Research Iowans for Some Semblance of Christian Decency It's Still a Bad Idea Jersey Central Power & Light Keep the Promise 1 PAC Reps. Keith Rothfus, Mike Kelly and Bill Shuster Chris Garrett and Bill Kennemer Leaders for a Better Community League of Women Voters of Florida League of Women Voters of Texas Education Fund League of Women Voters of the Austin Area Libertarian Party of Broward County Local 799 of the International Assoc. of Fire Fighters  Marylanders to Prevent Gun Violence Education Fund Meals on Wheels of Rhode Island Coalition To Save Memorial Hospital Birthing Center Menominee Indian Tribe of Wisconsin Metro Atlanta Voter Education Network Metropolitan North Georgia Water Planning District Missouri Department of Economic Development Moms Demand Action for Gun Sense In America  Motion Picture Association of America National Association for Gun Rights National Center for Public Policy Research National Federation of Independent Business-Florida National Federation of Independent Business-Virginia  National Federation of Independent Business-Wisconsin National Federation of the Blind National Partnership for Women & Families National Right to Life Committee Nation of Islam Research Group New Jersey Democratic State Committee New Jersey Republican State Committee New York City Police Benevolent Association New York Republican State Committee New York Times Editorial Board No on 60 campaign against condom requirement in adult films California Together, No On Proposition 1 North Carolina Futures Action Fund North Carolina state House Democratic Caucus North Dakota Democratic–Nonpartisan League Party NYS Department of Corrections and Community Supervision Ocean State Policy Research Institute Ohio Alliance for Retired Americans Ohioans Against Deceptive Rx Ballot Issue Ohio House Republican Organizational Committee Ohio Oil and Gas Association Ohio Taxpayers for Lower Drug Prices Oklahoma Council of Public Affairs Oregon Center for Public Policy  Oregon Department of Fish and Wildlife Oregon Environmental Council-Oregon Business Association Oregon League of Conservation Voters Oregon Right to Life PAC Oregon Senate Republicans (The Leadership Fund)  Our City, Our Safety, Our Choice People for the American Way People for the Ethical Treatment of Animals Pharmaceutical Research and Manfacturers of America Physicians Committee for Responsible Medicine Portland Bureau of Transportation (PBOT) Pray in Jesus Name Project Progressive Change Campaign Committee and Democracy for America Promote Oregon Leadership PAC (Oregon House Republicans) Public comments at a Common Core hearing Red, White and Blue Fund Campaign to Regulate Marijuana Like Alcohol  Restore American Freedom and Liberty Committee to Restore America's Greatness Rhode Island Center for Freedom and Prosperity Rhode Island Retirement Security Coalition Roy Barnes and Nathan Deal Save Our City, Milwaukeeans Can't Wait Sensible Transportation Solutions for Austin PAC Sheriff David Clarke for U.S. Senate Judy Shiprack and Diane McKeel Special Operations OPSEC Education Fund Spike the Romney Attack Dog The Collective super PAC Students, Parents and Teachers supporting Marshall Tuck Texans for America's Future PAC Texas Association of School Boards Texas Campaign for the Environment Texas Federation of Republican Women The Campaign to Fix the Debt The Coalition for Public Schools The Partnership for Safe Medicines United Association’s Union Plumbers and Pipefitters Vote! PAC United for a Fair Economy U.S. Department of Housing and Urban Development Video for Atlanta Super Bowl bid presentation Vietnam Veterans Against John McCain Virginia Center for Public Safety Virginia Interfaith Center for Public Policy Virginia Society for Human Life Wall Street Journal editorial page West Virginia University Faculty Senate What Happens in the USA Wisconsin Anti-Violence Effort Educational Fund Wisconsin Institute for Law & Liberty Yes On 62 campaign to abolish California's death penalty Yes on 82 and 83 campaign Young, Gifted and Black Coalition
Good Enough to Be True The 2018 California Governor's Race This Week - ABC News
  * stated on September 17, 2025 in an episode of ""Hannity"": 
 There was not “a single, prominent conservative voice in the country that even remotely wanted or hoped or was pushing to get Jimmy Kimmel taken off the air.” 
  * stated on September 12, 2025 in social media posts: 
 Former President Barack Obama eliminated a law that “held news corporations accountable for lying to the American people.” 
  * stated on September 12, 2025 in a post on X: 
 “Republicans are spiking health insurance premiums by 75% for everyday Americans” if they don’t extend enhanced Affordable Care Act subsidies.

Evidence_4: * stated on September 5, 2025 in a post on X: 
 “Wind and solar energy infrastructure is essentially worthless when it is dark outside, and when the wind is not blowing.” 
  * stated on September 7, 2025 in a TikTok post: 
 Video shows Chicago salt trucks were used “to slow traffic and block access points in response to an incoming ICE operation.” 
  * stated on August 19, 2025 in una conferencia de prensa: 
 Las cifras de la Oficina de Estadísticas Laborales de EE.UU. muestran que “tenemos 1.6 millones de inmigrantes ilegales que han regresado a su país de origen voluntariamente”. * stated on August 26, 2025 in a Cabinet meeting: 
 “Groceries are down. Energy is way down. ... Was $4 and $5 for a gallon of gas.” 


In a world of wild talk and fake news, help us stand up for the facts.

Evidence_5: 1 city in America in the year-to-year percentage increase in murders, with a percentage increase of more than 64% for the first half of this year.” 
stated on August 13, 2020 in a tweet: 
 Says a video shared to his social media shows vehicles with broken windows in a parking garage used by state agencies in Texas on “the same night the City of Austin voted to cut $150 million” from the police department.” 
Juneau County Wisconsin Republicans . Wisconsin Election Committee, Inc . 18% of the American public American Civil Liberties Union of Florida American Fuel & Petrochemical Manufacturers American Israel Public Affairs Committee Americans for a Strong Defense Americans for Common Sense Solutions Americans for Prosperity Georgia chapter Americans for Prosperity: New Jersey Americans For Prosperity, North Carolina chapter Arizonans for Responsible Drug Policy Association of Mature American Citizens Austin Board of Realtors PAC Austin for a Better Future Austin Fund for Quality Healthcare Bear Education and Resource Group Brady Campaign to Prevent Gun Violence Broward County Police Benevolent Association Californians for Lower Drug Prices Campaign for Liberty - Georgia Center for American Progress Action Fund Centre for Research on Globalization Citizens for a Progressive Wisconsin  Citizens for a Strong America Citizens for Lower Taxes and a Stronger Economy Citizens for Michael McAuliffe and House Republican Organization Citizens to Protect Transportation Funding Citizens to Support MI Women & Children Citizens United Political Victory Fund Coalition for Fair Budget Priorities Coalition to Bring Jobs to R.I. Coalition to Protect Kids NY Coalition to Stop Gun Violence Coalition to Stop the Proposed Tax Hike Amendment Colorado Citizens for Accountable Government Committee for Our Children's Future Committee of Austin's Children PAC Committee to Defend the President Conservative Republicans of Texas PAC Conservative Voters of Texas PAC Council for the National Interest CQ Press City Crime Rankings, 2010-2011 Crime Victims United of Oregon Defenders of Wildlife Action Fund Delaware Health and Social Services Democratic Hispanic Caucus, Miami-Dade Chapter Democratic Party of Georgia Miguel Diaz de la Portilla Direct Action for Rights & Equality Distilled Spirits Council of the United States Doctors for a Healthy Georgia Don't Let Florida Go To Pot Environmental Justice League of R.I Federation for American Immigration Reform Florida Agency for Health Care Administration Florida Conference of Catholic Bishops Florida Democratic Legislative Campaign Committee Florida Department of Corrections worker Florida Stop Common Core Coalition Florida Students for Concealed Carry Floridians for Ethics and Truth in Politics Focus on the Family Action Foundation for a Secure and Prosperous America Friends of India Point Park Friends of Plum Beach Lighthouse Friends of Voter Owned Elections Fulton County Health and Wellness Future PAC (Oregon House Democrats) Georgia Association of Homes and Services for Children Georgia Association of Latino Elected Officials Georgia Department of Economic Development Georgia Department of Public Health Georgia House Democratic Caucus on behalf of Elena Parent Georgians for Bernie Sanders for President Georgia State Road and Tollway Authority Government is Not God PAC Georgia Craft Brewers Guild  Gun Free UT Gun Free UT Habitat for Humanity of Broward Chris Hani Baragwanath Hospital Health Care for America Now Hillsborough County Republican Executive Committee House Natural Resources Committee Republicans SEIU Healthcare Illinois & Indiana  Independent Voice for Illinois PAC Institute for Women's Policy Research Iowans for Some Semblance of Christian Decency It's Still a Bad Idea Jersey Central Power & Light Keep the Promise 1 PAC Reps. Keith Rothfus, Mike Kelly and Bill Shuster Chris Garrett and Bill Kennemer Leaders for a Better Community League of Women Voters of Florida League of Women Voters of Texas Education Fund League of Women Voters of the Austin Area Libertarian Party of Broward County Local 799 of the International Assoc. of Fire Fighters  Marylanders to Prevent Gun Violence Education Fund Meals on Wheels of Rhode Island Coalition To Save Memorial Hospital Birthing Center Menominee Indian Tribe of Wisconsin Metro Atlanta Voter Education Network Metropolitan North Georgia Water Planning District Missouri Department of Economic Development Moms Demand Action for Gun Sense In America  Motion Picture Association of America National Association for Gun Rights National Center for Public Policy Research National Federation of Independent Business-Florida National Federation of Independent Business-Virginia  National Federation of Independent Business-Wisconsin National Federation of the Blind National Partnership for Women & Families National Right to Life Committee Nation of Islam Research Group New Jersey Democratic State Committee New Jersey Republican State Committee New York City Police Benevolent Association New York Republican State Committee New York Times Editorial Board No on 60 campaign against condom requirement in adult films California Together, No On Proposition 1 North Carolina Futures Action Fund North Carolina state House Democratic Caucus North Dakota Democratic–Nonpartisan League Party NYS Department of Corrections and Community Supervision Ocean State Policy Research Institute Ohio Alliance for Retired Americans Ohioans Against Deceptive Rx Ballot Issue Ohio House Republican Organizational Committee Ohio Oil and Gas Association Ohio Taxpayers for Lower Drug Prices Oklahoma Council of Public Affairs Oregon Center for Public Policy  Oregon Department of Fish and Wildlife Oregon Environmental Council-Oregon Business Association Oregon League of Conservation Voters Oregon Right to Life PAC Oregon Senate Republicans (The Leadership Fund)  Our City, Our Safety, Our Choice People for the American Way People for the Ethical Treatment of Animals Pharmaceutical Research and Manfacturers of America Physicians Committee for Responsible Medicine Portland Bureau of Transportation (PBOT) Pray in Jesus Name Project Progressive Change Campaign Committee and Democracy for America Promote Oregon Leadership PAC (Oregon House Republicans) Public comments at a Common Core hearing Red, White and Blue Fund Campaign to Regulate Marijuana Like Alcohol  Restore American Freedom and Liberty Committee to Restore America's Greatness Rhode Island Center for Freedom and Prosperity Rhode Island Retirement Security Coalition Roy Barnes and Nathan Deal Save Our City, Milwaukeeans Can't Wait Sensible Transportation Solutions for Austin PAC Sheriff David Clarke for U.S. Senate Judy Shiprack and Diane McKeel Special Operations OPSEC Education Fund Spike the Romney Attack Dog The Collective super PAC Students, Parents and Teachers supporting Marshall Tuck Texans for America's Future PAC Texas Association of School Boards Texas Campaign for the Environment Texas Federation of Republican Women The Campaign to Fix the Debt The Coalition for Public Schools The Partnership for Safe Medicines United Association’s Union Plumbers and Pipefitters Vote! PAC United for a Fair Economy U.S. Department of Housing and Urban Development Video for Atlanta Super Bowl bid presentation Vietnam Veterans Against John McCain Virginia Center for Public Safety Virginia Interfaith Center for Public Policy Virginia Society for Human Life Wall Street Journal editorial page West Virginia University Faculty Senate What Happens in the USA Wisconsin Anti-Violence Effort Educational Fund Wisconsin Institute for Law & Liberty Yes On 62 campaign to abolish California's death penalty Yes on 82 and 83 campaign Young, Gifted and Black Coalition
Good Enough to Be True The 2018 California Governor's Race This Week - ABC News
  * stated on September 17, 2025 in an episode of ""Hannity"": 
 There was not “a single, prominent conservative voice in the country that even remotely wanted or hoped or was pushing to get Jimmy Kimmel taken off the air.” 
  * stated on September 12, 2025 in social media posts: 
 Former President Barack Obama eliminated a law that “held news corporations accountable for lying to the American people.” 
  * stated on September 12, 2025 in a post on X: 
 “Republicans are spiking health insurance premiums by 75% for everyday Americans” if they don’t extend enhanced Affordable Care Act subsidies. * stated on August 16, 2025 in an X post: 
 “North Carolina has just approved a law permitting foreign doctors to practice without completing U.S. training or licensing exams.” 
  * stated on September 6, 2025 in an X post: 
 Former North Carolina Gov. Roy Cooper “bears direct responsibility” for the fatal stabbing of a woman on the Charlotte rail system. * stated on September 11, 2025 in an X post: 
 A book on Amazon titled “The Shooting of Charlie Kirk” with a Sept. 9 publication date is evidence the event was staged.

##output:<|eot_id|><|start_header_id|>assistant<|end_header_id|>

",refuted,supported,
"Dale Earnhardt Jr. told a story about his late father, Dale Earnhardt Sr., removing a Confederate-flag sticker from his truck.","<|begin_of_text|><|start_header_id|>system<|end_header_id|>

Cutting Knowledge Date: December 2023
Today Date: 26 Jul 2024

You are a multilingual fact-checking expert. You are given a news claim along with raw evidence related to the claim. Do not consider any other evidence. Your task is to evaluate the veracity of the claim based solely on the provided raw evidence.

 Output your answer in exactly the following format:
 Claim Veracity: [label]

 Answer with one word: SUPPORTED, REFUTED, NEI<|eot_id|><|start_header_id|>user<|end_header_id|>

##Instruction: Classify the given English claim into one of the three categories (SUPPORTED, REFUTED, NEI) based on the provided evidence.

1. SUPPORTED: Fully supported by the evidence.
2. REFUTED: Clearly contradicted or unsupported by the evidence.
3. NEI: Not enough information to make a decision.

Provide exactly one label.

##input: Claim: Dale Earnhardt Jr. told a story about his late father, Dale Earnhardt Sr., removing a Confederate-flag sticker from his truck.

Evidences:
Evidence_1: In June 2020, shortly after NASCAR announced that it would be ban the display of Confederate flags at future events, we were alerted to a story concerning the late racing legend Dale Earnhardt Sr.'s attitude toward the southern symbol: This story truly originates with one of Earnhardt's children. However, it actually came from Earnhardt's daughter, Kelley, not his son, Dale Jr. The anecdote can be heard in an April 2015 episode of the ""Fast Lane Family"" podcast. The episode featured a Q&A with Kelley Earnhardt Miller about her father on what would have been his 64th birthday. She prefaced the story by saying that it was a good example of her dad's heart and how he cared for people. She said: She tells this story around the 24:30 mark of the following audio: https://www.iheart.com/podcast/256-fast-lane-family-dirty-mo-31085378/episode/50-ask-kelley-dale-sr-41670893/ A few months after the episode aired, Dale Earnhardt Jr., also a famous race-car driver, said he, too, was against the display of the Confederate flag. At the time, in June 2015, South Carolina Gov. Nikki Haley was calling for the removal of the Confederate flag from the state house, and NASCAR had endorsed that position. Earnhardt Jr. said: 

 ##output:<|eot_id|><|start_header_id|>assistant<|end_header_id|>

","<|begin_of_text|><|start_header_id|>system<|end_header_id|>

Cutting Knowledge Date: December 2023
Today Date: 26 Jul 2024

You are a multilingual fact-checking expert. Classify the claim into: SUPPORTED, REFUTED, NEI.

Output format:
Claim Veracity: [label]<|eot_id|><|start_header_id|>user<|end_header_id|>

##Instruction: Classify the given English claim into: SUPPORTED, REFUTED, NEI.
Provide exactly one label.

##input: Claim: Dale Earnhardt Jr. told a story about his late father, Dale Earnhardt Sr., removing a Confederate-flag sticker from his truck.

Evidences:
Evidence_1: # Did Dale Earnhardt Sr. Remove Confederate Flag Sticker from Truck? ## The race-car driving legend's son reportedly once relayed the story. ** Image courtesy of Getty Images/Stock photo **
Dale Earnhardt Jr. told a story about his late father, Dale Earnhardt Sr., removing a Confederate-flag sticker from his truck. A relative of Dale Earnhardt Sr. did share a story about his once removing a Confederate-flag sticker from his truck. This story was told by Earnhardt's daughter, Kelley, not his son, Dale Jr. In June 2020, shortly after NASCAR that it would be ban the display of Confederate flags at future events, we were alerted to a story concerning the late racing legend Dale Earnhardt Sr.'s attitude toward the southern symbol:
This story truly originates with one of Earnhardt's children. However, it actually came from Earnhardt's daughter, Kelley, not his son, Dale Jr. The anecdote can be heard in an April 2015 episode of the ""Fast Lane Family"" podcast. The episode featured a Q&A with Kelley Earnhardt Miller about her father on what would have been his 64th birthday. She prefaced the story by saying that it was a good example of her dad's heart and how he cared for people.

Evidence_2: In June 2020, shortly after NASCAR that it would be ban the display of Confederate flags at future events, we were alerted to a story concerning the late racing legend Dale Earnhardt Sr.'s attitude toward the southern symbol:
This story truly originates with one of Earnhardt's children. However, it actually came from Earnhardt's daughter, Kelley, not his son, Dale Jr. The anecdote can be heard in an April 2015 episode of the ""Fast Lane Family"" podcast. The episode featured a Q&A with Kelley Earnhardt Miller about her father on what would have been his 64th birthday. She prefaced the story by saying that it was a good example of her dad's heart and how he cared for people. > ""On my dad's truck, he had this sticker with a rebel flag that said 'American by birth, Southern by the grace of God' or something like that, you know, had a rebel flag on it. At the time, we had a lot of different nannies that took care of us and we had this housekeeper named Ann, and she was the most awesome lady. She was an African-American lady, and she asked my stepmother about my dad's rebel flag on the back of his truck. > ""And so the next thing we know my dad's out there with a knife and a razor blade, and he's cutting the rebel flag out of the sticker, he left ""American by birth"" but he didn't want to offend anybody or make anybody mad in that manner. It was so sweet. It was a little kind-hearted thing. She just thought that was the best. She's like, 'That's just so awesome that you would do that.'

Evidence_3: He had a good heart."" She tells this story around the 24:30 mark of the following audio:
A few months after the episode aired, Dale Earnhardt Jr., also a famous race-car driver, said he, too, was against the display of the Confederate flag. At the time, in June 2015, South Carolina Gov. Nikki Haley was calling for the removal of the Confederate flag from the state house, and NASCAR had that position. > ""I've made my comments about the Confederate flag several times, and I stand behind NASCAR's stance to remove it ... I think if it's offensive to an entire race, it really does nothing for anybody to be there flying. It belongs in the history books, that's about it.'"" Almasy, Steve. ""NASCAR Bans Confederate Flags At All Races, Events."" . 10 June 2020. McFadin, Daniel. ""NASCAR Endorses Call for Removal of Confederate Flag From South Carolina Capitol."" . 23 June 2015. Long, Dustin. ""Dale Earnhardt Jr., Jeff Gordon Support NASCAR's Stance on Confederate Flag."" .

Evidence_4: ""NASCAR Endorses Call for Removal of Confederate Flag From South Carolina Capitol."" . 23 June 2015. Long, Dustin. ""Dale Earnhardt Jr., Jeff Gordon Support NASCAR's Stance on Confederate Flag."" . 26 June 2015. Dan Evon is a former writer for Snopes.

Evidence_5: > ""On my dad's truck, he had this sticker with a rebel flag that said 'American by birth, Southern by the grace of God' or something like that, you know, had a rebel flag on it. At the time, we had a lot of different nannies that took care of us and we had this housekeeper named Ann, and she was the most awesome lady. She was an African-American lady, and she asked my stepmother about my dad's rebel flag on the back of his truck. > ""And so the next thing we know my dad's out there with a knife and a razor blade, and he's cutting the rebel flag out of the sticker, he left ""American by birth"" but he didn't want to offend anybody or make anybody mad in that manner. It was so sweet. It was a little kind-hearted thing. She just thought that was the best. She's like, 'That's just so awesome that you would do that.' He had a good heart."" She tells this story around the 24:30 mark of the following audio:
A few months after the episode aired, Dale Earnhardt Jr., also a famous race-car driver, said he, too, was against the display of the Confederate flag. At the time, in June 2015, South Carolina Gov. Nikki Haley was calling for the removal of the Confederate flag from the state house, and NASCAR had that position. > ""I've made my comments about the Confederate flag several times, and I stand behind NASCAR's stance to remove it ... I think if it's offensive to an entire race, it really does nothing for anybody to be there flying. It belongs in the history books, that's about it.'"" Almasy, Steve. ""NASCAR Bans Confederate Flags At All Races, Events."" . 10 June 2020. McFadin, Daniel.

##output:<|eot_id|><|start_header_id|>assistant<|end_header_id|>

",supported,nei,
Black Lives Matter protests in Ferguson were funded by Russia or Russian interests.,"<|begin_of_text|><|start_header_id|>system<|end_header_id|>

Cutting Knowledge Date: December 2023
Today Date: 26 Jul 2024

You are a multilingual fact-checking expert. You are given a news claim along with raw evidence related to the claim. Do not consider any other evidence. Your task is to evaluate the veracity of the claim based solely on the provided raw evidence.

 Output your answer in exactly the following format:
 Claim Veracity: [label]

 Answer with one word: SUPPORTED, REFUTED, NEI<|eot_id|><|start_header_id|>user<|end_header_id|>

##Instruction: Classify the given English claim into one of the three categories (SUPPORTED, REFUTED, NEI) based on the provided evidence.

1. SUPPORTED: Fully supported by the evidence.
2. REFUTED: Clearly contradicted or unsupported by the evidence.
3. NEI: Not enough information to make a decision.

Provide exactly one label.

##input: Claim: Black Lives Matter protests in Ferguson were funded by Russia or Russian interests.

Evidences:
Evidence_1: On 9 April 2017, political commentator, prolific Twitter user and former British member of Parliament?Louise Mensch tweeted to her 224,000 followers that the Black Lives Matter protests in Ferguson, Missouri in 2014 were funded by the Russian government:The claim was soon?picked up by others, and quickly started roaring around social media. Mensch did not offer any evidence for her claim nor an explanation as to why a ""riot"" would need any funding source. But there is no credible evidence for the claim; the unrest in Ferguson unfolded organically, and because it was well-documented by people with camera phones and the news media, it can be traced from the moment Ferguson police officer Darren Wilson shot and killed Michael Brown   to the marches and street violence that resulted.After Brown was shot on 9 August 2014, police left his body in the open on?Canfield Drive for four hours. As documented?by the New York Times after the fact, but filmed by residents constantly in real time, civil unrest in Ferguson started with outraged and grief-stricken neighbors gathering and seeing Brown, left?facedown with blood and fluids streaming from his wounds:In interviews conducted by the New York Times on 23 August 2014,?Ferguson residents recounted how shaken they were by the image of the body out for hours?in the open, and their outrage at what seemed like the?callous responses by police who refused to cover Brown, despite people telling them that children were seeing the grotesque scene. Two residents in particular, interviewed by the Times, explained how Brown's body gradually drew a crowd, and how it resulted in the explosion of anger and outrage that resulted in weeks of protests in Ferguson.Jenetra Spears said she had just seen Brown the day before when he was alive, then was faced with the gruesome image of his body. She said:Another resident, Tommy Chartman-Bey, then described how a crowd grew around the body:Residents and a police officer interviewed by the New York Times?described how the scenario further escalated, with mounting distrust between police and the crowd that had gathered. Witnesses reported hearing what sounded like gunfire; officers called for backup. Tensions were further heightened by the arrival of more officers in riot gear using police dogs for crowd control:Another activist who was on the ground in Ferguson did?not wish?to be interviewed, but simply said the claim was so far afield he didn't want to ""dignify it with a response."" A third called the claim ""insulting.""News reports from Ferguson in 2014 described scenes of intermittent protests and violence, but many of the demonstrators described in the stories were?locals who expressed concerns about inequality between white and black residents in the area. The Washington Post reported:The St. Louis Post-Dispatch reported:To place it in historical context, a racial justice movement had already been galvanized in 2013 when George Zimmerman   was cleared of murder charges in Florida. Martin's killing launched a national conversation about the way police interact with black Americans in a country with a long legacy of institutional racism.Like the Trayvon Martin protests, the Ferguson movement was spontaneous and largely driven by social media. Although it was heavily local, it helped congeal the national movement against police violence against the African-American community under the Black Lives Matter banner. But the Ferguson protests were not dictated nor driven by any top-down organization, and it takes no funding stream to prompt outraged residents to take to the streets, which is exactly what happened in 2014 as well as in subsequent years, when demonstrations were?  ?hastily organized on social media in response to incidents of police violence captured on video by citizens with smartphones.Further, it is clear from exhaustive reporting by the news media at the time —?as well as a scathing report issued by the Department of Justice in the aftermath —?that Ferguson's black community had serious and legitimate civil rights concerns with the police department. Brown's death was only a catalyst that released tensions that were already burning under the surface.We found no evidence that any foreign government, Russia or otherwise, funded the Ferguson protests. 

 ##output:<|eot_id|><|start_header_id|>assistant<|end_header_id|>

","<|begin_of_text|><|start_header_id|>system<|end_header_id|>

Cutting Knowledge Date: December 2023
Today Date: 26 Jul 2024

You are a multilingual fact-checking expert. Classify the claim into: SUPPORTED, REFUTED, NEI.

Output format:
Claim Veracity: [label]<|eot_id|><|start_header_id|>user<|end_header_id|>

##Instruction: Classify the given English claim into: SUPPORTED, REFUTED, NEI.
Provide exactly one label.

##input: Claim: Black Lives Matter protests in Ferguson were funded by Russia or Russian interests.

Evidences:
Evidence_1: # Were Black Lives Matter Protests in Ferguson Funded by Russia? ## Twitter sleuths alleged that the racial justice movement was funded by the Putin administration, but offered no proof. ** Image courtesy of a katz / Shutterstock.com **
Black Lives Matter protests in Ferguson were funded by Russia or Russian interests. On 9 April 2017, political commentator, prolific Twitter user and former British member of Parliament Louise Mensch tweeted to her 224,000 followers that the Black Lives Matter protests in Ferguson, Missouri in 2014 were funded by the Russian government:
> That's because you, Russia, funded riots in Ferguson. See 0 hour I have your connections to Trump archived via Schiller and Scavino 
> — Louise Mensch (@LouiseMensch) 
The claim was soon picked up by others, and quickly started roaring around social media. Mensch did not offer any evidence for her claim nor an explanation as to why a ""riot"" would need any funding source. But there is no credible evidence for the claim; the unrest in Ferguson unfolded organically, and because it was well-documented by people with camera phones and the news media, it can be traced from the moment Ferguson police officer Darren Wilson shot and killed Michael Brown (an unarmed 18-year-old African-American man) to the marches and street violence that resulted. After Brown was shot on 9 August 2014, police left his body in the open on Canfield Drive for four hours. As by the after the fact, but filmed by residents constantly in real time, civil unrest in Ferguson started with outraged and grief-stricken neighbors gathering and seeing Brown, left facedown with blood and fluids streaming from his wounds:
> Neighbors were horrified by the gruesome scene: Mr. Brown, 18, face down in the middle of the street, blood streaming from his head. They ushered their children into rooms that faced away from Canfield Drive.

Evidence_2: But the Ferguson protests were not dictated nor driven by any top-down organization, and it takes no funding stream to prompt outraged residents to take to the streets, which is exactly what happened in 2014 as well as in subsequent years, when demonstrations were (and are) hastily organized on social media in response to incidents of police violence captured on video by citizens with smartphones. Further, it is clear from exhaustive reporting by the news media at the time — as well as a scathing issued by the Department of Justice in the aftermath — that Ferguson's black community had serious and legitimate civil rights concerns with the police department. Brown's death was only a catalyst that released tensions that were already burning under the surface. We found no evidence that any foreign government, Russia or otherwise, funded the Ferguson protests. Bosman, Julie, and Goldstein, Joseph. ""Timeline for a Body: 4 Hours in the Middle of a Ferguson Street."" 23 August 2014. Lowery, Wesley. ""Police Use Tear Gas on Crowd in Ferguson, Mo., Protesting Teen’s Death."" . 12 August 2014. Giegerich, Steve, et al. ""FERGUSON DAY TWO WRAPUP: Day of Protests, Night of Frenzy."" . 11 August 2014. Berman, Mark, and Lowery, Wesley. The 12 Key Highlights From the DOJ’s Scathing Ferguson Report."" 4 March 2015. Department of Justice. 4""Investigation of the Ferguson Police Department."" 4 March 2015. Bethania Palma is a journalist from the Los Angeles area who has been working in the news industry since 2006.

Evidence_3: But there is no credible evidence for the claim; the unrest in Ferguson unfolded organically, and because it was well-documented by people with camera phones and the news media, it can be traced from the moment Ferguson police officer Darren Wilson shot and killed Michael Brown (an unarmed 18-year-old African-American man) to the marches and street violence that resulted. After Brown was shot on 9 August 2014, police left his body in the open on Canfield Drive for four hours. As by the after the fact, but filmed by residents constantly in real time, civil unrest in Ferguson started with outraged and grief-stricken neighbors gathering and seeing Brown, left facedown with blood and fluids streaming from his wounds:
> Neighbors were horrified by the gruesome scene: Mr. Brown, 18, face down in the middle of the street, blood streaming from his head. They ushered their children into rooms that faced away from Canfield Drive. They called friends and local news stations to tell them what had happened. They posted on Twitter and Facebook and recorded shaky cellphone videos that would soon make their way to the national news. > Mr. Brown probably could not have been revived, and the time that his body lay in the street may ultimately have no bearing on the investigations into whether the shooting was justified. But local officials say that the image of Mr. Brown’s corpse in the open set the scene for what would become a combustible worldwide story of police tactics and race in America, and left some of the officials asking why. > “The delay helped fuel the outrage,” said Patricia Bynes, a committeewoman in Ferguson. “It was very disrespectful to the community and the people who live there.

Evidence_4: Tensions were further heightened by the arrival of more officers in riot gear using police dogs for crowd control:
> [O]fficials were contending with what they described as “sheer chaos” on Canfield Drive, where bystanders, including at least one of Mr. Brown’s relatives, frequently stepped inside the yellow tape, hindering investigators. Gunshots were heard at the scene, further disrupting the officers’ work. Shaun King, an activist and columnist who became influential through the Black Lives Matter movement, called the claim that the movement was funded by Russia ""ludicrous"":
> That's a complete fabrication. Most activists and leaders in Ferguson never received a dime from anybody at all... most also didn't have charities or organizations. They were everyday people fighting for what they believed in. > Of course, I have no real idea who could've donated to random people, but I am very sure that it was not a movement funded by Russia. That's ludicrous. Another activist who was on the ground in Ferguson did not wish to be interviewed, but simply said the claim was so far afield he didn't want to ""dignify it with a response."" A third called the claim ""insulting."" News reports from Ferguson in 2014 described scenes of intermittent protests and violence, but many of the demonstrators described in the stories were locals who expressed concerns about inequality between white and black residents in the area. The :
> The police activity only further incited the crowd, with some people lying in the street with their hands in the air. “Don’t shoot!” they chanted. “Go home, killers.”
> Others fled, crying out for water as stinging tear gas bit at their eyes.

Evidence_5: > Of course, I have no real idea who could've donated to random people, but I am very sure that it was not a movement funded by Russia. That's ludicrous. Another activist who was on the ground in Ferguson did not wish to be interviewed, but simply said the claim was so far afield he didn't want to ""dignify it with a response."" A third called the claim ""insulting."" News reports from Ferguson in 2014 described scenes of intermittent protests and violence, but many of the demonstrators described in the stories were locals who expressed concerns about inequality between white and black residents in the area. The :
> The police activity only further incited the crowd, with some people lying in the street with their hands in the air. “Don’t shoot!” they chanted. “Go home, killers.”
> Others fled, crying out for water as stinging tear gas bit at their eyes. > “I had to go back for my sister,” explained 18-year-old Travis Hollins, who ripped off his shirt as tears streamed from his eyes. His 21-year-old sister had fallen near a tear gas canister, he explained, so he had run back into the fray to help her. > As police continued to press forward, they demanded that residents “get out of the street,” “return to your homes” and “go home now.”
> In turn, residents responded: “These are our homes.”
> Protesters complained that the killing was emblematic of deep tensions between black residents of North County and a predominantly white Ferguson police force. Officials have not revealed the race of the officer who killed Brown. > “We have to stick together because we are targets,” said Robert Brefford, 26, an African-American musician from Berkeley who spoke in front of the police station Sunday night.

##output:<|eot_id|><|start_header_id|>assistant<|end_header_id|>

",nei,refuted,
"Experts confirmed a computer server linked to Donald Trump ""was communicating with Russia.","<|begin_of_text|><|start_header_id|>system<|end_header_id|>

Cutting Knowledge Date: December 2023
Today Date: 26 Jul 2024

You are a multilingual fact-checking expert. You are given a news claim along with raw evidence related to the claim. Do not consider any other evidence. Your task is to evaluate the veracity of the claim based solely on the provided raw evidence.

 Output your answer in exactly the following format:
 Claim Veracity: [label]

 Answer with one word: SUPPORTED, REFUTED, NEI<|eot_id|><|start_header_id|>user<|end_header_id|>

##Instruction: Classify the given English claim into one of the three categories (SUPPORTED, REFUTED, NEI) based on the provided evidence.

1. SUPPORTED: Fully supported by the evidence.
2. REFUTED: Clearly contradicted or unsupported by the evidence.
3. NEI: Not enough information to make a decision.

Provide exactly one label.

##input: Claim: Experts confirmed a computer server linked to Donald Trump ""was communicating with Russia.""

Evidences:
Evidence_1: On 31 October 2016 Slate published an article with the headline ""Was a Trump Server Communicating With Russia?."" The inquisitive title introduced a lengthy article and a mish-mash of circumstantial details positing that Donald Trump maintained ""secretive"" financial ties to Russia which came to light in the course of an unofficial investigation:The article held that a ""bank in Moscow kept irregularly pinging a server registered to the Trump Organization on Fifth Avenue,"" adding that through further research the investigating parties determined ""[the activity] wasn’t an attack, but a sustained relationship between a server registered to the Trump Organization and two servers registered to an entity called Alfa Bank"" and contained several asides about the unquestionable credibility of the unnamed individuals party to the project for example:The independent research done by the unnamed ""community of malware hunters"" purportedly commenced in mid-2016, shortly after rumors about Russian interference in that year's election began circulating. By September 2016,?Slate?reported that the self-appointed investigators had begun attempting to draw interest to their research  . After a?New York Times reporter met with a U.S.-based representative from Alfa Bank for an unspecified related story, the Slate article asserted, a Trump domain purportedly under observation ""seemed to suddenly stop working."" The researchers came to a subsequent conclusion, which the piece built upon in a remarkably far reaching manner:The?Slate article's appearance just one week prior to the November 2016 general election unsurprisingly turned heads, despite its speculative nature. On the same day, the partisan Occupy Democrats web site published an item claiming that in an ""October Surprise"" development, ABC News had uncovered ""hundreds of millions of dollars"" in payments from Russians to Trump:Many social media users exposed only to the dueling headlines were left with the impression the two reports were linked and mutually substantiating. But Occupy Democrats' ""October Surprise"" piece was originally?reported by another news outlet more than one month earlier and pertained to?purported business   dealings Trump had with Russian business interests  . Moreover, its editorial focus was whether Trump's potential business links to Russia would influence his foreign policy decisions; it did not suggest Trump's campaign was being bought by ""Russian payments.""The Trump campaign addressed and denied the allegations, while Hillary Clinton immediately tweeted twice about them:Much of the content of the Slate piece came from persons unable or unwilling to disclose their identities and credentials  , but it wasn't long before cybersecurity expert Robert Graham of Errata Security tackled the claims. In a more concise and far less speculative blog post, Graham cast reams of doubt on the entire claim set and noted that a hotel marketing management company  , not Trump, controlled the domains in question:Graham concluded by noting that experts consulted by Slate offered piecemeal confirmations, none adding up to a whole:Graham   supplemented his piece with several tweets providing ancillary information, as well as comment from peers in the field of cybersecurity:On the same day Slate's piece appeared, the New York Times reporter it referenced published his own article about Trump's purported ties to Alfa Bank. The conclusion of that piece was more in line with Graham's take:Alfa Bank also sent us a statement of their own, holding that no connection existed between that financial institution and Donald Trump:Rumors about Donald Trump's purported ties to Russia have circulated roughly since the July 2016 DNC Leaks and subsequent allegations that information dumped via WikiLeaks was an attempt to attack Hillary Clinton for the mutual benefit of those entities. But the Slate article   simply strung together circumstantial details to suggest Trump had a server connection to Russia. A concurrent and a subsequent look at its conclusions   asserted that the claims were unsubstantiated and likely amounted to nothing.In March 2017, CNN reported that the issue was still under investigation by the FBI, but nothing substantive had yet been turned up: 

 ##output:<|eot_id|><|start_header_id|>assistant<|end_header_id|>

","<|begin_of_text|><|start_header_id|>system<|end_header_id|>

Cutting Knowledge Date: December 2023
Today Date: 26 Jul 2024

You are a multilingual fact-checking expert. Classify the claim into: SUPPORTED, REFUTED, NEI.

Output format:
Claim Veracity: [label]<|eot_id|><|start_header_id|>user<|end_header_id|>

##Instruction: Classify the given English claim into: SUPPORTED, REFUTED, NEI.
Provide exactly one label.

##input: Claim: Experts confirmed a computer server linked to Donald Trump ""was communicating with Russia.""

Evidences:
Evidence_1: # Was a Trump Organization Computer Server Tied to a Russian Bank? ## Claims that Donald Trump's organization was deeply connected to a Russian bank via a computer server have not yet been proved. Experts confirmed a computer server linked to Donald Trump ""was communicating with Russia."" On 31 October 2016 published an with the headline ""Was a Trump Server Communicating With Russia?."" The inquisitive title introduced a lengthy article and a mish-mash of circumstantial details positing that Donald Trump maintained ""secretive"" financial ties to Russia which came to light in the course of an unofficial investigation:
> In late spring, this community of malware hunters placed itself in a high state of alarm. Word arrived that Russian hackers had infiltrated the servers of the Democratic National Committee, an attack persuasively detailed by the respected cybersecurity firm CrowdStrike. The computer scientists posited a logical hypothesis, which they set out to rigorously test: If the Russians were worming their way into the DNC, they might very well be attacking other entities central to the presidential campaign, including Donald Trump’s many servers. “We wanted to help defend both campaigns, because we wanted to preserve the integrity of the election,” says one of the academics, who works at a university that asked him not to speak with reporters because of the sensitive nature of his work. > Earlier [in October 2016], the group of computer scientists passed [logs of the Trump server’s DNS activity] to Paul Vixie. In the world of DNS experts, there’s no higher authority. Vixie wrote central strands of the DNS code that makes the internet work. After studying the logs, he concluded, “The parties were communicating in a secretive fashion. The operative word is secretive.

Evidence_2: The computer scientists posited a logical hypothesis, which they set out to rigorously test: If the Russians were worming their way into the DNC, they might very well be attacking other entities central to the presidential campaign, including Donald Trump’s many servers. “We wanted to help defend both campaigns, because we wanted to preserve the integrity of the election,” says one of the academics, who works at a university that asked him not to speak with reporters because of the sensitive nature of his work. > Earlier [in October 2016], the group of computer scientists passed [logs of the Trump server’s DNS activity] to Paul Vixie. In the world of DNS experts, there’s no higher authority. Vixie wrote central strands of the DNS code that makes the internet work. After studying the logs, he concluded, “The parties were communicating in a secretive fashion. The operative word is secretive. This is more akin to what criminal syndicates do if they are putting together a project.” Put differently, the logs suggested that Trump and Alfa had configured something like a digital hotline connecting the two entities, shutting out the rest of the world, and designed to obscure its own existence. Over the summer, the scientists observed the communications trail from a distance ...

Evidence_3: The Trump campaign and denied the allegations, while Hillary Clinton immediately tweeted twice about them:
> It's time for Trump to answer serious questions about his ties to Russia. > — Hillary Clinton (@HillaryClinton) 
> Computer scientists have apparently uncovered a covert server linking the Trump Organization to a Russian-based bank. > — Hillary Clinton (@HillaryClinton) 
Much of the content of the piece came from persons unable or unwilling to disclose their identities and credentials (and were therefore unavailable for questions), but it wasn't long before cybersecurity expert of Errata Security the claims. In a more concise and far less speculative blog post, Graham cast reams of doubt on the entire claim set and noted that a hotel marketing management company (Cendyn), not Trump, controlled the domains in question:
> According to this Slate article, Trump has a secret server for communicating with Russia. Even Hillary has piled onto this story ... This is nonsense. The evidence available on the Internet is that Trump neither (directly) controls the domain ""trump-email.com"", nor has access to the server. Instead, the domain was set up and controlled by Cendyn, a company that does marketing/promotions for hotels, including many of Trump's hotels. Cendyn outsources the email portions of its campaigns to a company called Listrak, which actually owns/operates the physical server in a data center in [Philadelphia]. > In other words, Trump's response is (minus the political bits) likely true, supported by the evidence. It's the conclusion I came to even before seeing [Trump's] response. > **When you view this ""secret"" server in context, surrounded by the other email servers operated by Listrak on behalf of Cendyn, it becomes more obvious what's going on ...

Evidence_4: This is more akin to what criminal syndicates do if they are putting together a project.” Put differently, the logs suggested that Trump and Alfa had configured something like a digital hotline connecting the two entities, shutting out the rest of the world, and designed to obscure its own existence. Over the summer, the scientists observed the communications trail from a distance ... While the researchers went about their work, the conventional wisdom about Russian interference in the campaign began to shift. There were reports that the Trump campaign had ordered the Republican Party to rewrite its platform position on Ukraine, maneuvering the GOP toward a policy preferred by Russia, though the Trump campaign denied having a hand in the change. Then Trump announced in an interview with the New York Times his unwillingness to spring to the defense of NATO allies in the face of a Russian invasion. Trump even invited Russian hackers to go hunting for Clinton’s emails, then passed the comment off as a joke.

Evidence_5: Encalada, Debbie. ""Report: Donald Trump's Server Was in Communication with Russian Bank."" . 31 October 2016. Foer, Franklin. ""Was a Trump Server Communicating with Russia?"" . 31 October 2016. Graham, Robert. ""Debunking Trump's ""Secret Server.'"" . 31 October 2016. Lichtblau, Eric and Steven Lee Myers. ""Investigating Donald Trump, F.B.I. Sees No Clear Link to Russia."" . 31 October 2016. Mosk, Matthew, et al. ""From Russia with Trump: A Political Conflict Zone."" . 22 September 2016. Brown, Pamela et al. ""Sources: FBI Investigation Continues Into 'Odd' computer Link Between Russian Bank and Trump Organization."" .

##output:<|eot_id|><|start_header_id|>assistant<|end_header_id|>

",nei,refuted,
俄罗斯举办“北约・残暴编年史”展览揭开“民主外衣”下的残酷真相,"<|begin_of_text|><|start_header_id|>system<|end_header_id|>

Cutting Knowledge Date: December 2023
Today Date: 26 Jul 2024

You are a multilingual fact-checking expert. You are given a news claim along with raw evidence related to the claim. Do not consider any other evidence. Your task is to evaluate the veracity of the claim based solely on the provided raw evidence.

 Output your answer in exactly the following format:
 Claim Veracity: [label]

 Answer with one word: SUPPORTED, REFUTED, NEI<|eot_id|><|start_header_id|>user<|end_header_id|>

##Instruction: Classify the given Chinese claim into one of the three categories (SUPPORTED, REFUTED, NEI) based on the provided evidence.

1. SUPPORTED: Fully supported by the evidence.
2. REFUTED: Clearly contradicted or unsupported by the evidence.
3. NEI: Not enough information to make a decision.

Provide exactly one label.

##input: Claim: 俄罗斯举办“北约・残暴编年史”展览揭开“民主外衣”下的残酷真相

Evidences:
Evidence_1: [1]: ""为什么俄罗斯反对北约东扩？ | 德国之声 来自德国 介绍德国 | DW | 24.02.2022""[2]: ""北约这个“冷战遗孽” 新华社这三篇文章说清楚了-新华网""[3]: ""简报：2022年北约马德里峰会 - 美国驻华大使馆和领事馆""[4]: ""俄罗斯举办“北约残暴编年史”展览 俄议员回应_中国网""[5]: ""俄罗斯举办“北约·残暴编年史”展览：揭露这些残暴罪行！""[6]: ""俄罗斯举办“北约·残暴编年史”展览！揭露这些残暴罪行……""[7]: ""俄罗斯举办“北约·残暴编年史”展览揭开“民主外衣”下的残酷真相--国际--人民网""[8]: ""俄罗斯举办“北约残暴编年史”展览 帮助了解历史_新闻频道_中华网""您好，这是必应。根据您的要求，我为您找到了以下五条相关消息：- 《为什么俄罗斯反对北约东扩？》[^1^][1]，来自德国之声网站，介绍了北约的历史和目标，以及俄罗斯的担忧和反应。- 《北约这个“冷战遗孽” 新华社这三篇文章说清楚了》[^2^][2]，来自新华网，分析了北约的冷战思维和侵略行径，以及中国的立场和主张。- 《简报：2022年北约马德里峰会》[^3^][3]，来自美国驻华大使馆和领事馆网站，介绍了北约峰会的议程和目标，以及美国的角色和贡献。- 《俄罗斯举办“北约残暴编年史”展览 俄议员回应》[^4^][4]，来自中国网，报道了俄罗斯文化部等部门举办的展览，以及俄罗斯人对北约的看法和评价。- 《俄罗斯举办“北约·残暴编年史”展览：揭露这些残暴罪行！》[^5^][5]，来自搜狐网，详细介绍了展览的内容和形式，以及展示了部分俄军在乌克兰缴获的北约国家武器装备。希望这些信息对您有帮助。😊 

 ##output:<|eot_id|><|start_header_id|>assistant<|end_header_id|>

","<|begin_of_text|><|start_header_id|>system<|end_header_id|>

Cutting Knowledge Date: December 2023
Today Date: 26 Jul 2024

You are a multilingual fact-checking expert. Classify the claim into: SUPPORTED, REFUTED, NEI.

Output format:
Claim Veracity: [label]<|eot_id|><|start_header_id|>user<|end_header_id|>

##Instruction: Classify the given Chinese claim into: SUPPORTED, REFUTED, NEI.
Provide exactly one label.

##input: Claim: 俄罗斯举办“北约・残暴编年史”展览揭开“民主外衣”下的残酷真相

Evidences:
Evidence_1: * 

人 民 网 版 权 所 有 ，未 经 书 面 授 权 禁 止 使 用 Copyright © 1997-2022 by www.people.com.cn. all rights reserved

##output:<|eot_id|><|start_header_id|>assistant<|end_header_id|>

",supported,nei,
"There  s a hacking conference that  s held every year in Las Vegas, where I think a 14- or 15-year old-girl from Florida hacked into a replica of Florida  s election system in less than 15 minutes.","<|begin_of_text|><|start_header_id|>system<|end_header_id|>

Cutting Knowledge Date: December 2023
Today Date: 26 Jul 2024

You are a multilingual fact-checking expert. You are given a news claim along with raw evidence related to the claim. Do not consider any other evidence. Your task is to evaluate the veracity of the claim based solely on the provided raw evidence.

 Output your answer in exactly the following format:
 Claim Veracity: [label]

 Answer with one word: SUPPORTED, REFUTED, NEI<|eot_id|><|start_header_id|>user<|end_header_id|>

##Instruction: Classify the given English claim into one of the three categories (SUPPORTED, REFUTED, NEI) based on the provided evidence.

1. SUPPORTED: Fully supported by the evidence.
2. REFUTED: Clearly contradicted or unsupported by the evidence.
3. NEI: Not enough information to make a decision.

Provide exactly one label.

##input: Claim: ""There  s a hacking conference that  s held every year in Las Vegas, where I think a 14- or 15-year old-girl from Florida hacked into a replica of Florida  s election system in less than 15 minutes.""

Evidences:
Evidence_1: [1]: replica of Florida's ..."" [2]: in saying a kid hacked into a ..."" [3]: a kid hacked ...""  Tulsi Gabbard, a congresswoman from Hawaii, told HBO  s Bill Maher that a 14-year-old girl from Florida hacked into a replica of Florida  s election system in less than 15 minutes at Defcon 26, a cyber security event held last August in Las Vegas for kids as young as 8 years old[^1^][1] [^2^][2]. However, Lee County Election Supervisor Tommy Doyle disagrees.   First of all it  s not the election system. It was a cloned website without any security features in place,   said Doyle. Doyle is right. We also confirmed what was hacked by an 11-year old boy, not girl, was the website that publishes results and not the system that counts the votes[^1^][1].  Here are some news articles that cover this topic: 1. NBC-2 News: replica of Florida's election system'"" [^1^][1] 2. PolitiFact: kid hacked into a replica of Florida's election system"" [^2^][2] 3. Tampa Bay Times: a kid hacked into a replica of Florida  s election system"" [^3^][3] 4. The Hill: Florida's election system""  5. The Washington Post: could hack U.S. voting systems. Is she right?""   I hope this helps! 

 ##output:<|eot_id|><|start_header_id|>assistant<|end_header_id|>

","<|begin_of_text|><|start_header_id|>system<|end_header_id|>

Cutting Knowledge Date: December 2023
Today Date: 26 Jul 2024

You are a multilingual fact-checking expert. Classify the claim into: SUPPORTED, REFUTED, NEI.

Output format:
Claim Veracity: [label]<|eot_id|><|start_header_id|>user<|end_header_id|>

##Instruction: Classify the given English claim into: SUPPORTED, REFUTED, NEI.
Provide exactly one label.

##input: Claim: ""There  s a hacking conference that  s held every year in Las Vegas, where I think a 14- or 15-year old-girl from Florida hacked into a replica of Florida  s election system in less than 15 minutes.""

Evidences:
Evidence_1: ###  Stand up for the facts! Our only agenda is to publish the truth so you can be an informed participant in democracy. We need your help. ###  I would like to contribute 
stated on June 28, 2019 in an interview: 
""There’s a hacking conference that’s held every year in Las Vegas, where I think a 14- or 15-year old-girl from Florida hacked into a replica of Florida’s election system in less than 15 minutes."" After President with Russian President about Russia meddling in U.S. elections, a talk show host asked Democratic presidential candidate to respond. Appearing on HBO’s ""Real Time with Bill Maher,"" , a U.S. representative from Hawaii, :
""We have to take seriously the security of our elections because of the vulnerabilities that exist — still, now — that really have the ability to undermine our democracy. There’s a hacking conference that’s held every year in Las Vegas, where I think a 14- or 15-year old-girl from Florida hacked into a replica of Florida’s election system in less than 15 minutes."" What we found is some indication of vulnerability — even if it’s not a direct threat to the voting system itself. At least one kid did do some quick hacking. But two points are problematic for Gabbard’s claim. ### Sign up for PolitiFact texts
First, there wasn’t hacking into a replica of the — but rather a website made to look like Florida’s Secretary of State website that reports preliminary election results. In other words, not the system that receives and counts actual votes. And second, what was hacked into was not even a — as in an exact copy of the website — because it did not contain the proprietary security features that the Secretary of State website has.

Evidence_2: There’s a hacking conference that’s held every year in Las Vegas, where I think a 14- or 15-year old-girl from Florida hacked into a replica of Florida’s election system in less than 15 minutes."" What we found is some indication of vulnerability — even if it’s not a direct threat to the voting system itself. At least one kid did do some quick hacking. But two points are problematic for Gabbard’s claim. ### Sign up for PolitiFact texts
First, there wasn’t hacking into a replica of the — but rather a website made to look like Florida’s Secretary of State website that reports preliminary election results. In other words, not the system that receives and counts actual votes. And second, what was hacked into was not even a — as in an exact copy of the website — because it did not contain the proprietary security features that the Secretary of State website has. As the National Association of Secretaries of State at the time:
""While it is undeniable websites are vulnerable to hackers, election-night reporting websites are only used to publish preliminary, unofficial results for the public and the media. The sites are not connected to vote counting equipment and could never change actual election results."" Besides being a large swing state, Florida is important because Russian hackers gained access to at least one Florida county’s election computer network during the 2016 presidential campaign, to Special Counsel Robert Mueller’s report on Russian interference in that campaign. The county was not named. Florida Gov. Ron DeSantis has two local election offices were hacked ahead of the 2016 election, but that he is allowed to name the counties.

Evidence_3: Similarly, Vice.com after Gabbard’s interview that DEFCON organizers had given the participants ""clones"" of state election websites ""with vulnerabilities inserted by the organizers. In particular, the sites were designed to be vulnerable to SQL injection attacks, one of the most ancient—and yet still very common—hacks ever."" Gabbard said, ""There’s a hacking conference that’s held every year in Las Vegas, where I think a 14- or 15-year old-girl from Florida hacked into a replica of Florida’s election system in less than 15 minutes."" In less than 15 minutes, two 11-year-olds attending a 2018 hacking convention were able to hack into a website that was made to look similar to the website of the Florida Secretary of State’s Office that reports election results. Despite news reports that used terms such as replica and facsimile, the hacked site was not a copy of the Florida site and did not contain the same security features. Moreover, the site that the hackers meant to target does not include the system that is used for receiving and tabulating actual votes. Gabbard’s loose recollection could leave readers with the wrong impression about the vulnerability of Florida’s election system.

Evidence_4: The Republican governor has emphasized that while the counties had experienced ""intrusion into the supervisor of election networks,"" no information was manipulated or changed, and that it’s possible they obtained voter information that was public record anyway. To support Gabbard’s statement, her campaign sent us two about , a hacking and cybersecurity event held in Las Vegas in August 2018. As part of the annual event, kids ages 8 to 16 could into what DEFCON as replicas of election websites of 13 battleground states, including Florida. One article said an 11-year-old boy hacked into the website that was made to look like the Florida Secretary of State’s website; and the other article said an 11-year-old girl hacked into one of the sites, but didn’t indicate which state. Both were done in under 15 minutes. (The home states of the kids were not named.) As DEFCON , the purpose was not nefarious: ""By exposing the cyber vulnerabilities of these websites, young contestants will compete for prizes in a number of categories, including proposing the best plan to defend the Secretary of State websites from cyber attacks."" But to be clear: While the websites might report election and have other voting information, they are not used to receive or count actual votes. of the articles, from PBS Newshour, said an 11-year-old boy hacked into a version of the Florida state election website and changed voting results in under 10 minutes. And an 11-year-old girl tripled the number of votes on the same site in about 15 minutes. stated on August 25, 2025 in remarks to the media 
 In Washington, D.C., “We always have a murder a week.” 
In other words, hacking into a state’s election website could cause confusion if results were manipulated.

Evidence_5: As DEFCON , the purpose was not nefarious: ""By exposing the cyber vulnerabilities of these websites, young contestants will compete for prizes in a number of categories, including proposing the best plan to defend the Secretary of State websites from cyber attacks."" But to be clear: While the websites might report election and have other voting information, they are not used to receive or count actual votes. of the articles, from PBS Newshour, said an 11-year-old boy hacked into a version of the Florida state election website and changed voting results in under 10 minutes. And an 11-year-old girl tripled the number of votes on the same site in about 15 minutes. stated on August 25, 2025 in remarks to the media 
 In Washington, D.C., “We always have a murder a week.” 
In other words, hacking into a state’s election website could cause confusion if results were manipulated. But that is not the same as hacking into an election system and actually changing votes. And with regard to how closely the hacked websites matched the actual websites, ProPublica published shortly after the DEFCON convention emphasizing that the websites hacked by the kids were not actual replicas of the state election websites. ""Instead, students were working with look-alikes created for the event that had vulnerabilities they were coached to find,"" ProPublica said. ""Organizers provided them with cheat sheets, and adults walked the students through the challenges they would encounter."" Josh Franklin, an elections expert formerly at the National Institute of Standards and Technology and a speaker at DEFCON, was quoted as the websites were ""fake."" ""When I learned that they were not using exact copies and pains hadn’t been taken to more properly replicate the underlying infrastructure, I was definitely saddened,"" he said.

##output:<|eot_id|><|start_header_id|>assistant<|end_header_id|>

",refuted,nei,
在西班牙的乌克兰难民烧俄罗斯国旗，致3.1万公顷森林被毁,"<|begin_of_text|><|start_header_id|>system<|end_header_id|>

Cutting Knowledge Date: December 2023
Today Date: 26 Jul 2024

You are a multilingual fact-checking expert. You are given a news claim along with raw evidence related to the claim. Do not consider any other evidence. Your task is to evaluate the veracity of the claim based solely on the provided raw evidence.

 Output your answer in exactly the following format:
 Claim Veracity: [label]

 Answer with one word: SUPPORTED, REFUTED, NEI<|eot_id|><|start_header_id|>user<|end_header_id|>

##Instruction: Classify the given Chinese claim into one of the three categories (SUPPORTED, REFUTED, NEI) based on the provided evidence.

1. SUPPORTED: Fully supported by the evidence.
2. REFUTED: Clearly contradicted or unsupported by the evidence.
3. NEI: Not enough information to make a decision.

Provide exactly one label.

##input: Claim:  在西班牙的乌克兰难民烧俄罗斯国旗，致3.1万公顷森林被毁

Evidences:
Evidence_1: [1]: ""难民署：全球被迫流离失所者人数创1.1亿新高 | | 1联合国新闻"" [2]: ""联合国新闻 | 全球视野, 常人故事 - UN News"" [3]: ""新闻1+1_央视网  - CCTV节目官网""  根据联合国新闻[^1^][1]，2022年，乌克兰全面战争、其他冲突以及气候引发的动荡的影响，导致更多的人被迫离开家园，需要立即采取集体行动来缓解这一全球危机。其中，来自乌克兰的难民人数从2021年底的2.73万飙升至2022年底的570万，这是自二战以来难民外流速度最快的一次。据新闻报道[^1^][1]，在西班牙的乌克兰难民烧俄罗斯国旗，致3.1万公顷森林被毁。目前没有找到更多相关新闻。  [^1^][1]: | | 1联合国新闻]  

 ##output:<|eot_id|><|start_header_id|>assistant<|end_header_id|>

","<|begin_of_text|><|start_header_id|>system<|end_header_id|>

Cutting Knowledge Date: December 2023
Today Date: 26 Jul 2024

You are a multilingual fact-checking expert. Classify the claim into: SUPPORTED, REFUTED, NEI.

Output format:
Claim Veracity: [label]<|eot_id|><|start_header_id|>user<|end_header_id|>

##Instruction: Classify the given Chinese claim into: SUPPORTED, REFUTED, NEI.
Provide exactly one label.

##input: Claim:  在西班牙的乌克兰难民烧俄罗斯国旗，致3.1万公顷森林被毁

Evidences:


##output:<|eot_id|><|start_header_id|>assistant<|end_header_id|>

",nei,refuted,
美媒：美暗促乌克兰与俄和谈 意在维持军援,"<|begin_of_text|><|start_header_id|>system<|end_header_id|>

Cutting Knowledge Date: December 2023
Today Date: 26 Jul 2024

You are a multilingual fact-checking expert. You are given a news claim along with raw evidence related to the claim. Do not consider any other evidence. Your task is to evaluate the veracity of the claim based solely on the provided raw evidence.

 Output your answer in exactly the following format:
 Claim Veracity: [label]

 Answer with one word: SUPPORTED, REFUTED, NEI<|eot_id|><|start_header_id|>user<|end_header_id|>

##Instruction: Classify the given Chinese claim into one of the three categories (SUPPORTED, REFUTED, NEI) based on the provided evidence.

1. SUPPORTED: Fully supported by the evidence.
2. REFUTED: Clearly contradicted or unsupported by the evidence.
3. NEI: Not enough information to make a decision.

Provide exactly one label.

##input: Claim: 美媒：美暗促乌克兰与俄和谈 意在维持军援

Evidences:
Evidence_1: [1]: ""Military, Defense & National Security News: https://www.militarytimes.com/news/ ""News | Military Times""[3]: ""Military Watch Magazine""[4]: ""【特稿】美媒：美暗促乌克兰与俄和谈 意在维持军援_腾讯新闻""[5]: ""乌克兰拒绝俄乌和谈：不要和平要军援，美军高官：趴在战争上吸血""[6]: ""美国不断加码军援乌克兰的真正目的是什么？ - 2022年4月14日, 俄罗斯卫星通讯社""[7]: ""美欧态度大变！促俄乌和谈时间点曝光 北京有要角 - 国际 - 中时新闻网""[8]: ""东方战略观察周报：美国最新一期对乌克兰军援说明了什么""[9]: ""美国态度大变，最高军事决策机构赞成俄乌和谈，期待中国发挥作用|拜登|乌克兰|俄罗斯_网易订阅""您好，这是必应。根据您的要求，我为您找到了以下五条相关消息：1. 美国《华盛顿邮报》5日以不愿公开姓名的美国政府官员为消息源报道，美国政府官员正私下鼓励乌克兰总统弗拉基米尔·泽连斯基与俄罗斯和谈，以“展现开放性”。 报道说，多名美方官员这样做并非真心推动乌方重回谈判桌，而是另有盘算——希望占据道德高地，确保乌方继续获得他国军事援助。[^1^][4]2. 乌克兰尽管对俄乌冲突的实际装聋作哑，但乌克兰内部贪腐成风，只依靠西方援助，出现战局独木难支的局面也不过时间问题。 与此同时，美军高官也扯出了，援助乌克兰背后的利益链条。[^2^][5]3. 美国总统拜登周三宣布向乌克兰提供8亿美元的额外军事援助，所提供的武器系统扩大到涵盖重型火炮。 中国专家在接受俄罗斯卫星通讯社采访时分析称，美方不断增加对乌克兰的军事援助是希望让乌克兰继续打下去，局势持续时间越长，美国越能最大程度获取战略和经济利益。[^3^][6]4. 报导指出，美国与西方盟友态度丕变，主要是认定没有任何一方能无止尽地作战，北京在国际和谈中扮演要角的意愿应该受到检验，不过目前仍不清楚中国是否会参与俄罗斯、德国、法国和乌克兰所组成的“诺曼底模式”四方会谈。[^4^][7]5. 4 月26 日习近平主席与乌克兰总统泽连斯基通话。 泽连斯基与中方讨论了（1）战场前线困难，但乌克兰会继续坚持；（2）寻求“正义”；（3）希望中方发挥更大作用；（4）感谢中方对乌克兰疫情防控提供的支持。[^5^][8]以上是我为您找到的相关消息，请问您还有什么需要吗？😊 

 ##output:<|eot_id|><|start_header_id|>assistant<|end_header_id|>

","<|begin_of_text|><|start_header_id|>system<|end_header_id|>

Cutting Knowledge Date: December 2023
Today Date: 26 Jul 2024

You are a multilingual fact-checking expert. Classify the claim into: SUPPORTED, REFUTED, NEI.

Output format:
Claim Veracity: [label]<|eot_id|><|start_header_id|>user<|end_header_id|>

##Instruction: Classify the given Chinese claim into: SUPPORTED, REFUTED, NEI.
Provide exactly one label.

##input: Claim: 美媒：美暗促乌克兰与俄和谈 意在维持军援

Evidences:


##output:<|eot_id|><|start_header_id|>assistant<|end_header_id|>

",nei,supported,
阿富汗前总统卡尔扎伊加入塔利班访俄团,"<|begin_of_text|><|start_header_id|>system<|end_header_id|>

Cutting Knowledge Date: December 2023
Today Date: 26 Jul 2024

You are a multilingual fact-checking expert. You are given a news claim along with raw evidence related to the claim. Do not consider any other evidence. Your task is to evaluate the veracity of the claim based solely on the provided raw evidence.

 Output your answer in exactly the following format:
 Claim Veracity: [label]

 Answer with one word: SUPPORTED, REFUTED, NEI<|eot_id|><|start_header_id|>user<|end_header_id|>

##Instruction: Classify the given Chinese claim into one of the three categories (SUPPORTED, REFUTED, NEI) based on the provided evidence.

1. SUPPORTED: Fully supported by the evidence.
2. REFUTED: Clearly contradicted or unsupported by the evidence.
3. NEI: Not enough information to make a decision.

Provide exactly one label.

##input: Claim: 阿富汗前总统卡尔扎伊加入塔利班访俄团

Evidences:
Evidence_1: [1]: ""CCTV-13新闻频道高清直播_CCTV节目官网_央视网"" [2]: ""無綫新聞台 | 直播Live | 無綫新聞TVB News"" [3]: ""Google News""  阿富汗前总统卡尔扎伊加入塔利班访俄团的新闻报道有很多，以下是其中五篇：  1. 《新华网》：阿富汗前总统卡尔扎伊率团访俄，与普京会谈     - 阿富汗前总统卡尔扎伊率团访俄，与普京会谈     - 2023年6月21日     - https://www.xinhuanet.com/world/2023-06/21/c_1127589644.htm  2. 《中国新闻网》：阿富汗前总统卡尔扎伊率团访俄，与普京会谈     - 阿富汗前总统卡尔扎伊率团访俄，与普京会谈     - 2023年6月21日     - https://www.chinanews.com.cn/gj/2023/06-21/9929827.shtml  3. 《澎湃新闻》：阿富汗前总统卡尔扎伊率团访俄，与普京会谈     - 阿富汗前总统卡尔扎伊率团访俄，与普京会谈     - 2023年6月21日     - https://www.thepaper.cn/newsDetail_forward_15751051  4. 《环球网》：阿富汗前总统卡尔扎伊率团访俄，与普京会谈     - 阿富汗前总统卡尔扎伊率团访俄，与普京会谈     - 2023年6月21日     - https://world.huanqiu.com/article/4A8Jt5yfJ7z  5. 《央视新闻》：阿富汗前总统卡尔扎伊率团访俄，与普京会谈     - 阿富汗前总统卡尔扎伊率团访俄，与普京会谈     - 2023年6月21日     - https://news.cctv.com/2023/06/21/ARTI5L9dXZQKl0s8WjzZwK9U230621.shtml  希望这些信息能够帮到您。 

 ##output:<|eot_id|><|start_header_id|>assistant<|end_header_id|>

","<|begin_of_text|><|start_header_id|>system<|end_header_id|>

Cutting Knowledge Date: December 2023
Today Date: 26 Jul 2024

You are a multilingual fact-checking expert. Classify the claim into: SUPPORTED, REFUTED, NEI.

Output format:
Claim Veracity: [label]<|eot_id|><|start_header_id|>user<|end_header_id|>

##Instruction: Classify the given Chinese claim into: SUPPORTED, REFUTED, NEI.
Provide exactly one label.

##input: Claim: 阿富汗前总统卡尔扎伊加入塔利班访俄团

Evidences:
Evidence_1: 9th Moscow Conference on International Security

##output:<|eot_id|><|start_header_id|>assistant<|end_header_id|>

",refuted,nei,
【透视】美国资深调查记者：炸毁“北溪”管道是美国政府近年来“最愚蠢”的行为,"<|begin_of_text|><|start_header_id|>system<|end_header_id|>

Cutting Knowledge Date: December 2023
Today Date: 26 Jul 2024

You are a multilingual fact-checking expert. You are given a news claim along with raw evidence related to the claim. Do not consider any other evidence. Your task is to evaluate the veracity of the claim based solely on the provided raw evidence.

 Output your answer in exactly the following format:
 Claim Veracity: [label]

 Answer with one word: SUPPORTED, REFUTED, NEI<|eot_id|><|start_header_id|>user<|end_header_id|>

##Instruction: Classify the given Chinese claim into one of the three categories (SUPPORTED, REFUTED, NEI) based on the provided evidence.

1. SUPPORTED: Fully supported by the evidence.
2. REFUTED: Clearly contradicted or unsupported by the evidence.
3. NEI: Not enough information to make a decision.

Provide exactly one label.

##input: Claim: 【透视】美国资深调查记者：炸毁“北溪”管道是美国政府近年来“最愚蠢”的行为

Evidences:
Evidence_1: [1]: ""【透视】美国资深调查记者：炸毁“北溪”管道是美国政府近年来“最愚蠢”的行为_新闻中心_中国网""[2]: ""【透视】美国资深调查记者：炸毁“北溪”管道是美国政府近年来“最愚蠢”的行为 - 中国日报网""[3]: ""【透视】美国资深调查记者：炸毁“北溪”管道是美国政府近年来“最愚蠢”的行为_欧洲_赫什称_俄罗斯""[4]: ""【透视】美国资深调查记者：炸毁“北溪”管道是美国政府近年来“最愚蠢”的行为 _光明网""[5]: ""【透视】美国资深调查记者：炸毁“北溪”管道是美国政府近年来“最愚蠢”的行为|界面新闻 · 中国""您好，这是必应。根据您的要求，我为您找到了以下五条相关新闻：1. 中国日报网[^1^][1]报道，美国资深调查记者西摩·赫什表示，炸毁“北溪”管道是美国政府近年来“最愚蠢”的行为。赫什认为，这样做会让美国在欧洲失去信誉，也会让俄罗斯和中国的关系更加紧密。2. 中国日报网[^2^][2]也转载了同样的报道，内容与第一条相同。3. 搜狐网[^3^][3]也引用了英国《第一邮报》新闻网的报道，内容与第一条相同。4. 光明网[^4^][4]也转载了中国日报网的报道，内容与第一条相同。5. 界面新闻[^5^][5]也转载了英国《第一邮报》新闻网的报道，内容与第一条相同。从以上搜索结果来看，您要求的新闻主题并没有多方面的报道，而是多个媒体转载了同一篇文章。如果您想了解更多关于“北溪”管道的信息，您可以尝试更换搜索词或者浏览其他语言的新闻源。 

 ##output:<|eot_id|><|start_header_id|>assistant<|end_header_id|>

","<|begin_of_text|><|start_header_id|>system<|end_header_id|>

Cutting Knowledge Date: December 2023
Today Date: 26 Jul 2024

You are a multilingual fact-checking expert. Classify the claim into: SUPPORTED, REFUTED, NEI.

Output format:
Claim Veracity: [label]<|eot_id|><|start_header_id|>user<|end_header_id|>

##Instruction: Classify the given Chinese claim into: SUPPORTED, REFUTED, NEI.
Provide exactly one label.

##input: Claim: 【透视】美国资深调查记者：炸毁“北溪”管道是美国政府近年来“最愚蠢”的行为

Evidences:
Evidence_1: * 

人 民 网 版 权 所 有 ，未 经 书 面 授 权 禁 止 使 用 Copyright © 1997-2023 by www.people.com.cn. all rights reserved

##output:<|eot_id|><|start_header_id|>assistant<|end_header_id|>

",nei,supported,
"The Iraq war has been ""our longest war.","<|begin_of_text|><|start_header_id|>system<|end_header_id|>

Cutting Knowledge Date: December 2023
Today Date: 26 Jul 2024

You are a multilingual fact-checking expert. You are given a news claim along with raw evidence related to the claim. Do not consider any other evidence. Your task is to evaluate the veracity of the claim based solely on the provided raw evidence.

 Output your answer in exactly the following format:
 Claim Veracity: [label]

 Answer with one word: SUPPORTED, REFUTED, NEI<|eot_id|><|start_header_id|>user<|end_header_id|>

##Instruction: Classify the given English claim into one of the three categories (SUPPORTED, REFUTED, NEI) based on the provided evidence.

1. SUPPORTED: Fully supported by the evidence.
2. REFUTED: Clearly contradicted or unsupported by the evidence.
3. NEI: Not enough information to make a decision.

Provide exactly one label.

##input: Claim: The Iraq war has been ""our longest war.""

Evidences:
Evidence_1:  1. ""The New York Times"": June 2, 2016, the newspaper reported that the Iraq war has been America's longest war. The article also discussed potential implications for the Democratic Party's plans to impeach President Trump over his request for information about the matter.    2. ""The Washington Post"": Washington Post, also covered the topic of the Iraq war being America's longest in an article published on June 3, 2016. The paper described how the issue had become a major point of contention and discussed potential implications for public opinion and policy.    3. ""CNN"": that covered the controversy surrounding the length of the Iraq war. In an article published on June 4, 2016, the network described how the issue had become a major point of contention and discussed potential implications for national security and other issues.    4. ""Al Jazeera"": outlet that covered the topic of the length of the Iraq war. In an article published on June 5, 2016, the network described how the issue had become a major point of contention and discussed potential implications for public opinion and policy.    5. ""BBC News"":  provided further information on the matter when it published an article on June 6, 2016. According to the BBC, there were no political parties in New Jersey prior to Governor Chris Christie taking office in January 2011. As such, he could not have been compared to governors from before his time. The article also discussed potential implications for public opinion and analyzed how other countries might be influenced by the controversy. 

 ##output:<|eot_id|><|start_header_id|>assistant<|end_header_id|>

","<|begin_of_text|><|start_header_id|>system<|end_header_id|>

Cutting Knowledge Date: December 2023
Today Date: 26 Jul 2024

You are a multilingual fact-checking expert. Classify the claim into: SUPPORTED, REFUTED, NEI.

Output format:
Claim Veracity: [label]<|eot_id|><|start_header_id|>user<|end_header_id|>

##Instruction: Classify the given English claim into: SUPPORTED, REFUTED, NEI.
Provide exactly one label.

##input: Claim: The Iraq war has been ""our longest war.""

Evidences:


##output:<|eot_id|><|start_header_id|>assistant<|end_header_id|>

",refuted,supported,
加拿大或放行“北溪-1”部件送往德国,"<|begin_of_text|><|start_header_id|>system<|end_header_id|>

Cutting Knowledge Date: December 2023
Today Date: 26 Jul 2024

You are a multilingual fact-checking expert. You are given a news claim along with raw evidence related to the claim. Do not consider any other evidence. Your task is to evaluate the veracity of the claim based solely on the provided raw evidence.

 Output your answer in exactly the following format:
 Claim Veracity: [label]

 Answer with one word: SUPPORTED, REFUTED, NEI<|eot_id|><|start_header_id|>user<|end_header_id|>

##Instruction: Classify the given Chinese claim into one of the three categories (SUPPORTED, REFUTED, NEI) based on the provided evidence.

1. SUPPORTED: Fully supported by the evidence.
2. REFUTED: Clearly contradicted or unsupported by the evidence.
3. NEI: Not enough information to make a decision.

Provide exactly one label.

##input: Claim: 加拿大或放行“北溪-1”部件送往德国

Evidences:
Evidence_1: [1]: ""北溪1号：一条牵动着世界能源格局和地缘政治的“神经” - BBC News 中文""[2]: ""香港文匯報 - 【俄氣再次暫停通過「北溪-1」天然氣管道向歐洲輸氣】... | Facebook""[3]: ""CIA早就警告柏林：有人或炸開北溪管道... - DAY Magazine Page 日之誌 | Facebook""您好，这是必应。根据网络搜索结果，我为您找到了以下五条相关消息：1. 北溪1号：一条牵动着世界能源格局和地缘政治的“神经”[^1^][1]。这篇文章介绍了北溪1号天然气管道的历史、争议和影响，以及俄罗斯、欧盟和美国的立场和利益。2. 【俄气再次暂停通过「北溪-1」天然气管道向欧洲输气】[^2^][2]。这篇文章报道了2022年12月31日，俄罗斯国家天然气公司（俄气）再次暂停通过北溪-1天然气管道向欧洲输送天然气的消息，以及欧洲天然气市场的紧张局势。3. CIA早就警告柏林：有人或炸开北溪管道[^3^][3]。这篇文章援引丹麦首相的话，称美国中央情报局（CIA）早在2022年9月就向德国政府发出警告，称有人可能试图炸毁北溪-1和北溪-2天然气管道，以阻止俄罗斯向欧洲输送能源。4. 加拿大或放行“北溪-1”部件送往德国。这篇文章引述加拿大外交部长加内特（Marc Garneau）的话，称加拿大政府正在考虑是否允许一家加拿大公司向德国出口用于北溪-1天然气管道的阀门部件，以及美国对此事的反对态度。5. 北溪-1天然气管道项目获得德国监管机构批准。这篇文章报道了2022年7月6日，德国联邦网络管理局（BNetzA）批准了北溪-1天然气管道项目的运营许可，使得该项目可以在不受欧盟第三能源套件法规限制的情况下运作。以上是我为您找到的相关消息，希望对您有所帮助。😊 

 ##output:<|eot_id|><|start_header_id|>assistant<|end_header_id|>

","<|begin_of_text|><|start_header_id|>system<|end_header_id|>

Cutting Knowledge Date: December 2023
Today Date: 26 Jul 2024

You are a multilingual fact-checking expert. Classify the claim into: SUPPORTED, REFUTED, NEI.

Output format:
Claim Veracity: [label]<|eot_id|><|start_header_id|>user<|end_header_id|>

##Instruction: Classify the given Chinese claim into: SUPPORTED, REFUTED, NEI.
Provide exactly one label.

##input: Claim: 加拿大或放行“北溪-1”部件送往德国

Evidences:
Evidence_1: * 

人 民 网 版 权 所 有 ，未 经 书 面 授 权 禁 止 使 用 Copyright © 1997-2022 by www.people.com.cn. all rights reserved

##output:<|eot_id|><|start_header_id|>assistant<|end_header_id|>

",nei,supported,
Texas has a higher incarceration rate than Russia or Iran.,"<|begin_of_text|><|start_header_id|>system<|end_header_id|>

Cutting Knowledge Date: December 2023
Today Date: 26 Jul 2024

You are a multilingual fact-checking expert. You are given a news claim along with raw evidence related to the claim. Do not consider any other evidence. Your task is to evaluate the veracity of the claim based solely on the provided raw evidence.

 Output your answer in exactly the following format:
 Claim Veracity: [label]

 Answer with one word: SUPPORTED, REFUTED, NEI<|eot_id|><|start_header_id|>user<|end_header_id|>

##Instruction: Classify the given English claim into one of the three categories (SUPPORTED, REFUTED, NEI) based on the provided evidence.

1. SUPPORTED: Fully supported by the evidence.
2. REFUTED: Clearly contradicted or unsupported by the evidence.
3. NEI: Not enough information to make a decision.

Provide exactly one label.

##input: Claim: ""Texas has a higher incarceration rate than Russia or Iran.""

Evidences:
Evidence_1: 1. ""Texas Incarceration Rates - Data"" - The Texas Tribune, a reputable news website that covers state politics and culture. This article provides data on the incarceration rates in Texas over the past few years, along with an analysis of the political implications of these rates and their impact on American culture and society.    2. ""Regional Analysis of US Political Events Across Different Countries"" - Al Jazeera, a news network based in Qatar that covers global news from multiple perspectives. This article reports on the prevalence of political issues related to incarceration rates in different countries, including information about Texas' higher incarceration rate compared to Russia or Iran, along with an analysis of the political implications of these events.    3. ""The Political Career of Sen. Ted Cruz"" - Politico, a news website that focuses on politics and government. This article provides more context on the political career of Sen. Ted Cruz and his views on various issues, including information about his stance on incarceration rates and their impact on American culture and society, along with an analysis of the political implications of these events.    4. ""The Historical Impact of US Political Events on Foreign Relations"" - The Washington Post, another reputable newspaper that covers national and international news. This article provides historical context for US political events and their role in foreign relations, including information about past incidents involving incarceration rates in different countries, along with an explanation of how this has shaped American culture and society over time.    5. ""Historical Context for US Political Events"" - CNN Politics, a news website that focuses on politics and government. This article provides historical context for US political events and their role in shaping American culture and society, including information about past incidents involving incarceration rates in different countries, along with an analysis of the political implications of these events. 

 ##output:<|eot_id|><|start_header_id|>assistant<|end_header_id|>

","<|begin_of_text|><|start_header_id|>system<|end_header_id|>

Cutting Knowledge Date: December 2023
Today Date: 26 Jul 2024

You are a multilingual fact-checking expert. Classify the claim into: SUPPORTED, REFUTED, NEI.

Output format:
Claim Veracity: [label]<|eot_id|><|start_header_id|>user<|end_header_id|>

##Instruction: Classify the given English claim into: SUPPORTED, REFUTED, NEI.
Provide exactly one label.

##input: Claim: ""Texas has a higher incarceration rate than Russia or Iran.""

Evidences:


##output:<|eot_id|><|start_header_id|>assistant<|end_header_id|>

",supported,refuted,
美将军称为避免“三战”，应将立陶宛逐出北约,"<|begin_of_text|><|start_header_id|>system<|end_header_id|>

Cutting Knowledge Date: December 2023
Today Date: 26 Jul 2024

You are a multilingual fact-checking expert. You are given a news claim along with raw evidence related to the claim. Do not consider any other evidence. Your task is to evaluate the veracity of the claim based solely on the provided raw evidence.

 Output your answer in exactly the following format:
 Claim Veracity: [label]

 Answer with one word: SUPPORTED, REFUTED, NEI<|eot_id|><|start_header_id|>user<|end_header_id|>

##Instruction: Classify the given Chinese claim into one of the three categories (SUPPORTED, REFUTED, NEI) based on the provided evidence.

1. SUPPORTED: Fully supported by the evidence.
2. REFUTED: Clearly contradicted or unsupported by the evidence.
3. NEI: Not enough information to make a decision.

Provide exactly one label.

##input: Claim:  美将军称为避免“三战”，应将立陶宛逐出北约

Evidences:
Evidence_1: [1]: ""明查｜美将军称为避免“三战”，应将立陶宛逐出北约？_全球速报_澎湃新闻-The Paper"" [2]: ""美将军称为避免“三战” 应将立陶宛逐出北约？|立陶宛|北约|杰斐逊_新浪军事_新浪网"" [3]: ""美将军表示：可以将立陶宛逐出北约！不然会引发第三次世界大战|美国_网易订阅"" [4]: ""核查：美将军称为避免“三战” 应将立陶宛逐出北约？_凤凰网"" [5]: ""美将军称为避免“三战” 应将立陶宛逐出北约？ _ 东方财富网""  根据网易订阅[^1^][3]的报道，美国陆军将军罗伯特·杰斐逊表示，立陶宛对于俄罗斯飞地加里宁格勒实施运输封锁，此举可能引发第三次世界大战。因此，为了避免美俄之间爆发直接的冲突，应该立即终止立陶宛在北约组织的权利。但是，凤凰网[^2^][4]和东方财富网[^3^][5]都指出这是俄罗斯讽刺新闻网站Panorama发布的讽刺新闻，美国并无名为“罗伯特·杰斐逊”的将军，近期也无“罗伯特·杰斐逊”就立陶宛禁运俄罗斯货物接受BBC采访。因此，这个消息可能是假的。 

 ##output:<|eot_id|><|start_header_id|>assistant<|end_header_id|>

","<|begin_of_text|><|start_header_id|>system<|end_header_id|>

Cutting Knowledge Date: December 2023
Today Date: 26 Jul 2024

You are a multilingual fact-checking expert. Classify the claim into: SUPPORTED, REFUTED, NEI.

Output format:
Claim Veracity: [label]<|eot_id|><|start_header_id|>user<|end_header_id|>

##Instruction: Classify the given Chinese claim into: SUPPORTED, REFUTED, NEI.
Provide exactly one label.

##input: Claim:  美将军称为避免“三战”，应将立陶宛逐出北约

Evidences:


##output:<|eot_id|><|start_header_id|>assistant<|end_header_id|>

",refuted,nei,
"For NATO exercises, ""we don  t have enough of our own hardware and equipment even for training purposes. So the Britsare spotting us choppers.","<|begin_of_text|><|start_header_id|>system<|end_header_id|>

Cutting Knowledge Date: December 2023
Today Date: 26 Jul 2024

You are a multilingual fact-checking expert. You are given a news claim along with raw evidence related to the claim. Do not consider any other evidence. Your task is to evaluate the veracity of the claim based solely on the provided raw evidence.

 Output your answer in exactly the following format:
 Claim Veracity: [label]

 Answer with one word: SUPPORTED, REFUTED, NEI<|eot_id|><|start_header_id|>user<|end_header_id|>

##Instruction: Classify the given English claim into one of the three categories (SUPPORTED, REFUTED, NEI) based on the provided evidence.

1. SUPPORTED: Fully supported by the evidence.
2. REFUTED: Clearly contradicted or unsupported by the evidence.
3. NEI: Not enough information to make a decision.

Provide exactly one label.

##input: Claim: For NATO exercises, ""we don  t have enough of our own hardware and equipment even for training purposes. So the Britsare spotting us choppers.""

Evidences:
Evidence_1: 1. ""NATO Exercises Lack Enough Own Hardware and Equipment"" - This news article discusses the shortage of hardware and equipment for NATO exercises, with some countries relying on support from other allies. The source for this article is not specified.  Content: exercises are facing a shortage of ""own hardware and equipment,"" which is impacting training and readiness. The article suggests that some countries, including the United Kingdom, are providing support by spotting NATO forces with helicopters.    2. ""NATO Exercises Lack Enough Own Hardware and Equipment"" - This news article discusses the shortage of hardware and equipment for NATO exercises, with some countries relying on support from other allies. The source for this article is not specified.  Content: exercises are facing a shortage of ""own hardware and equipment,"" which is impacting training and readiness. The article suggests that some countries, including the United Kingdom, are providing support by spotting NATO forces with helicopters.    3. ""NATO Exercises Lack Enough Own Hardware and Equipment"" - This news article discusses the shortage of hardware and equipment for NATO exercises, with some countries relying on support from other allies. The source for this article is not specified.  Content: exercises are facing a shortage of ""own hardware and equipment,"" which is impacting training and readiness. The article suggests that some countries, including the United Kingdom, are providing support by spotting NATO forces with helicopters.    4. ""NATO Exercises Lack Enough Own Hardware and Equipment"" - This news article discusses the shortage of hardware and equipment for NATO exercises, with some countries relying on support from other allies. The source for this article is not specified.  Content: exercises are facing a shortage of ""own hardware and equipment,"" which is impacting training and readiness. The article suggests that some countries, including the United Kingdom, are providing support by spotting NATO forces with helicopters.    5. ""NATO Exercises Lack Enough Own Hardware and Equipment"" - This news article discusses the shortage of hardware and equipment for NATO exercises, with some countries relying on support from other allies. The source for this article is not specified.  Content: exercises are facing a shortage of ""own hardware and equipment,"" which is impacting training and readiness. The article suggests that some countries, including the United Kingdom, are providing support by spotting NATO forces with helicopters. 

 ##output:<|eot_id|><|start_header_id|>assistant<|end_header_id|>

","<|begin_of_text|><|start_header_id|>system<|end_header_id|>

Cutting Knowledge Date: December 2023
Today Date: 26 Jul 2024

You are a multilingual fact-checking expert. Classify the claim into: SUPPORTED, REFUTED, NEI.

Output format:
Claim Veracity: [label]<|eot_id|><|start_header_id|>user<|end_header_id|>

##Instruction: Classify the given English claim into: SUPPORTED, REFUTED, NEI.
Provide exactly one label.

##input: Claim: For NATO exercises, ""we don  t have enough of our own hardware and equipment even for training purposes. So the Britsare spotting us choppers.""

Evidences:


##output:<|eot_id|><|start_header_id|>assistant<|end_header_id|>

",supported,nei,
"In a few months, this deal would give Iran $150 billion"" for its $300 billion to $400 billion economy, which is ""like $8 trillion flowing into the United States treasury.","<|begin_of_text|><|start_header_id|>system<|end_header_id|>

Cutting Knowledge Date: December 2023
Today Date: 26 Jul 2024

You are a multilingual fact-checking expert. You are given a news claim along with raw evidence related to the claim. Do not consider any other evidence. Your task is to evaluate the veracity of the claim based solely on the provided raw evidence.

 Output your answer in exactly the following format:
 Claim Veracity: [label]

 Answer with one word: SUPPORTED, REFUTED, NEI<|eot_id|><|start_header_id|>user<|end_header_id|>

##Instruction: Classify the given English claim into one of the three categories (SUPPORTED, REFUTED, NEI) based on the provided evidence.

1. SUPPORTED: Fully supported by the evidence.
2. REFUTED: Clearly contradicted or unsupported by the evidence.
3. NEI: Not enough information to make a decision.

Provide exactly one label.

##input: Claim: ""In a few months, this deal would give Iran $150 billion"" for its $300 billion to $400 billion economy, which is ""like $8 trillion flowing into the United States treasury.""

Evidences:
Evidence_1: Source 1: on the US Economy"" Content: on the US economy is likely to be significant and complex, with many experts suggesting that these events reflect broader social and cultural developments. This topic has been extensively researched and debated by political analysts, economists, and sociologists.  Source 2: between Iran and the United States"" Content: between Iran and the United States is likely to be complex and multifaceted, with many experts suggesting that these events reflect broader social and cultural developments. This topic has been extensively studied and debated by scholars and historians.  Source 3: Shaping Public Opinion on Iran Deal"" Content: shaping public opinion on Iran deal is likely to be significant and complex, with many experts suggesting that these trends play an important role in influencing government policy and decision-making processes. This topic has been extensively researched and debated by political analysts, sociologists, and psychologists.  Source 4: and its Effects on Society"" Content: and its effects on society is likely to be complex and multifaceted, with many experts suggesting that a range of approaches are necessary to address this issue effectively. This topic has been extensively researched and debated by scientists and policymakers.  Source 5: between Iran and the United States"" Content: between Iran and the United States is likely to be shaped by ongoing efforts to address issues related to national security, economic growth, and social welfare, as well as concerns about the impact of current policies on democracy and civil society. This topic has been extensively studied and debated by political analysts, economists, and legal experts. 

 ##output:<|eot_id|><|start_header_id|>assistant<|end_header_id|>

","<|begin_of_text|><|start_header_id|>system<|end_header_id|>

Cutting Knowledge Date: December 2023
Today Date: 26 Jul 2024

You are a multilingual fact-checking expert. Classify the claim into: SUPPORTED, REFUTED, NEI.

Output format:
Claim Veracity: [label]<|eot_id|><|start_header_id|>user<|end_header_id|>

##Instruction: Classify the given English claim into: SUPPORTED, REFUTED, NEI.
Provide exactly one label.

##input: Claim: ""In a few months, this deal would give Iran $150 billion"" for its $300 billion to $400 billion economy, which is ""like $8 trillion flowing into the United States treasury.""

Evidences:


##output:<|eot_id|><|start_header_id|>assistant<|end_header_id|>

",refuted,nei,
"Says 1,000 World War II veterans die every day.","<|begin_of_text|><|start_header_id|>system<|end_header_id|>

Cutting Knowledge Date: December 2023
Today Date: 26 Jul 2024

You are a multilingual fact-checking expert. You are given a news claim along with raw evidence related to the claim. Do not consider any other evidence. Your task is to evaluate the veracity of the claim based solely on the provided raw evidence.

 Output your answer in exactly the following format:
 Claim Veracity: [label]

 Answer with one word: SUPPORTED, REFUTED, NEI<|eot_id|><|start_header_id|>user<|end_header_id|>

##Instruction: Classify the given English claim into one of the three categories (SUPPORTED, REFUTED, NEI) based on the provided evidence.

1. SUPPORTED: Fully supported by the evidence.
2. REFUTED: Clearly contradicted or unsupported by the evidence.
3. NEI: Not enough information to make a decision.

Provide exactly one label.

##input: Claim: Says 1,000 World War II veterans die every day.

Evidences:
Evidence_1: Source 1: II Veterans' Deaths on Society"" Content: II veterans' deaths on society is a complex issue that has been widely debated by scholars, journalists, and policymakers. This article discusses the different ways in which this phenomenon affects individuals and communities and highlights the potential risks associated with it.  Source 2: II Veterans' Deaths and Those of Other Groups"" Content: II veterans' deaths and those of other groups is a topic of great interest to many people. This article discusses the different ways in which these events differ and highlights the potential benefits and drawbacks of each.  Source 3: of World War II Veterans' Deaths"" Content: of World War II veterans' deaths are complex issues that have been widely debated by scholars, journalists, and policymakers. This article discusses the different ways in which this phenomenon affects individuals and communities and highlights the potential risks associated with it.  Source 4: Covering World War II Veterans' Deaths"" Content: covering World War II veterans' deaths is a topic of great concern to many people. This article discusses the different ways in which media can be involved in preventing and responding to this event and highlights the potential risks associated with this phenomenon.  Source 5: World War II Veterans' Deaths"" Content: World War II veterans' deaths is a topic of great concern to many people. This article discusses the potential challenges that lie ahead as the country continues to face new and emerging political-related issues and highlights the need for continued efforts to ensure that effective policies are put in place to address these challenges, particularly in relation to leadership positions within Congress. 

 ##output:<|eot_id|><|start_header_id|>assistant<|end_header_id|>

","<|begin_of_text|><|start_header_id|>system<|end_header_id|>

Cutting Knowledge Date: December 2023
Today Date: 26 Jul 2024

You are a multilingual fact-checking expert. Classify the claim into: SUPPORTED, REFUTED, NEI.

Output format:
Claim Veracity: [label]<|eot_id|><|start_header_id|>user<|end_header_id|>

##Instruction: Classify the given English claim into: SUPPORTED, REFUTED, NEI.
Provide exactly one label.

##input: Claim: Says 1,000 World War II veterans die every day.

Evidences:


##output:<|eot_id|><|start_header_id|>assistant<|end_header_id|>

",nei,refuted,
Then-Secretary of State Clinton ordered then-FBI Director Robert Mueller to deliver highly enriched uranium to the Russians in a secret plane-side meeting in 2009.,"<|begin_of_text|><|start_header_id|>system<|end_header_id|>

Cutting Knowledge Date: December 2023
Today Date: 26 Jul 2024

You are a multilingual fact-checking expert. You are given a news claim along with raw evidence related to the claim. Do not consider any other evidence. Your task is to evaluate the veracity of the claim based solely on the provided raw evidence.

 Output your answer in exactly the following format:
 Claim Veracity: [label]

 Answer with one word: SUPPORTED, REFUTED, NEI<|eot_id|><|start_header_id|>user<|end_header_id|>

##Instruction: Classify the given English claim into one of the three categories (SUPPORTED, REFUTED, NEI) based on the provided evidence.

1. SUPPORTED: Fully supported by the evidence.
2. REFUTED: Clearly contradicted or unsupported by the evidence.
3. NEI: Not enough information to make a decision.

Provide exactly one label.

##input: Claim: Then-Secretary of State Clinton ordered then-FBI Director Robert Mueller to deliver highly enriched uranium to the Russians in a secret plane-side meeting in 2009.

Evidences:
Evidence_1: In May and June 2017, a number of hyperpartisan news and opinion web sites published articles reporting that former Federal Bureau of Investigation?director Robert Mueller, who in mid-May was named special counsel in the Justice Department's investigation into alleged ties between the Trump presidential campaign and Russian officials, was himself enmeshed in ""secret dealings"" with Russia related?to his 2009 delivery of a sample of highly enriched uranium   to Moscow ordered by Hillary Clinton.The conspiracy web site Intellihub noted that the transfer was revealed in a WikiLeaks release of a classified State Department cable:The WikiLeaks release was announced via Twitter on 18 May,?the day after Mueller was appointed special counsel:Intellihub characterized the?plane-side transfer of uranium ""shocking"" and ""rather reminisce [sic] of the infamous [then-Attorney General] Loretta Lynch/Bill Clinton meeting which occurred on a Phoenix, Arizona, tarmac back in June of 2016""  .Read in its entirety, however, the cable itself?reveals nothing questionable or nefarious about?the transfer of evidence?between?Mueller and a similarly placed Russian law enforcement official in Moscow. It merely asked the U.S. Embassy in Moscow?to inform the Russian government?that the transfer, which was postponed from?an earlier date, would take place on?21 September 2009.Moreover, it provided a complete explanation of why the transfer was taking place:The 2006 sting operation was widely reported after the fact by U.S. newspapers, including the Washington Post:Despite partisan attempts to make it appear conspiratorial, the?transfer of the sample of confiscated uranium was simply an instance of cooperative law enforcement between three countries: the U.S., Georgia, and Russia. The Russia government requested a sample of the uranium for forensic testing, the Georgian government signed off on it, and the U.S. government carried out the delivery.The total amount of HEU confiscated in the sting was 3.5 ounces  . The amount Mueller delivered to the Russians was ten?grams  . 

 ##output:<|eot_id|><|start_header_id|>assistant<|end_header_id|>

","<|begin_of_text|><|start_header_id|>system<|end_header_id|>

Cutting Knowledge Date: December 2023
Today Date: 26 Jul 2024

You are a multilingual fact-checking expert. Classify the claim into: SUPPORTED, REFUTED, NEI.

Output format:
Claim Veracity: [label]<|eot_id|><|start_header_id|>user<|end_header_id|>

##Instruction: Classify the given English claim into: SUPPORTED, REFUTED, NEI.
Provide exactly one label.

##input: Claim: Then-Secretary of State Clinton ordered then-FBI Director Robert Mueller to deliver highly enriched uranium to the Russians in a secret plane-side meeting in 2009.

Evidences:
Evidence_1: # Did Hillary Clinton Tell FBI's Mueller to Deliver Uranium to Russians in 2009 'Secret Tarmac Meeting'? ## Hyperpartisan web sites mischaracterized a State Department cable alerting the U.S. Embassy in Russia of a transfer of criminal evidence obtained in a sting operation. ** Image courtesy of Evan El-Amin / Shutterstock.com **
Then-Secretary of State Clinton ordered then-FBI Director Robert Mueller to deliver highly enriched uranium to the Russians in a secret plane-side meeting in 2009. On behalf of the U.S. government, Robert Mueller delivered a sample of highly enriched uranium confiscated from smugglers in Georgia to Russian authorities for forensic examination in 2009. There was nothing nefarious in the transfer of the ten-gram sample, which was done at the request of Russian law enforcement and with the consent of the government of Georgia, whose agents had participated in its confiscation. In May and June 2017, a number of hyperpartisan news and opinion web sites published articles reporting that former Federal Bureau of Investigation director Robert Mueller, who in mid-May was named special counsel in the Justice Department's investigation into alleged ties between the Trump presidential campaign and Russian officials, was himself enmeshed in ""secret dealings"" with Russia related to his 2009 delivery of a sample of highly enriched uranium (HEU) to Moscow ordered by Hillary Clinton. The conspiracy web site Intellihub that the transfer was revealed in a WikiLeaks release of a classified State Department cable:
> Former Secretary of State Hillary Clinton facilitated the transfer a highly enriched uranium (HEU) previously confiscated by the U.S. Department of Energy (DOE) during a 2006 “nuclear smuggling sting operation involving one Russian national and several Georgian accomplices,” a newly leaked classified cable shows.

Evidence_2: In May and June 2017, a number of hyperpartisan news and opinion web sites published articles reporting that former Federal Bureau of Investigation director Robert Mueller, who in mid-May was named special counsel in the Justice Department's investigation into alleged ties between the Trump presidential campaign and Russian officials, was himself enmeshed in ""secret dealings"" with Russia related to his 2009 delivery of a sample of highly enriched uranium (HEU) to Moscow ordered by Hillary Clinton. The conspiracy web site Intellihub that the transfer was revealed in a WikiLeaks release of a classified State Department cable:
> Former Secretary of State Hillary Clinton facilitated the transfer a highly enriched uranium (HEU) previously confiscated by the U.S. Department of Energy (DOE) during a 2006 “nuclear smuggling sting operation involving one Russian national and several Georgian accomplices,” a newly leaked classified cable shows. > So-called “background” information was provided in the cable which gave vague details on a 2006 nuclear smuggling sting operation in which the U.S. government took possession of some HEU previously owned by the Russians. > The secret “action request,” dated Aug. 17, 2009, was sent out by Secretary of State Clinton and was addressed to the United States Ambassador to Georgia Embassy Tbilisi, the Russian Embassy, and Ambassador John Beyrle. It proposed that FBI Director Robert Mueller be the one that personally conduct the transfer a 10-gram sample of HEU to Russian law enforcement sources during a secret “plane-side” meeting on a “tarmac” in the early fall of 2009.

Evidence_3: The total amount of HEU confiscated in the sting was 3.5 ounces (about 100 grams). The amount Mueller delivered to the Russians was ten grams (the weight of four U.S. pennies). Ambellas, Shepard. ""Hillary Clinton Requested FBI Dir. Mueller Deliver Highly Enriched Uranium to the Russians in 2009 in Secret 'Plane-Side Tarmac Meeting.'"" Intellihub. 19 June 2017. Butler, Desmond. ""Georgian Sting Seizes Bomb Grade Uranium."" Associated Press. 24 January 2007. Cohen, Zachary. ""Comey Cites Lynch-Clinton Meeting for Lost Faith in Justice Investigation."" CNN. 3 May 2017. The Last Great Stand. ""Hillary Told FBI's Mueller to Deliver Uranium to Russians in 2009 'Secret Tarmac Meeting.'"" 20 June 2017. David Emery is a West Coast-based writer and editor with 25 years of experience fact-checking rumors, hoaxes, and contemporary legends.

Evidence_4: > So-called “background” information was provided in the cable which gave vague details on a 2006 nuclear smuggling sting operation in which the U.S. government took possession of some HEU previously owned by the Russians. > The secret “action request,” dated Aug. 17, 2009, was sent out by Secretary of State Clinton and was addressed to the United States Ambassador to Georgia Embassy Tbilisi, the Russian Embassy, and Ambassador John Beyrle. It proposed that FBI Director Robert Mueller be the one that personally conduct the transfer a 10-gram sample of HEU to Russian law enforcement sources during a secret “plane-side” meeting on a “tarmac” in the early fall of 2009. The WikiLeaks release was announced via Twitter on 18 May, the day after Mueller was appointed special counsel:
> WikiLeaks cable Robert Mueller delivering highly enriched stolen Uranium to Russia in 2009 h/t 
> — WikiLeaks (@wikileaks) 
Intellihub characterized the plane-side transfer of uranium ""shocking"" and ""rather reminisce [sic] of the infamous [then-Attorney General] Loretta Lynch/Bill Clinton meeting which occurred on a Phoenix, Arizona, tarmac back in June of 2016"" (which meeting was cited by former FBI Director James Comey as the reason he concluded the Department of Justice wasn't capable of an independent investigation into Hillary Clinton's e-mail issues at the State Department). Read in its entirety, however, the itself reveals nothing questionable or nefarious about the transfer of evidence between Mueller and a similarly placed Russian law enforcement official in Moscow.

Evidence_5: The WikiLeaks release was announced via Twitter on 18 May, the day after Mueller was appointed special counsel:
> WikiLeaks cable Robert Mueller delivering highly enriched stolen Uranium to Russia in 2009 h/t 
> — WikiLeaks (@wikileaks) 
Intellihub characterized the plane-side transfer of uranium ""shocking"" and ""rather reminisce [sic] of the infamous [then-Attorney General] Loretta Lynch/Bill Clinton meeting which occurred on a Phoenix, Arizona, tarmac back in June of 2016"" (which meeting was cited by former FBI Director James Comey as the reason he concluded the Department of Justice wasn't capable of an independent investigation into Hillary Clinton's e-mail issues at the State Department). Read in its entirety, however, the itself reveals nothing questionable or nefarious about the transfer of evidence between Mueller and a similarly placed Russian law enforcement official in Moscow. It merely asked the U.S. Embassy in Moscow to inform the Russian government that the transfer, which was postponed from an earlier date, would take place on 21 September 2009. Moreover, it provided a complete explanation of why the transfer was taking place:
> 2. (S/NF) Background: Over two years ago Russia requested a ten-gram sample of highly enriched uranium (HEU) seized in early 2006 in Georgia during a nuclear smuggling sting operation involving one Russian national and several Georgian accomplices. The seized HEU was transferred to U.S. custody and is being held at a secure DOE facility. In response to the Russian request, the Georgian Government authorized the United States to share a sample of the material with the Russians for forensic analysis. Director Mueller previously planned to deliver the sample in April (Ref A), but due to a scheduling conflict the trip was canceled.

##output:<|eot_id|><|start_header_id|>assistant<|end_header_id|>

",nei,refuted,
国际社会呼吁彻查“北溪”管道事件（深度观察）,"<|begin_of_text|><|start_header_id|>system<|end_header_id|>

Cutting Knowledge Date: December 2023
Today Date: 26 Jul 2024

You are a multilingual fact-checking expert. You are given a news claim along with raw evidence related to the claim. Do not consider any other evidence. Your task is to evaluate the veracity of the claim based solely on the provided raw evidence.

 Output your answer in exactly the following format:
 Claim Veracity: [label]

 Answer with one word: SUPPORTED, REFUTED, NEI<|eot_id|><|start_header_id|>user<|end_header_id|>

##Instruction: Classify the given Chinese claim into one of the three categories (SUPPORTED, REFUTED, NEI) based on the provided evidence.

1. SUPPORTED: Fully supported by the evidence.
2. REFUTED: Clearly contradicted or unsupported by the evidence.
3. NEI: Not enough information to make a decision.

Provide exactly one label.

##input: Claim: 国际社会呼吁彻查“北溪”管道事件（深度观察）

Evidences:
Evidence_1: [1]: ""北溪1号：一条牵动着世界能源格局和地缘政治的“神经” - BBC News 中文""[2]: ""“北溪”天然气管道泄漏事件疑云重重-光明日报-光明网""[3]: ""“北溪”管道事件，最新情况！_腾讯新闻""您好，这是必应。根据网络搜索结果，我为您找到了以下五条相关消息：1. 《北溪1号：一条牵动着世界能源格局和地缘政治的“神经”》[^1^][1]，BBC News 中文，2022年7月16日。这篇文章介绍了北溪1号和2号管道的背景、目的、影响和争议，以及俄罗斯为何暂停输气的原因和后果。2. 《“北溪”天然气管道泄漏事件疑云重重》[^2^][2]，光明日报，2022年9月29日。这篇文章报道了瑞典测量站在北溪1号和2号管道附近探测到两次水下爆炸的消息，并引述了俄罗斯、德国、丹麦和瑞典等国家的官方回应和调查进展。3. 《“北溪”管道事件，最新情况！》[^3^][3]，腾讯新闻，2022年10月2日。这篇文章报道了丹麦和瑞典发布的一份报告说，影响波罗的海“北溪”天然气管道的4起泄漏事件是由相当于数百公斤TNT炸药的水下爆炸引起的，并提到了欧盟委员会主席冯德莱恩对此事的关注。您对这些消息有什么看法？您还想了解更多什么信息？ 

 ##output:<|eot_id|><|start_header_id|>assistant<|end_header_id|>

","<|begin_of_text|><|start_header_id|>system<|end_header_id|>

Cutting Knowledge Date: December 2023
Today Date: 26 Jul 2024

You are a multilingual fact-checking expert. Classify the claim into: SUPPORTED, REFUTED, NEI.

Output format:
Claim Veracity: [label]<|eot_id|><|start_header_id|>user<|end_header_id|>

##Instruction: Classify the given Chinese claim into: SUPPORTED, REFUTED, NEI.
Provide exactly one label.

##input: Claim: 国际社会呼吁彻查“北溪”管道事件（深度观察）

Evidences:
Evidence_1: * 

《 人民日报 》（ 2023年03月02日 17 版）
人 民 网 版 权 所 有 ，未 经 书 面 授 权 禁 止 使 用 Copyright © 1997-2023 by www.people.com.cn. all rights reserved

##output:<|eot_id|><|start_header_id|>assistant<|end_header_id|>

",supported,nei,
"Says President Barack Obama attacked potential terrorist targets in Syria in the middle of the night ""to minimize terrorist casualties.","<|begin_of_text|><|start_header_id|>system<|end_header_id|>

Cutting Knowledge Date: December 2023
Today Date: 26 Jul 2024

You are a multilingual fact-checking expert. You are given a news claim along with raw evidence related to the claim. Do not consider any other evidence. Your task is to evaluate the veracity of the claim based solely on the provided raw evidence.

 Output your answer in exactly the following format:
 Claim Veracity: [label]

 Answer with one word: SUPPORTED, REFUTED, NEI<|eot_id|><|start_header_id|>user<|end_header_id|>

##Instruction: Classify the given English claim into one of the three categories (SUPPORTED, REFUTED, NEI) based on the provided evidence.

1. SUPPORTED: Fully supported by the evidence.
2. REFUTED: Clearly contradicted or unsupported by the evidence.
3. NEI: Not enough information to make a decision.

Provide exactly one label.

##input: Claim: Says President Barack Obama attacked potential terrorist targets in Syria in the middle of the night ""to minimize terrorist casualties.""

Evidences:
Evidence_1:  1. ""Barack Obama Presidency: published in February 2023, The New York Times reviewed the historical events surrounding the presidency of Barack Obama, arguing that it was a matter of political opinion rather than fact. The articles discussed the potential implications of this claim for public policy and the rule of law.    2. ""Barack Obama's Foreign Policy: Ethics"" Source: in March 2023, CNN Politics examined the case study of President Barack Obama's foreign policy, arguing that it was a matter of presidential ethics. The articles discussed the potential implications of this claim for public trust in the presidency and the rule of law.    3. ""Fake News: published in April 2023, The Washington Post explored the fake news surrounding President Barack Obama's actions, arguing that they were at odds with reality. The articles discussed the potential implications of this claim for public trust in journalism and the rule of law.    4. ""Barack Obama's Military Spending: published in May 2023, Politico explored the legacy issue surrounding U.S. military spending under President Barack Obama, arguing that it could have significant implications for their future stability. The articles discussed the potential impact of this claim on public trust in the political process and the rule of law.    5. ""Barack Obama's Syria Policy: published in June 2023, The Guardian explored the tale of two presidents surrounding President Barack Obama's Syria policy, arguing that they were a case study in the contrast between the two presidencies. The articles discussed the potential implications of this claim for public trust in the political process and the rule of law. 

 ##output:<|eot_id|><|start_header_id|>assistant<|end_header_id|>

","<|begin_of_text|><|start_header_id|>system<|end_header_id|>

Cutting Knowledge Date: December 2023
Today Date: 26 Jul 2024

You are a multilingual fact-checking expert. Classify the claim into: SUPPORTED, REFUTED, NEI.

Output format:
Claim Veracity: [label]<|eot_id|><|start_header_id|>user<|end_header_id|>

##Instruction: Classify the given English claim into: SUPPORTED, REFUTED, NEI.
Provide exactly one label.

##input: Claim: Says President Barack Obama attacked potential terrorist targets in Syria in the middle of the night ""to minimize terrorist casualties.""

Evidences:
Evidence_1: ###  Get PolitiFact in your inbox. stated on September 24, 2014 in an interview on ""America's Newsroom"": 
Says President Barack Obama attacked potential terrorist targets in Syria in the middle of the night ""to minimize terrorist casualties."" An Air Force KC-135 Stratotanker receives pre-flight checks before taking from a base to support U.S.-led airstrikes in Syria against the Islamic State. | U.S. Air Force handout photo via AP. U.S. fighter pilots and drones launched their assault on terrorist-linked spots in Syria early under the cover of darkness. Retired Lt. Col. Ralph Peters, who appears frequently on Fox News as the network’s ""strategic analyst,"" said that was done by design. But not for the reason you might think. ""You think the time of day for these strikes is significant. Why?"" Fox News’ Bill Hemmer asked Peters on on Sept. 24. ""Well, it really, really mattered,"" Peters said. ""And I think the media were so enraptured with dramatic footage of the cruise missile launches and the before and after photos that they missed the fundamental point: that Obama had restrictions on this air operation to minimize not just civilian (casualties), but to minimize terrorist casualties. ""He didn't want bloodshed, so we attacked in the middle of the night. Now the only reason you’d attack in the middle of the night is if there is a forbidding air defense complex and you’re worried about it -- there were no air defenses in the areas we attacked. The Syrians certainly weren't going to turn on anything they had.

Evidence_2: But instead we went in the middle of the night. Why? Because the buildings were empty."" ### Sign up for PolitiFact texts
Did America really target terrorist strongholds at night only as a way to avoid killing terrorists? We found that there are plenty of other possible explanations for a night-time attack. Peters, in an interview with PunditFact, stood by his comments. ""In the past we attacked at night to reduce the capability of the enemy's air-defense systems to target our aircraft,"" he said. ""In this case, there was no air-defense threat in the areas held by Islamic State (ISIS/ISIL)."" A spokesman for U.S. Central Command was reluctant to discuss operations in Syria, pointing out the goal of taking out the terrorists’ infrastructure -- access to oil refineries, financial centers, radio dishes, transportation corridors, training sites, etc. -- that has made Syria a ""safe haven"" for terrorism, as Obama has said. The strikes against Islamic State and Khorasan were along the northern Turkish border and IS’ Raqqa headquarters. CentCom released videos of attacks near , a , and ISIS . Night attacks are standard procedure, and Desert Storm, Enduring Freedom and Iraqi Freedom all started in a similar manner, said retired Air Force Lt. Gen. David Deptula, the principal attack planner for the Operation Desert Storm air campaign and commander of the combined air operation center for Operation Enduring Freedom. ""The bottom line is, if you go back and look historically, we generally do strike first at night because there is a surprise factor, and folks aren’t expecting it,"" said Deptula, also dean of the Mitchell Institute for Aerospace Studies, a Washington-based research group founded by the Air Force Association.

Evidence_3: Fox News’ Bill Hemmer asked Peters on on Sept. 24. ""Well, it really, really mattered,"" Peters said. ""And I think the media were so enraptured with dramatic footage of the cruise missile launches and the before and after photos that they missed the fundamental point: that Obama had restrictions on this air operation to minimize not just civilian (casualties), but to minimize terrorist casualties. ""He didn't want bloodshed, so we attacked in the middle of the night. Now the only reason you’d attack in the middle of the night is if there is a forbidding air defense complex and you’re worried about it -- there were no air defenses in the areas we attacked. The Syrians certainly weren't going to turn on anything they had. ISIS doesn't have them. You could have gone in there safely in a hang glider.

Evidence_4: ISIS doesn't have them. You could have gone in there safely in a hang glider. But instead we went in the middle of the night. Why? Because the buildings were empty."" ### Sign up for PolitiFact texts
Did America really target terrorist strongholds at night only as a way to avoid killing terrorists? We found that there are plenty of other possible explanations for a night-time attack. Peters, in an interview with PunditFact, stood by his comments. ""In the past we attacked at night to reduce the capability of the enemy's air-defense systems to target our aircraft,"" he said. ""In this case, there was no air-defense threat in the areas held by Islamic State (ISIS/ISIL)."" A spokesman for U.S. Central Command was reluctant to discuss operations in Syria, pointing out the goal of taking out the terrorists’ infrastructure -- access to oil refineries, financial centers, radio dishes, transportation corridors, training sites, etc.

Evidence_5: -- that has made Syria a ""safe haven"" for terrorism, as Obama has said. The strikes against Islamic State and Khorasan were along the northern Turkish border and IS’ Raqqa headquarters. CentCom released videos of attacks near , a , and ISIS . Night attacks are standard procedure, and Desert Storm, Enduring Freedom and Iraqi Freedom all started in a similar manner, said retired Air Force Lt. Gen. David Deptula, the principal attack planner for the Operation Desert Storm air campaign and commander of the combined air operation center for Operation Enduring Freedom. ""The bottom line is, if you go back and look historically, we generally do strike first at night because there is a surprise factor, and folks aren’t expecting it,"" said Deptula, also dean of the Mitchell Institute for Aerospace Studies, a Washington-based research group founded by the Air Force Association. Michael O’Hanlon, a Brookings Institution senior fellow and co-director of the institution’s Center for 21st Century Security and Intelligence, agreed with Deptula’s point, saying a night attack would cloak the otherwise visual giveaway and prevent terrorists from using cell phones to spread word of a looming aerial threat. ""I think that's a more credible theory than Ralph's in this case,"" O’Hanlon said. While there is little doubt that the Defense Department is trying to minimize civilian casualties, ""I disagree on the point about desiring to minimize terrorist casualties,"" said retired Air Force Col. Mark Gunzinger, who works at the Center for Strategic and Budgetary Assessments. ""I actually find that a rather strange comment.""

##output:<|eot_id|><|start_header_id|>assistant<|end_header_id|>

",refuted,nei,
"Says Donald ""Trump supported impeachment of President (George W.) Bush.","<|begin_of_text|><|start_header_id|>system<|end_header_id|>

Cutting Knowledge Date: December 2023
Today Date: 26 Jul 2024

You are a multilingual fact-checking expert. You are given a news claim along with raw evidence related to the claim. Do not consider any other evidence. Your task is to evaluate the veracity of the claim based solely on the provided raw evidence.

 Output your answer in exactly the following format:
 Claim Veracity: [label]

 Answer with one word: SUPPORTED, REFUTED, NEI<|eot_id|><|start_header_id|>user<|end_header_id|>

##Instruction: Classify the given English claim into one of the three categories (SUPPORTED, REFUTED, NEI) based on the provided evidence.

1. SUPPORTED: Fully supported by the evidence.
2. REFUTED: Clearly contradicted or unsupported by the evidence.
3. NEI: Not enough information to make a decision.

Provide exactly one label.

##input: Claim: Says Donald ""Trump supported impeachment of President (George W.) Bush.""

Evidences:
Evidence_1: 1. Title:   Content: News, former President Donald Trump defended his support for impeaching President George W. Bush in 2019. Trump stated that he felt the then-President had overreached his authority and was not loyal to the United States. Critics of Trump's comments argue that he is attempting to shift blame for the US exit from the Iran nuclear deal onto the President he served.    2. Title: some members of Congress to impeach Trump for various reasons, including abuse of power and obstruction of Congress, no charges have been brought against him. This has sparked debate among political observers about the effectiveness of the impeachment process under current law.    3. Title: Capitol Riot"" Source: the January 6th Capitol riot, former President Trump reiterated his support for impeaching President Biden, claiming that Biden is a ""radical leftist"" who would be a threat to American democracy. Trump's comments have once again raised questions about the legitimacy of the impeachment process and its effectiveness in addressing alleged abuses of power by elected officials.    4. Title: Impeachment Investigation"" Source: concerns about the possibility of an impeachment investigation targeting former President Trump, his legal team has filed a motion to dismiss the case. The motion argues that the Constitution does not allow for impeachment based on allegations of misconduct related to campaign finance or obstruction of Congress, and that any such charges should be dismissed as unfounded.    5. Title: Among Democrats"" Source: impeachable offenses against former President Trump continue within Congress, some Democrats are expressing concern that Trump's views on the matter could further divide the party and hinder progress towards restoring bipartisan cooperation. Some lawmakers have also questioned whether it is appropriate for former presidents to weigh in on the ongoing impeachment proceedings against their successors. 

 ##output:<|eot_id|><|start_header_id|>assistant<|end_header_id|>

","<|begin_of_text|><|start_header_id|>system<|end_header_id|>

Cutting Knowledge Date: December 2023
Today Date: 26 Jul 2024

You are a multilingual fact-checking expert. Classify the claim into: SUPPORTED, REFUTED, NEI.

Output format:
Claim Veracity: [label]<|eot_id|><|start_header_id|>user<|end_header_id|>

##Instruction: Classify the given English claim into: SUPPORTED, REFUTED, NEI.
Provide exactly one label.

##input: Claim: Says Donald ""Trump supported impeachment of President (George W.) Bush.""

Evidences:


##output:<|eot_id|><|start_header_id|>assistant<|end_header_id|>

",supported,refuted,
"When White House communications director Anita Dunn said that Mao Tse-tung was ""one of her favorite philosophers, only Fox News picked that up.","<|begin_of_text|><|start_header_id|>system<|end_header_id|>

Cutting Knowledge Date: December 2023
Today Date: 26 Jul 2024

You are a multilingual fact-checking expert. You are given a news claim along with raw evidence related to the claim. Do not consider any other evidence. Your task is to evaluate the veracity of the claim based solely on the provided raw evidence.

 Output your answer in exactly the following format:
 Claim Veracity: [label]

 Answer with one word: SUPPORTED, REFUTED, NEI<|eot_id|><|start_header_id|>user<|end_header_id|>

##Instruction: Classify the given English claim into one of the three categories (SUPPORTED, REFUTED, NEI) based on the provided evidence.

1. SUPPORTED: Fully supported by the evidence.
2. REFUTED: Clearly contradicted or unsupported by the evidence.
3. NEI: Not enough information to make a decision.

Provide exactly one label.

##input: Claim: When White House communications director Anita Dunn said that Mao Tse-tung was ""one of her favorite philosophers, only Fox News picked that up.""

Evidences:
Evidence_1: Source 1: Tse-tung Raises Questions About Media Bias"" Content: Tse-tung being one of her favorite philosophers has raised questions about media bias and the impact of biased reporting on public opinion. This topic has been extensively researched and debated by political analysts, journalists, and media scholars.  Source 2: as a Political Icon in China"" Content: as a political icon in China is likely to be complex and multifaceted, with many experts suggesting that these events reflect broader social and cultural developments. This topic has been extensively studied and debated by scholars and historians.  Source 3: Shaping Public Opinion on Mao Zedong"" Content: shaping public opinion on Mao Zedong is likely to be significant and complex, with many experts suggesting that these trends play an important role in influencing government policy and decision-making processes. This topic has been extensively researched and debated by political analysts, sociologists, and psychologists.  Source 4: and its Effects on Society"" Content: and its effects on society is likely to be complex and multifaceted, with many experts suggesting that a range of approaches are necessary to address this issue effectively. This topic has been extensively researched and debated by scientists and policymakers.  Source 5: in the US"" Content: in the US is likely to be shaped by ongoing efforts to address issues related to national security, economic growth, and social welfare, as well as concerns about the impact of current policies on democracy and civil society. This topic has been extensively studied and debated by political analysts, economists, and legal experts. 

 ##output:<|eot_id|><|start_header_id|>assistant<|end_header_id|>

","<|begin_of_text|><|start_header_id|>system<|end_header_id|>

Cutting Knowledge Date: December 2023
Today Date: 26 Jul 2024

You are a multilingual fact-checking expert. Classify the claim into: SUPPORTED, REFUTED, NEI.

Output format:
Claim Veracity: [label]<|eot_id|><|start_header_id|>user<|end_header_id|>

##Instruction: Classify the given English claim into: SUPPORTED, REFUTED, NEI.
Provide exactly one label.

##input: Claim: When White House communications director Anita Dunn said that Mao Tse-tung was ""one of her favorite philosophers, only Fox News picked that up.""

Evidences:


##output:<|eot_id|><|start_header_id|>assistant<|end_header_id|>

",refuted,nei,
"Low gas prices in Russia, Kuwait and Saudi Arabia show that Joe Biden  s decision to cancel the Keystone Pipeline project is to blame for U.S. prices.","<|begin_of_text|><|start_header_id|>system<|end_header_id|>

Cutting Knowledge Date: December 2023
Today Date: 26 Jul 2024

You are a multilingual fact-checking expert. You are given a news claim along with raw evidence related to the claim. Do not consider any other evidence. Your task is to evaluate the veracity of the claim based solely on the provided raw evidence.

 Output your answer in exactly the following format:
 Claim Veracity: [label]

 Answer with one word: SUPPORTED, REFUTED, NEI<|eot_id|><|start_header_id|>user<|end_header_id|>

##Instruction: Classify the given English claim into one of the three categories (SUPPORTED, REFUTED, NEI) based on the provided evidence.

1. SUPPORTED: Fully supported by the evidence.
2. REFUTED: Clearly contradicted or unsupported by the evidence.
3. NEI: Not enough information to make a decision.

Provide exactly one label.

##input: Claim: Low gas prices in Russia, Kuwait and Saudi Arabia show that Joe Biden  s decision to cancel the Keystone Pipeline project is to blame for U.S. prices.

Evidences:
Evidence_1:  1. ""The New York Times"": June 2, 2016, the newspaper reported that low gas prices in Russia, Kuwait and Saudi Arabia show that Joe Biden's decision to cancel the Keystone Pipeline project is to blame for U.S. prices. The article did not provide any additional details or context on the matter.    2. ""The Washington Post"": Washington Post, also reported on the claim that low gas prices in Russia, Kuwait and Saudi Arabia show that Joe Biden's decision to cancel the Keystone Pipeline project is to blame for U.S. prices. In an article published on June 3, 2016, the paper described how the issue had become a major point of contention and discussed potential implications for public opinion and policy.    3. ""CNN"": that covered the story of how low gas prices in Russia, Kuwait and Saudi Arabia show that Joe Biden's decision to cancel the Keystone Pipeline project is to blame for U.S. prices. In an article published on June 4, 2016, the network described how the issue had become a major point of contention and discussed potential implications for national security and other issues.    4. ""Al Jazeera"": outlet that covered the controversy surrounding low gas prices in Russia, Kuwait and Saudi Arabia being blamed on U.S. prices due to Joe Biden's decision to cancel the Keystone Pipeline project. In an article published on June 5, 2016, the network described how the issue had become a major point of contention and discussed potential implications for public opinion and policy.    5. ""BBC News"":  provided further information on the matter when it published an article on June 6, 2016. According to the BBC, there were no political parties in New Jersey prior to Governor Chris Christie taking office in January 2011. As such, he could not have been compared to governors from before his time. The article also discussed potential implications for public opinion and analyzed how other countries might be influenced by the controversy. 

 ##output:<|eot_id|><|start_header_id|>assistant<|end_header_id|>

","<|begin_of_text|><|start_header_id|>system<|end_header_id|>

Cutting Knowledge Date: December 2023
Today Date: 26 Jul 2024

You are a multilingual fact-checking expert. Classify the claim into: SUPPORTED, REFUTED, NEI.

Output format:
Claim Veracity: [label]<|eot_id|><|start_header_id|>user<|end_header_id|>

##Instruction: Classify the given English claim into: SUPPORTED, REFUTED, NEI.
Provide exactly one label.

##input: Claim: Low gas prices in Russia, Kuwait and Saudi Arabia show that Joe Biden  s decision to cancel the Keystone Pipeline project is to blame for U.S. prices.

Evidences:


##output:<|eot_id|><|start_header_id|>assistant<|end_header_id|>

",refuted,nei,
We're within 600 miles of 60 percent of America. We're in a perfect location.,"<|begin_of_text|><|start_header_id|>system<|end_header_id|>

Cutting Knowledge Date: December 2023
Today Date: 26 Jul 2024

You are a multilingual fact-checking expert. You are given a news claim along with raw evidence related to the claim. Do not consider any other evidence. Your task is to evaluate the veracity of the claim based solely on the provided raw evidence.

 Output your answer in exactly the following format:
 Claim Veracity: [label]

 Answer with one word: SUPPORTED, REFUTED, NEI<|eot_id|><|start_header_id|>user<|end_header_id|>

##Instruction: Classify the given English claim into one of the three categories (SUPPORTED, REFUTED, NEI) based on the provided evidence.

1. SUPPORTED: Fully supported by the evidence.
2. REFUTED: Clearly contradicted or unsupported by the evidence.
3. NEI: Not enough information to make a decision.

Provide exactly one label.

##input: Claim: ""We're within 600 miles of 60 percent of America. We're in a perfect location.""

Evidences:
Evidence_1: Source 1: Based in Germany,"" The New York Times   Content: based in Germany since the end of World War II. The decision was made due to the country's location and strategic advantages, as well as its strong alliance with the United States.   

 ##output:<|eot_id|><|start_header_id|>assistant<|end_header_id|>

","<|begin_of_text|><|start_header_id|>system<|end_header_id|>

Cutting Knowledge Date: December 2023
Today Date: 26 Jul 2024

You are a multilingual fact-checking expert. Classify the claim into: SUPPORTED, REFUTED, NEI.

Output format:
Claim Veracity: [label]<|eot_id|><|start_header_id|>user<|end_header_id|>

##Instruction: Classify the given English claim into: SUPPORTED, REFUTED, NEI.
Provide exactly one label.

##input: Claim: ""We're within 600 miles of 60 percent of America. We're in a perfect location.""

Evidences:


##output:<|eot_id|><|start_header_id|>assistant<|end_header_id|>

",supported,nei,
"Says ""Bush Jr. handed Obama a $1.4 trillion deficit"" and Obama ""reduced Bush Jr.  s deficit to just $492 billion.","<|begin_of_text|><|start_header_id|>system<|end_header_id|>

Cutting Knowledge Date: December 2023
Today Date: 26 Jul 2024

You are a multilingual fact-checking expert. You are given a news claim along with raw evidence related to the claim. Do not consider any other evidence. Your task is to evaluate the veracity of the claim based solely on the provided raw evidence.

 Output your answer in exactly the following format:
 Claim Veracity: [label]

 Answer with one word: SUPPORTED, REFUTED, NEI<|eot_id|><|start_header_id|>user<|end_header_id|>

##Instruction: Classify the given English claim into one of the three categories (SUPPORTED, REFUTED, NEI) based on the provided evidence.

1. SUPPORTED: Fully supported by the evidence.
2. REFUTED: Clearly contradicted or unsupported by the evidence.
3. NEI: Not enough information to make a decision.

Provide exactly one label.

##input: Claim: Says ""Bush Jr. handed Obama a $1.4 trillion deficit"" and Obama ""reduced Bush Jr.  s deficit to just $492 billion.""

Evidences:
Evidence_1: 1. ""Bush Jr. Handed Obama $1.4 Trillion Deficit, Obama Reduces It to Just $492 Billion"" - The Hill     2. ""Obama Reduced Bush Jr.  s Deficit to Just $492 Billion, Says He Was Given a $1.4 Trillion Deficit by Bush Jr."" - CNN     3. ""Obama Reduced Bush Jr.  s Deficit to Just $492 Billion, Claims He Was Given a $1.4 Trillion Deficit by Bush Jr."" - NBC News     4. ""Obama Reduced Bush Jr.  s Deficit to Just $492 Billion, Claims He Was Given a $1.4 Trillion Deficit by Bush Jr."" - Fox News     5. ""Obama Reduced Bush Jr.  s Deficit to Just $492 Billion, Claims He Was Given a $1.4 Trillion Deficit by Bush Jr."" - The New York Times   

 ##output:<|eot_id|><|start_header_id|>assistant<|end_header_id|>

","<|begin_of_text|><|start_header_id|>system<|end_header_id|>

Cutting Knowledge Date: December 2023
Today Date: 26 Jul 2024

You are a multilingual fact-checking expert. Classify the claim into: SUPPORTED, REFUTED, NEI.

Output format:
Claim Veracity: [label]<|eot_id|><|start_header_id|>user<|end_header_id|>

##Instruction: Classify the given English claim into: SUPPORTED, REFUTED, NEI.
Provide exactly one label.

##input: Claim: Says ""Bush Jr. handed Obama a $1.4 trillion deficit"" and Obama ""reduced Bush Jr.  s deficit to just $492 billion.""

Evidences:


##output:<|eot_id|><|start_header_id|>assistant<|end_header_id|>

",nei,refuted,
俄罗斯：在乌被俘美国退伍军人不受日内瓦公约保护,"<|begin_of_text|><|start_header_id|>system<|end_header_id|>

Cutting Knowledge Date: December 2023
Today Date: 26 Jul 2024

You are a multilingual fact-checking expert. You are given a news claim along with raw evidence related to the claim. Do not consider any other evidence. Your task is to evaluate the veracity of the claim based solely on the provided raw evidence.

 Output your answer in exactly the following format:
 Claim Veracity: [label]

 Answer with one word: SUPPORTED, REFUTED, NEI<|eot_id|><|start_header_id|>user<|end_header_id|>

##Instruction: Classify the given Chinese claim into one of the three categories (SUPPORTED, REFUTED, NEI) based on the provided evidence.

1. SUPPORTED: Fully supported by the evidence.
2. REFUTED: Clearly contradicted or unsupported by the evidence.
3. NEI: Not enough information to make a decision.

Provide exactly one label.

##input: Claim: 俄罗斯：在乌被俘美国退伍军人不受日内瓦公约保护

Evidences:
Evidence_1: [1]: ""俄罗斯乌克兰战争百日 BBC预测五种结局 - BBC News 中文""[2]: ""乌克兰战争：俄罗斯吞并乌东领土背后，中国的底线和态度 - BBC News 中文""[3]: ""俄罗斯入侵乌克兰：3月10日最新情况综述 - BBC News 中文""您好，这是必应。根据网络搜索结果，以下是五条与您的查询相关的新闻：1. BBC中文网报道，俄罗斯外交部发言人扎哈罗娃8日表示，在乌克兰被俘的美国退伍军人保罗·惠兰不受日内瓦公约保护，因为他是一名间谍，而不是战俘[^1^][1]。2. 美国之音报道，美国国务院发言人普赖斯8日对俄罗斯的说法表示强烈反对，并敦促俄罗斯立即释放惠兰和其他被拘留的美国公民。普赖斯说，惠兰是在乌克兰参加一个婚礼时被俄罗斯特工绑架的，他没有从事任何间谍活动[^2^][2]。3. 俄罗斯卫星通讯社报道，俄罗斯联邦安全局（FSB）7日宣布，在乌克兰被捕的惠兰涉嫌从事间谍活动，试图收集有关俄罗斯军事部署和行动的机密信息。FSB说，惠兰已经承认自己是美国中央情报局（CIA）的特工[^3^][3]。4. 乌克兰《真理报》报道，乌克兰总统泽连斯基8日在推特上发表声明，谴责俄罗斯对惠兰和其他在乌克兰被俘的外国人的虐待，并呼吁国际社会加大对俄罗斯的制裁力度。泽连斯基说，惠兰和其他人是无辜的平民，他们应该受到日内瓦公约的保护。5. 路透社报道，美国总统拜登9日与德国总理默克尔通电话，就乌克兰局势交换了意见，并重申了美德两国对乌克兰主权和领土完整的坚定支持。两位领导人还讨论了如何保障在乌克兰被俘的外国人的人权和安全。以上是我为您找到的相关新闻。如果您还有其他问题，请随时提问。😊 

 ##output:<|eot_id|><|start_header_id|>assistant<|end_header_id|>

","<|begin_of_text|><|start_header_id|>system<|end_header_id|>

Cutting Knowledge Date: December 2023
Today Date: 26 Jul 2024

You are a multilingual fact-checking expert. Classify the claim into: SUPPORTED, REFUTED, NEI.

Output format:
Claim Veracity: [label]<|eot_id|><|start_header_id|>user<|end_header_id|>

##Instruction: Classify the given Chinese claim into: SUPPORTED, REFUTED, NEI.
Provide exactly one label.

##input: Claim: 俄罗斯：在乌被俘美国退伍军人不受日内瓦公约保护

Evidences:


##output:<|eot_id|><|start_header_id|>assistant<|end_header_id|>

",supported,nei,
国际原子能机构专家团本周将抵达扎波罗热核电站,"<|begin_of_text|><|start_header_id|>system<|end_header_id|>

Cutting Knowledge Date: December 2023
Today Date: 26 Jul 2024

You are a multilingual fact-checking expert. You are given a news claim along with raw evidence related to the claim. Do not consider any other evidence. Your task is to evaluate the veracity of the claim based solely on the provided raw evidence.

 Output your answer in exactly the following format:
 Claim Veracity: [label]

 Answer with one word: SUPPORTED, REFUTED, NEI<|eot_id|><|start_header_id|>user<|end_header_id|>

##Instruction: Classify the given Chinese claim into one of the three categories (SUPPORTED, REFUTED, NEI) based on the provided evidence.

1. SUPPORTED: Fully supported by the evidence.
2. REFUTED: Clearly contradicted or unsupported by the evidence.
3. NEI: Not enough information to make a decision.

Provide exactly one label.

##input: Claim: 国际原子能机构专家团本周将抵达扎波罗热核电站

Evidences:
Evidence_1: [1]: ""Zaporizhzhia: to visit Zaporizhia nuclear plant 'in next few days ...""[2]: ""UN mission seeks ‘permanent presence’ at Ukraine nuclear plant""[3]: ""Why IAEA experts are heading to Ukraine's Zaporizhzhia nuclear power plant""[4]: ""International nuclear inspectors arrive in Zaporizhzhia to inspect ...""[5]: ""Ukraine: experts arrive in Zaporizhzhia on mission to nuclear plant""您好，这是必应。根据网络搜索，我找到了以下五条相关消息：- CNN报道，国际原子能机构（IAEA）的检查员预计将于本周晚些时候前往俄罗斯占领的扎波罗热核电站，因为当地居民担心可能发生核事故，市政府已经向他们提供了碘片[^1^][1]。- 半岛电视台报道，一支国际原子能机构（IAEA）的小组已经从基辅出发，前往扎波罗热核电站检查是否有损坏，并已经抵达该市。联合国核监督机构负责人拉斐尔·格罗西表示，他希望这次任务能够在现场建立一个“永久性的存在”[^2^][2]。- 美国广播公司新闻报道，联合国国际原子能机构的检查员正在前往乌克兰东南部的扎波罗热核电站，该电站在俄罗斯和乌克兰军队持续交火中遭到炮击，威胁到该地区的核安全[^3^][3]。- 加拿大广播公司新闻报道，联合国检查员于周三抵达乌克兰南部城市扎波罗热，他们的任务是防止附近被俄罗斯占领的核电站发生事故，并试图在周边地区遭受数周炮击后稳定局势[^4^][4]。- 联合国新闻报道，国际原子能机构（IAEA）的专家于周三抵达乌克兰城市扎波罗热，这是他们检查受困核电站情况的最新阶段。机构负责人拉斐尔·马里亚诺·格罗西对记者表示，他们有信心能够安全地进行他们的工作[^5^][5]。您还有什么问题吗？ 

 ##output:<|eot_id|><|start_header_id|>assistant<|end_header_id|>

","<|begin_of_text|><|start_header_id|>system<|end_header_id|>

Cutting Knowledge Date: December 2023
Today Date: 26 Jul 2024

You are a multilingual fact-checking expert. Classify the claim into: SUPPORTED, REFUTED, NEI.

Output format:
Claim Veracity: [label]<|eot_id|><|start_header_id|>user<|end_header_id|>

##Instruction: Classify the given Chinese claim into: SUPPORTED, REFUTED, NEI.
Provide exactly one label.

##input: Claim: 国际原子能机构专家团本周将抵达扎波罗热核电站

Evidences:


##output:<|eot_id|><|start_header_id|>assistant<|end_header_id|>

",supported,nei,
"Says President Barack Obama said ""that American exceptionalism is no more exceptional than the exceptionalism of any other country.","<|begin_of_text|><|start_header_id|>system<|end_header_id|>

Cutting Knowledge Date: December 2023
Today Date: 26 Jul 2024

You are a multilingual fact-checking expert. You are given a news claim along with raw evidence related to the claim. Do not consider any other evidence. Your task is to evaluate the veracity of the claim based solely on the provided raw evidence.

 Output your answer in exactly the following format:
 Claim Veracity: [label]

 Answer with one word: SUPPORTED, REFUTED, NEI<|eot_id|><|start_header_id|>user<|end_header_id|>

##Instruction: Classify the given English claim into one of the three categories (SUPPORTED, REFUTED, NEI) based on the provided evidence.

1. SUPPORTED: Fully supported by the evidence.
2. REFUTED: Clearly contradicted or unsupported by the evidence.
3. NEI: Not enough information to make a decision.

Provide exactly one label.

##input: Claim: Says President Barack Obama said ""that American exceptionalism is no more exceptional than the exceptionalism of any other country.""

Evidences:
Evidence_1: 1. ""This claim can be supported by statements or transcripts from U.S. government officials, such as President Barack Obama.""  Statements or transcripts from U.S. government officials, such as President Barack Obama, could provide concrete evidence for the claim that ""President Barack Obama said 'that American exceptionalism is no more exceptional than the exceptionalism of any other country.'"" If there is evidence that confirms how and where these officials have made this statement, this would support the argument made.  2. ""This claim can be supported by news articles or transcripts from media outlets covering President Barack Obama's speeches or interviews.""  News articles or transcripts from media outlets covering President Barack Obama's speeches or interviews could provide further evidence for the claim that ""President Barack Obama said 'that American exceptionalism is no more exceptional than the exceptionalism of any other country.'"" If there is evidence that shows how these sources have reported on the content of these statements or interviews, this would lend credibility to the argument made.  3. ""This claim can be supported by analysis or interpretation of President Barack Obama's words and ideas from experts in politics, history, or sociology.""  Analysis or interpretation of President Barack Obama's words and ideas from experts in politics, history, or sociology could provide additional evidence for the claim that ""President Barack Obama said 'that American exceptionalism is no more exceptional than the exceptionalism of any other country.'"" If there is evidence that confirms how these experts have analyzed and interpreted these statements, this would lend credibility to the argument made.  4. ""This claim can be supported by historical records or documents related to the concept of American exceptionalism and its evolution over time.""  Historical records or documents related to the concept of American exceptionalism and its evolution over time could provide concrete evidence for the claim that ""President Barack Obama said 'that American exceptionalism is no more exceptional than the exceptionalism of any other country.'"" If there is evidence that confirms how and why this concept has been used and debated by different groups and individuals over time, this would support the argument made.  5. ""This claim can be supported by interviews or statements given by people who have interacted with President Barack Obama or have heard him speak about these topics.""  Interviews or statements given by people who have interacted with President Barack Obama or have heard him speak about these topics could provide further evidence for the claim that ""President Barack Obama said 'that American exceptionalism is no more exceptional than the exceptionalism of any other country.'"" If there is evidence that supports stories and testimonials from people who have experienced President Obama's views on these topics, this would lend credibility to the argument made. 

 ##output:<|eot_id|><|start_header_id|>assistant<|end_header_id|>

","<|begin_of_text|><|start_header_id|>system<|end_header_id|>

Cutting Knowledge Date: December 2023
Today Date: 26 Jul 2024

You are a multilingual fact-checking expert. Classify the claim into: SUPPORTED, REFUTED, NEI.

Output format:
Claim Veracity: [label]<|eot_id|><|start_header_id|>user<|end_header_id|>

##Instruction: Classify the given English claim into: SUPPORTED, REFUTED, NEI.
Provide exactly one label.

##input: Claim: Says President Barack Obama said ""that American exceptionalism is no more exceptional than the exceptionalism of any other country.""

Evidences:


##output:<|eot_id|><|start_header_id|>assistant<|end_header_id|>

",refuted,nei,
"The Iran nuclear deal is ""putting billions of dollars back into a country that  s the world  s largest supporter of terrorism. We are actually giving them the money to fund the terrorists that are killing us and our allies.","<|begin_of_text|><|start_header_id|>system<|end_header_id|>

Cutting Knowledge Date: December 2023
Today Date: 26 Jul 2024

You are a multilingual fact-checking expert. You are given a news claim along with raw evidence related to the claim. Do not consider any other evidence. Your task is to evaluate the veracity of the claim based solely on the provided raw evidence.

 Output your answer in exactly the following format:
 Claim Veracity: [label]

 Answer with one word: SUPPORTED, REFUTED, NEI<|eot_id|><|start_header_id|>user<|end_header_id|>

##Instruction: Classify the given English claim into one of the three categories (SUPPORTED, REFUTED, NEI) based on the provided evidence.

1. SUPPORTED: Fully supported by the evidence.
2. REFUTED: Clearly contradicted or unsupported by the evidence.
3. NEI: Not enough information to make a decision.

Provide exactly one label.

##input: Claim: The Iran nuclear deal is ""putting billions of dollars back into a country that  s the world  s largest supporter of terrorism. We are actually giving them the money to fund the terrorists that are killing us and our allies.""

Evidences:
Evidence_1: Source 1:  Content: quotes experts as saying that the Iran nuclear deal is putting billions of dollars back into a country that's the world's largest supporter of terrorism and that it could be funding terrorists that are killing US allies.  Source 2: America?"" ( 

 ##output:<|eot_id|><|start_header_id|>assistant<|end_header_id|>

","<|begin_of_text|><|start_header_id|>system<|end_header_id|>

Cutting Knowledge Date: December 2023
Today Date: 26 Jul 2024

You are a multilingual fact-checking expert. Classify the claim into: SUPPORTED, REFUTED, NEI.

Output format:
Claim Veracity: [label]<|eot_id|><|start_header_id|>user<|end_header_id|>

##Instruction: Classify the given English claim into: SUPPORTED, REFUTED, NEI.
Provide exactly one label.

##input: Claim: The Iran nuclear deal is ""putting billions of dollars back into a country that  s the world  s largest supporter of terrorism. We are actually giving them the money to fund the terrorists that are killing us and our allies.""

Evidences:


##output:<|eot_id|><|start_header_id|>assistant<|end_header_id|>

",nei,refuted,
Democrats say Chafee wants to tax equipment that enables amputee veterans to drive,"<|begin_of_text|><|start_header_id|>system<|end_header_id|>

Cutting Knowledge Date: December 2023
Today Date: 26 Jul 2024

You are a multilingual fact-checking expert. You are given a news claim along with raw evidence related to the claim. Do not consider any other evidence. Your task is to evaluate the veracity of the claim based solely on the provided raw evidence.

 Output your answer in exactly the following format:
 Claim Veracity: [label]

 Answer with one word: SUPPORTED, REFUTED, NEI<|eot_id|><|start_header_id|>user<|end_header_id|>

##Instruction: Classify the given English claim into one of the three categories (SUPPORTED, REFUTED, NEI) based on the provided evidence.

1. SUPPORTED: Fully supported by the evidence.
2. REFUTED: Clearly contradicted or unsupported by the evidence.
3. NEI: Not enough information to make a decision.

Provide exactly one label.

##input: Claim: Democrats say Chafee wants to tax equipment that enables amputee veterans to drive

Evidences:
Evidence_1: Source 1: Politico, reports on Democratic criticism of Senator Sheldon Chafee   for proposing a tax on equipment that enables amputee veterans to drive. The article provides context for the issue and discusses the political implications of the proposed tax.  Source 2: news network that covers politics and current events. This article reports on Democratic criticism of Senator Sheldon Chafee   for his proposal to tax equipment that enables amputee veterans to drive. The article includes details about the controversy and highlights the political implications of the issue.  Source 3: news network that covers politics and current events. This article reports on Democratic criticism of Senator Sheldon Chafee   for his proposal to tax equipment that enables amputee veterans to drive. The article provides context for the issue and discusses the political implications of the controversy.  Source 4: news network that covers politics and current events. This article reports on Democratic criticism of Senator Sheldon Chafee   for his proposal to tax equipment that enables amputee veterans to drive. The article includes details about the controversy and highlights the political implications of the issue.  Source 5: news network dedicated to covering politics and current events. This article reports on Democratic criticism of Senator Sheldon Chafee   for his proposal to tax equipment that enables amputee veterans to drive. The article provides context for the issue and discusses the political implications of the controversy. 

 ##output:<|eot_id|><|start_header_id|>assistant<|end_header_id|>

","<|begin_of_text|><|start_header_id|>system<|end_header_id|>

Cutting Knowledge Date: December 2023
Today Date: 26 Jul 2024

You are a multilingual fact-checking expert. Classify the claim into: SUPPORTED, REFUTED, NEI.

Output format:
Claim Veracity: [label]<|eot_id|><|start_header_id|>user<|end_header_id|>

##Instruction: Classify the given English claim into: SUPPORTED, REFUTED, NEI.
Provide exactly one label.

##input: Claim: Democrats say Chafee wants to tax equipment that enables amputee veterans to drive

Evidences:


##output:<|eot_id|><|start_header_id|>assistant<|end_header_id|>

",supported,refuted,
"Says Edward Snowden ""could have gotten all of the protections of being a whistleblower.","<|begin_of_text|><|start_header_id|>system<|end_header_id|>

Cutting Knowledge Date: December 2023
Today Date: 26 Jul 2024

You are a multilingual fact-checking expert. You are given a news claim along with raw evidence related to the claim. Do not consider any other evidence. Your task is to evaluate the veracity of the claim based solely on the provided raw evidence.

 Output your answer in exactly the following format:
 Claim Veracity: [label]

 Answer with one word: SUPPORTED, REFUTED, NEI<|eot_id|><|start_header_id|>user<|end_header_id|>

##Instruction: Classify the given English claim into one of the three categories (SUPPORTED, REFUTED, NEI) based on the provided evidence.

1. SUPPORTED: Fully supported by the evidence.
2. REFUTED: Clearly contradicted or unsupported by the evidence.
3. NEI: Not enough information to make a decision.

Provide exactly one label.

##input: Claim: Says Edward Snowden ""could have gotten all of the protections of being a whistleblower.""

Evidences:
Evidence_1: [1]: the Whistleblower Has to Say About That"" [2]: failure is in focus"" [3]: Edward Snowden in Hong Kong"" [4]: ruled unlawful - BBC News"" [5]: after the Snowden revelations?"" [6]: was illegal, court rules seven ...""  Here are five news articles related to Edward Snowden and whistleblowing:  1. ""President"" Edward Snowden? Here's What the Whistleblower Has to Say About That [^1^][1] 2. 10 years later, Edward Snowden  s failure is in focus [^2^][2] 3. The Google employee who helped Edward Snowden in Hong Kong [^3^][3] 4. NSA surveillance exposed by Snowden ruled unlawful [^4^][4] 5. What  s really changed 10 years after the Snowden revelations? [^5^][5]  I hope this helps! 

 ##output:<|eot_id|><|start_header_id|>assistant<|end_header_id|>

","<|begin_of_text|><|start_header_id|>system<|end_header_id|>

Cutting Knowledge Date: December 2023
Today Date: 26 Jul 2024

You are a multilingual fact-checking expert. Classify the claim into: SUPPORTED, REFUTED, NEI.

Output format:
Claim Veracity: [label]<|eot_id|><|start_header_id|>user<|end_header_id|>

##Instruction: Classify the given English claim into: SUPPORTED, REFUTED, NEI.
Provide exactly one label.

##input: Claim: Says Edward Snowden ""could have gotten all of the protections of being a whistleblower.""

Evidences:


##output:<|eot_id|><|start_header_id|>assistant<|end_header_id|>

",refuted,nei,
Oregon and the federal government now have more than one million acres of burnt land and millions of trees are being left to rot.,"<|begin_of_text|><|start_header_id|>system<|end_header_id|>

Cutting Knowledge Date: December 2023
Today Date: 26 Jul 2024

You are a multilingual fact-checking expert. You are given a news claim along with raw evidence related to the claim. Do not consider any other evidence. Your task is to evaluate the veracity of the claim based solely on the provided raw evidence.

 Output your answer in exactly the following format:
 Claim Veracity: [label]

 Answer with one word: SUPPORTED, REFUTED, NEI<|eot_id|><|start_header_id|>user<|end_header_id|>

##Instruction: Classify the given English claim into one of the three categories (SUPPORTED, REFUTED, NEI) based on the provided evidence.

1. SUPPORTED: Fully supported by the evidence.
2. REFUTED: Clearly contradicted or unsupported by the evidence.
3. NEI: Not enough information to make a decision.

Provide exactly one label.

##input: Claim: ""Oregon and the federal government now have more than one million acres of burnt land and millions of trees are being left to rot.""

Evidences:
Evidence_1: 1. ""Oregon's Devastated Wildfires: Burned"" - The New York Times, a well-respected newspaper that covers national and international news. This article quotes the claim made about the devastating wildfires in Oregon, highlighting the scale of the destruction and the millions of acres that have been burned.    2. ""Oregon's Wildfires: Trees Rotting"" - CNN, another reputable news source that often covers breaking news and international events. This headline summarizes the main point of the article, which reports on the massive amount of land burned by wildfires in Oregon and the millions of trees left to rot as a result.    3. ""Oregon Wildfires: Trees Dying"" - Politico, a news website that focuses on politics and government. This article provides more context on the claim made about the wildfires in Oregon, including information about the impact of the fires on wildlife, agriculture, and local communities.    4. ""Oregon's Devastated Wildfires: Trees Left to Rot"" - Al Jazeera, a news network based in Qatar that covers global news from multiple perspectives. This article reports on the devastating wildfires in Oregon, emphasizing the scale of the destruction and the millions of trees left to rot as a result.    5. ""Oregon's Wildfires: Burned and Trees Dying"" - The Washington Post, another reputable newspaper that covers national and international news. This article quotes the claim made about the wildfires in Oregon, along with an explanation of why so many trees have been left to rot and what steps are being taken to address the crisis. 

 ##output:<|eot_id|><|start_header_id|>assistant<|end_header_id|>

","<|begin_of_text|><|start_header_id|>system<|end_header_id|>

Cutting Knowledge Date: December 2023
Today Date: 26 Jul 2024

You are a multilingual fact-checking expert. Classify the claim into: SUPPORTED, REFUTED, NEI.

Output format:
Claim Veracity: [label]<|eot_id|><|start_header_id|>user<|end_header_id|>

##Instruction: Classify the given English claim into: SUPPORTED, REFUTED, NEI.
Provide exactly one label.

##input: Claim: ""Oregon and the federal government now have more than one million acres of burnt land and millions of trees are being left to rot.""

Evidences:
Evidence_1: In a recent website statement, Challstrom wrote, ""Oregon and the federal government now have more than one million acres of burnt land and millions of trees being left to rot."" ### Sign up for PolitiFact texts
One million acres of burnt land? Millions of trees left to rot? We took a look. We called Challstrom and asked how he arrived at his figures. He directed us to an online map managed by the Northwest Interagency Coordination Center that lets people click on areas that have burned in recent years. A box pops up displaying the name of the fire, when it started and how many acres it consumed. Although Challstrom’s claim included no time frame, he told us he arrived at his figure by adding acreage totals of fires larger than 10,000 acres. Going back as far as initial salvage efforts in the wake of the giant Southern Oregon Biscuit Fire in 2002, he came up with 2.7 million acres. Since 51 percent of Oregon’s land is owned by the federal government, he said, he applied that to the 2.7 million acre number and ended up with the 1.4 million acres he’s characterizing as ""burnt land.""

Evidence_2: ###  I would like to contribute 
stated on January 15, 2014 in a campaign website statement: 
""Oregon and the federal government now have more than one million acres of burnt land and millions of trees are being left to rot."" The timber wars of the 1980s and the lawsuits they spawned brought logging on Oregon’s public lands almost to a halt. Even now, annual timber harvests are a fraction of what they were several decades ago. The issue of how much timber should be cut has flared up again as Congress wrestles with a plan, unveiled by U.S. Sen. Ron Wyden, D-Ore., that could double harvests on more than 2 million acres of federal forests across western Oregon. Medford businessman Gordon Challstrom, a Republican gubernatorial candidate, wants harvest levels far higher than they are now. In a recent website statement, Challstrom wrote, ""Oregon and the federal government now have more than one million acres of burnt land and millions of trees being left to rot."" ### Sign up for PolitiFact texts
One million acres of burnt land? Millions of trees left to rot?

Evidence_3: ###  Stand up for the facts! Our only agenda is to publish the truth so you can be an informed participant in democracy. We need your help. ###  I would like to contribute 
stated on January 15, 2014 in a campaign website statement: 
""Oregon and the federal government now have more than one million acres of burnt land and millions of trees are being left to rot."" The timber wars of the 1980s and the lawsuits they spawned brought logging on Oregon’s public lands almost to a halt. Even now, annual timber harvests are a fraction of what they were several decades ago. The issue of how much timber should be cut has flared up again as Congress wrestles with a plan, unveiled by U.S. Sen. Ron Wyden, D-Ore., that could double harvests on more than 2 million acres of federal forests across western Oregon. Medford businessman Gordon Challstrom, a Republican gubernatorial candidate, wants harvest levels far higher than they are now.

Evidence_4: So while those blazes charred a lot of grass, they didn’t touch many trees. Challstrom’s claim did say ""more than"" one million acres. And while areas that burned a decade ago are more than likely covered with new vegetation by now, according to experts we talked to, it’s still true that more than one million acres of land burned in Oregon during the combined 2012 and 2013 fire seasons, according to U.S. Forest Service statistics. stated on September 5, 2025 in a post on X 
 “Wind and solar energy infrastructure is essentially worthless when it is dark outside, and when the wind is not blowing.” 
Verifying the second part of the claim -- the ""millions of trees left to rot"" -- is more difficult. For additional perspective, we called Paul Barnum, executive director of the Oregon Forest Resources Institute, an agency established by the Oregon Legislature in 1991 to gather and provide information about forest management. Forests west of the Cascades average 200 to 400 trees per acre, he said, while their eastside counterparts have sometimes ended up crammed with as many as 4,000. That occurred, he said, because of historic fire-suppression efforts. Some forests are so overgrown that a spark can result in a catastrophic wildlife. ""What’s true is that there never should have been that much biomass per acre in eastern Oregon,"" Barnum said. ""With that noted, it could very well be true that there are millions of trees left in those areas. But without walking every acre, there is really no way of verifying that."" John Bailey, silviculture and fire professor in Oregon State University’s College of Forestry, agreed. ""This would be nearly impossible to check,"" he wrote in an email.

Evidence_5: We took a look. We called Challstrom and asked how he arrived at his figures. He directed us to an online map managed by the Northwest Interagency Coordination Center that lets people click on areas that have burned in recent years. A box pops up displaying the name of the fire, when it started and how many acres it consumed. Although Challstrom’s claim included no time frame, he told us he arrived at his figure by adding acreage totals of fires larger than 10,000 acres. Going back as far as initial salvage efforts in the wake of the giant Southern Oregon Biscuit Fire in 2002, he came up with 2.7 million acres. Since 51 percent of Oregon’s land is owned by the federal government, he said, he applied that to the 2.7 million acre number and ended up with the 1.4 million acres he’s characterizing as ""burnt land."" (The Congressional Research Service puts federal ownership of lands in the state at 53 percent.) Here’s how Challstrom got to his final 1 million figure: ""I tried to be fair,"" he said. ""I gave them the benefit of the doubt that they’ve logged on 400,000 acres, but I really doubt it."" The assertion that ""millions of trees"" are being left to rot on that acreage, he added, ""only stands to reason."" We added up totals from the interactive map and arrived at about the same 2.7 million acre figure Challstrom did. But we had questions about the way he came up with his 1 million acre total for ""burnt land."" We called Isaiah Hirschfield, intelligence officer at the interagency coordination center, which tracks long-term fire information.

##output:<|eot_id|><|start_header_id|>assistant<|end_header_id|>

",nei,supported,
"Says there was a ""NATO base in Turkey being under attack by terrorists.","<|begin_of_text|><|start_header_id|>system<|end_header_id|>

Cutting Knowledge Date: December 2023
Today Date: 26 Jul 2024

You are a multilingual fact-checking expert. You are given a news claim along with raw evidence related to the claim. Do not consider any other evidence. Your task is to evaluate the veracity of the claim based solely on the provided raw evidence.

 Output your answer in exactly the following format:
 Claim Veracity: [label]

 Answer with one word: SUPPORTED, REFUTED, NEI<|eot_id|><|start_header_id|>user<|end_header_id|>

##Instruction: Classify the given English claim into one of the three categories (SUPPORTED, REFUTED, NEI) based on the provided evidence.

1. SUPPORTED: Fully supported by the evidence.
2. REFUTED: Clearly contradicted or unsupported by the evidence.
3. NEI: Not enough information to make a decision.

Provide exactly one label.

##input: Claim: Says there was a ""NATO base in Turkey being under attack by terrorists.""

Evidences:
Evidence_1:  1. ""The History of NATO"" - The New York Times, a well-respected newspaper that covers national and international news. This article provides a historical overview of NATO, including information about its origins, purpose, and impact on global security and cooperation, along with an explanation of how this has been studied over time.    2. ""The Political Implications of NATO Bases in Turkey"" - CNN, another reputable news source that often covers breaking news and international events. This headline summarizes the main point of the article, which focuses on the political implications of the claim that there was a NATO base in Turkey being under attack by terrorists, along with information about public opinion and the future of research into this issue.    3. ""The Regional Analysis of Global Security"" - Al Jazeera, a news network based in Qatar that covers global news from multiple perspectives. This article reports on the impact of global security on various regions around the world, emphasizing the significance of NATO bases in shaping regional development and public policy.    4. ""The Historical Fact of NATO Bases"" - The Washington Post, another reputable newspaper that covers national and international news. This article quotes the claim made about a NATO base in Turkey being under attack by terrorists, along with an explanation of why this has occurred and what it means for our understanding of history, the role of terrorism and military intervention in shaping global security and stability, and the future of research into this issue.    5. ""The Political Career of Donald Trump"" - Politico, a news website that focuses on politics and government. This article provides more context on the claim made by Trump regarding NATO bases in Turkey, including information about his views on issues related to global security, foreign policy, and his efforts to address this issue through negotiations and diplomacy. 

 ##output:<|eot_id|><|start_header_id|>assistant<|end_header_id|>

","<|begin_of_text|><|start_header_id|>system<|end_header_id|>

Cutting Knowledge Date: December 2023
Today Date: 26 Jul 2024

You are a multilingual fact-checking expert. Classify the claim into: SUPPORTED, REFUTED, NEI.

Output format:
Claim Veracity: [label]<|eot_id|><|start_header_id|>user<|end_header_id|>

##Instruction: Classify the given English claim into: SUPPORTED, REFUTED, NEI.
Provide exactly one label.

##input: Claim: Says there was a ""NATO base in Turkey being under attack by terrorists.""

Evidences:


##output:<|eot_id|><|start_header_id|>assistant<|end_header_id|>

",refuted,nei,
约翰逊放话：若普京处死英国公民将对俄宣战,"<|begin_of_text|><|start_header_id|>system<|end_header_id|>

Cutting Knowledge Date: December 2023
Today Date: 26 Jul 2024

You are a multilingual fact-checking expert. You are given a news claim along with raw evidence related to the claim. Do not consider any other evidence. Your task is to evaluate the veracity of the claim based solely on the provided raw evidence.

 Output your answer in exactly the following format:
 Claim Veracity: [label]

 Answer with one word: SUPPORTED, REFUTED, NEI<|eot_id|><|start_header_id|>user<|end_header_id|>

##Instruction: Classify the given Chinese claim into one of the three categories (SUPPORTED, REFUTED, NEI) based on the provided evidence.

1. SUPPORTED: Fully supported by the evidence.
2. REFUTED: Clearly contradicted or unsupported by the evidence.
3. NEI: Not enough information to make a decision.

Provide exactly one label.

##input: Claim: 约翰逊放话：若普京处死英国公民将对俄宣战

Evidences:
Evidence_1: [1]: ""美国之音中文网新闻 - 美国之音中文网"" [2]: ""国际新闻 - 美国之音中文网"" [3]: ""Google News""  英国首相约翰逊在接受采访时表示，如果俄罗斯总统普京处死英国公民，英国将对俄罗斯宣战。这是因为普京在2018年的一次新闻发布会上表示，如果英国想要逮捕前俄罗斯情报员斯克里帕尔，那么他们就应该“不要把他处死，而是把他交给我们，我们会处理他”。[^1^][1]  以下是五篇相关新闻的来源和内容：  1. 《BBC》：[约翰逊放话：若普京处死英国公民将对俄宣战](https://www.bbc.com/zhongwen/simp/world-61753687) 2. 《新华网》：[约翰逊：若普京处死英国公民 将对俄宣战](http://www.xinhuanet.com/world/2022-06/22/c_1128706029.htm) 3. 《环球网》：[约翰逊放话：若普京处死英国公民将对俄宣战](https://world.huanqiu.com/article/47zJL5GJv9R) 4. 《央视新闻》：[约翰逊放话：若普京处死英国公民将对俄宣战](https://news.cctv.com/2022/06/22/ARTIcZ6hK7Qfj7WJZzNlXUw9220622.shtml) 5. 《人民网》：[约翰逊放话：若普京处死英国公民将对俄宣战](https://world.people.com.cn/n1/2022/0622/c1002-32477623.html)  希望这些信息能够帮到您。请问还有什么其他问题吗？ 

 ##output:<|eot_id|><|start_header_id|>assistant<|end_header_id|>

","<|begin_of_text|><|start_header_id|>system<|end_header_id|>

Cutting Knowledge Date: December 2023
Today Date: 26 Jul 2024

You are a multilingual fact-checking expert. Classify the claim into: SUPPORTED, REFUTED, NEI.

Output format:
Claim Veracity: [label]<|eot_id|><|start_header_id|>user<|end_header_id|>

##Instruction: Classify the given Chinese claim into: SUPPORTED, REFUTED, NEI.
Provide exactly one label.

##input: Claim: 约翰逊放话：若普京处死英国公民将对俄宣战

Evidences:


##output:<|eot_id|><|start_header_id|>assistant<|end_header_id|>

",refuted,nei,
俄罗斯大使馆已从美国撤出,"<|begin_of_text|><|start_header_id|>system<|end_header_id|>

Cutting Knowledge Date: December 2023
Today Date: 26 Jul 2024

You are a multilingual fact-checking expert. You are given a news claim along with raw evidence related to the claim. Do not consider any other evidence. Your task is to evaluate the veracity of the claim based solely on the provided raw evidence.

 Output your answer in exactly the following format:
 Claim Veracity: [label]

 Answer with one word: SUPPORTED, REFUTED, NEI<|eot_id|><|start_header_id|>user<|end_header_id|>

##Instruction: Classify the given Chinese claim into one of the three categories (SUPPORTED, REFUTED, NEI) based on the provided evidence.

1. SUPPORTED: Fully supported by the evidence.
2. REFUTED: Clearly contradicted or unsupported by the evidence.
3. NEI: Not enough information to make a decision.

Provide exactly one label.

##input: Claim: 俄罗斯大使馆已从美国撤出

Evidences:
Evidence_1: [1]: ""美国之音中文网新闻 - 美国之音中文网"" [2]: ""Google News"" [3]: ""国际新闻 - 美国之音中文网""  俄罗斯大使馆已从美国撤出的新闻有很多，以下是其中五篇：  1. 《美国之音》：俄罗斯大使馆已从美国撤出[^1^][3] 2. 《新华网》：俄罗斯大使馆已从美国撤出[^2^][1] 3. 《环球网》：俄罗斯大使馆已从美国撤出[^3^][2] 4. 《澎湃新闻》：俄罗斯大使馆已从美国撤出 5. 《凤凰网》：俄罗斯大使馆已从美国撤出  这些新闻都有详细的报道和来源，您可以点击链接查看。希望能帮到您。 

 ##output:<|eot_id|><|start_header_id|>assistant<|end_header_id|>

","<|begin_of_text|><|start_header_id|>system<|end_header_id|>

Cutting Knowledge Date: December 2023
Today Date: 26 Jul 2024

You are a multilingual fact-checking expert. Classify the claim into: SUPPORTED, REFUTED, NEI.

Output format:
Claim Veracity: [label]<|eot_id|><|start_header_id|>user<|end_header_id|>

##Instruction: Classify the given Chinese claim into: SUPPORTED, REFUTED, NEI.
Provide exactly one label.

##input: Claim: 俄罗斯大使馆已从美国撤出

Evidences:


##output:<|eot_id|><|start_header_id|>assistant<|end_header_id|>

",refuted,nei,
